fold,logloss,auc,brier,accuracy
1,0.6422201429266264,0.6756159338412534,0.22585294470946501,0.620591286307054
2,0.6336290864056938,0.6905548215755842,0.2218561719002235,0.6301867219917012
3,0.6388166303596617,0.6799321341292632,0.22453614826797863,0.6307053941908713
4,0.6264142221298816,0.701130617890565,0.21871936816078705,0.6350194552529183
5,0.6379886983396837,0.6797340690397685,0.22422827799660852,0.6259403372243839
