fold,logloss,auc,brier,accuracy
1,0.6413768907942716,0.6771635029269972,0.22553416112231556,0.6195539419087137
2,0.6336626247888841,0.6909412936533803,0.22183455089331158,0.6312240663900415
3,0.635194527261004,0.6852717554052028,0.22290531477439254,0.6340767634854771
4,0.6286599481254289,0.7007623419549744,0.219510867122094,0.6399481193255512
5,0.6392584170849814,0.6789871475674585,0.22476982185461455,0.6329442282749675
