tree
version=v4
num_class=1
num_tree_per_iteration=1
label_index=0
max_feature_idx=46
objective=binary sigmoid:1
feature_names=round_num_normalized is_first_half is_second_half is_overtime ct_score t_score score_diff score_total ct_score_pct ct_won_prev ct_win_streak equipment_value_ct equipment_value_t equipment_diff kills_diff_actual_lag1 kills_diff_actual_lag2 kills_diff_actual_lag3 kills_diff_actual_roll3 kills_diff_actual_roll5 damage_diff_actual_lag1 damage_diff_actual_lag2 damage_diff_actual_lag3 damage_diff_actual_roll3 damage_diff_actual_roll5 survivors_diff_actual_lag1 survivors_diff_actual_lag2 survivors_diff_actual_lag3 survivors_diff_actual_roll3 survivors_diff_actual_roll5 headshot_pct_ct_actual_lag1 headshot_pct_ct_actual_lag2 headshot_pct_ct_actual_lag3 headshot_pct_ct_actual_roll3 headshot_pct_ct_actual_roll5 headshot_pct_t_actual_lag1 headshot_pct_t_actual_lag2 headshot_pct_t_actual_lag3 headshot_pct_t_actual_roll3 headshot_pct_t_actual_roll5 map_de_ancient map_de_anubis map_de_dust2 map_de_inferno map_de_mirage map_de_nuke map_de_overpass map_de_train
feature_infos=[0.10000000000000001:1.7666666666666666] [0:1] [0:1] [0:1] [0:183] [0:168] [-69:72] [2:351] [0:1] [0:1] [-36:56] [1000:36150] [1000:34700] [-29000:31700] [-14:17] [-14:17] [-14:17] [-14:17] [-14:17] [-1092:1572] [-1092:1572] [-1092:1572] [-1092:1572] [-1092:1572] [-12:17] [-12:17] [-12:17] [-12:17] [-12:17] [0:1] [0:1] [0:1] [0:1] [0:1] [0:1] [0:1] [0:1] [0:1] [0:1] [0:1] [0:1] [0:1] [0:1] [0:1] [0:1] [0:1] [0:1]
tree_sizes=3410 3453 3451 3449 3445 3437 3447 3453 3452 3449 3449 3453 3450 3448 3450 3459 3450 3443 3450 3464 3456 3457 3458 3436 3449 3457 3446 3450 3463 3462 3458 3463 3473 3464 3490 3471 3494 3482 3484 3447 3496 3450 3480 3473 3473 3447 3481 3441 3485 3485 3461 3457 3472 3461 3464 3449 3475 3479 3462 3480 3443 3449 3458 3433 3447 3475 3454 3464 3486 3436 3457 3471 3448 3462 3436 3433 3437 3452 3442 3444 3438 3451 3439 3476 3428 3482 3461 3449 3455 3435 3458 3437 3396 3476 3455 3457 3460 3433 3446 3454 3426 3469 3425 3459 3425 3438 3430 3442 3436 3433 3404 3414 3434 3466 3411 3411 3398 3414 3409 3427 3399 3411 3456 3362 3425 3459 3456 3438 3397 3446 3431 3449 3411 3431 3411 3431 3401 3430 3409 3424 3427 3424 3450 3462 3449 3400 3465 3412 3399 3442 3403 3426 3417 3428 3448 3418 3447 3413 3401 3460 3451 3431 3440 3389 3428 3478 3462

Tree=0
num_leaves=31
num_cat=0
split_feature=9 13 13 24 5 10 5 10 22 13 12 13 12 11 17 13 5 13 4 24 13 6 11 4 0 4 6 5 0 5
split_gain=2412.2 593.675 458.812 212.615 152.244 117.708 105.085 135.316 104.105 89.31 82.1184 68.8326 64.6547 62.5222 50.0545 39.0722 35.3587 34.3328 30.6707 30.3448 28.4502 27.2622 24.6001 24.2944 20.6061 22.3998 19.6118 18.6537 18.465 16.2458
threshold=1.0000000180025095e-35 -10524.999999999998 16725.000000000004 5.5000000000000009 18.500000000000004 -1.4999999999999998 17.500000000000004 1.5000000000000002 -81.583333333333329 -11324.999999999998 4675.0000000000009 6475.0000000000009 13725.000000000002 7425.0000000000009 1.8333333333333337 -17524.999999999996 61.500000000000007 -374.99999999999994 60.500000000000007 -5.4999999999999991 23775.000000000004 10.500000000000002 19075.000000000004 18.500000000000004 0.91666666666666685 23.500000000000004 -18.499999999999996 61.500000000000007 0.28333333333333338 16.500000000000004
decision_type=2 2 2 2 2 2 2 2 2 2 2 2 2 2 2 2 2 2 2 2 2 2 2 2 2 2 2 2 2 2
left_child=1 13 3 6 17 8 11 24 -6 -9 -4 15 27 -1 18 -2 28 22 26 -19 21 -21 -3 -12 -8 -26 -11 -10 -14 -15
right_child=2 4 10 -5 5 -7 7 9 12 14 23 -13 16 29 -16 -17 -18 19 -20 20 -22 -23 -24 -25 25 -27 -28 -29 -30 -31
leaf_value=-0.064191778132691085 -0.068535127647354616 -0.0085713332431602285 0.11854291679291451 0.1036494817878986 -0.031942754728290314 -0.06734008059860816 0.12378501145294732 -0.031999441965982846 0.0941502123477099 0.081186423116353115 0.075479838799889565 0.051302262514372407 -0.031646451616087992 -0.029029844579664024 0.07616645205215547 0.030329853326796965 -0.046215705512884238 -0.057562381321763133 0.080624811877160377 0.022736513957389889 0.12287845216371149 -0.017460931464285422 0.011917745452696511 0.11108199260968069 0.0046852718137298903 0.12309271187995188 0.0085112100085992341 0.010674322828532874 0.027947533094626945 -0.058669730616113754
leaf_weight=320.94428443908691 9.9982643127441388 219.96181488037109 263.45426464080811 159.47231578826904 181.46849727630615 99.982643127441406 90.734248638153076 30.494706153869629 32.744315624237061 10.498177528381346 290.69953489303589 566.90158653259277 15.247353076934813 302.69745206832886 157.72261953353882 938.08714914321899 26.495400428771973 12.24787378311157 24.995660781860352 792.61240339279175 6.748828411102294 44.492276191711426 443.67297887802124 58.239889621734619 8.2485680580139142 7.4986982345581046 73.737199306488037 8.2485680580139142 83.985420227050781 55.990280151367188
leaf_count=1284 40 880 1054 638 726 400 363 122 131 42 1163 2268 61 1211 631 3753 106 49 100 3171 27 178 1775 233 33 30 295 33 336 224
internal_value=0.0260588 -0.00782525 0.0593965 0.0481838 0.0060944 -0.0195163 0.0435679 0.06623 -0.00574635 0.0488776 0.0974332 0.0375201 0.0228151 -0.048114 0.0581534 0.0292721 0.005006 0.0136528 0.0320763 0.0202789 0.0214244 0.0205891 0.00511487 0.0814589 0.114589 0.0610089 0.0176822 0.0772343 0.0187919 -0.0336929
internal_weight=5338.32 2647.54 2690.78 2078.39 1967.91 448.172 1918.92 403.93 348.19 297.448 612.394 1514.99 166.721 679.632 266.954 948.085 125.728 1519.74 109.231 856.101 843.854 837.105 663.635 348.939 106.482 15.7473 84.2354 40.9929 99.2328 358.688
internal_count=21357 10592 10765 8315 7873 1793 7677 1616 1393 1190 2450 6061 667 2719 1068 3793 503 6080 437 3425 3376 3349 2655 1396 426 63 337 164 397 1435
is_linear=0
shrinkage=1


Tree=1
num_leaves=31
num_cat=0
split_feature=9 13 13 24 7 7 13 13 12 11 13 13 12 13 25 12 7 0 7 24 14 6 14 13 14 7 13 20 21 11
split_gain=2178.59 536.296 415.876 192.649 147.624 104.945 92.805 81.0696 74.8209 56.6384 54.4645 31.5527 30.9537 30.6533 28.5843 25.7601 25.4725 23.0858 63.5862 28.4916 22.3472 21.5916 19.3672 16.7536 16.5852 16.5179 16.4822 23.4784 16.2388 16.2673
threshold=1.0000000180025095e-35 -10524.999999999998 16725.000000000004 5.5000000000000009 42.500000000000007 30.500000000000004 -11324.999999999998 15375.000000000002 4675.0000000000009 7425.0000000000009 6475.0000000000009 -16874.999999999996 10575.000000000002 -5924.9999999999991 5.5000000000000009 4025.0000000000005 22.500000000000004 0.35000000000000003 12.500000000000002 -1.4999999999999998 3.5000000000000004 -8.4999999999999982 -2.4999999999999996 6175.0000000000009 3.5000000000000004 66.500000000000014 1575.0000000000002 -284.49999999999994 -273.49999999999994 27575.000000000004
decision_type=2 2 2 2 2 2 2 2 2 2 2 2 2 2 2 2 2 2 2 2 2 2 2 2 2 2 2 2 2 2
left_child=1 9 3 5 13 10 20 22 -4 -1 11 -2 -9 -3 15 -15 -10 18 -17 -20 -7 -13 -6 -21 26 -24 27 -8 -29 -30
right_child=2 4 8 -5 7 6 24 12 16 -11 -12 21 -14 14 -16 17 -18 -19 19 23 -22 -23 25 -25 -26 -27 -28 28 29 -31
leaf_value=-0.086090076744809341 -0.082296790900371175 -0.029653214787250776 0.087883867334366039 0.073625430252061932 -0.067434859809867825 -0.056029631680301874 0.094039951486329598 0.060189748876479279 0.045627831148101601 -0.057050995369263016 0.022375649628280557 0.045350349086414443 -0.048425293134492169 0.067888629690012678 -0.097861372612524311 -0.0076255211792423568 0.079686307910981233 -0.0030545561812712133 -0.069072650213603759 -0.041297657007699357 0.052428686866512433 0.0020790835011420695 -0.026445107434905107 0.0058450653633447102 0.059930895009950941 -0.054363956469675082 0.047987092787059704 -0.064238150510302905 0.028734323112374862 -0.030245341967919278
leaf_weight=320.66955238580704 10.739941626787184 218.99389266967773 262.57646614313126 159.07237780094147 142.44570052623749 30.483274459838867 10.719683974981306 23.213373899459839 279.10104615986347 358.63806590437889 549.88546679913998 29.723954930901527 8.9935114532709104 10.729280605912207 8.9965934157371503 496.45054192841053 69.305913209915161 680.42377431690693 66.984837919473648 54.489100426435471 5.4941426217555991 881.54645475745201 86.937850534915924 28.486050575971603 121.81904008984566 140.67765814065933 166.96605117619038 5.7485803216695777 91.616460055112839 13.235850319266317
leaf_count=1284 43 876 1054 638 570 122 43 93 1118 1435 2201 119 36 43 36 1986 278 2722 268 218 22 3527 348 114 488 563 669 23 367 53
internal_value=-0.000276069 -0.0324732 0.0314293 0.0207574 -0.019245 0.0163664 0.037613 -0.0462627 0.0676914 -0.070777 0.00992172 0.00248718 0.0296491 -0.0122971 -0.00946877 -0.00886322 0.0524381 -0.00949271 -0.0162604 -0.044789 -0.0392289 0.00350082 -0.0528891 -0.0250654 0.0443743 -0.0437386 0.0377648 0.0236273 0.0166788 0.0212198
internal_weight=5335.16 2647.13 2688.03 2077.05 1967.82 1917.98 446.083 402.268 610.983 679.308 1471.9 922.01 32.2069 1565.55 1346.56 1337.56 348.407 1326.83 646.411 149.96 35.9774 911.27 370.061 82.9752 410.106 227.616 288.287 121.321 110.601 104.852
internal_count=21357 10592 10765 8315 7873 7677 1787 1610 2450 2719 5890 3689 129 6263 5387 5351 1396 5308 2586 600 144 3646 1481 332 1643 911 1155 486 443 420
is_linear=0
shrinkage=0.05


Tree=2
num_leaves=31
num_cat=0
split_feature=9 13 13 24 7 7 13 13 12 11 13 13 19 13 7 24 24 24 11 4 23 12 13 13 0 13 20 19 8 30
split_gain=1969.62 486.921 378.775 175.321 133.779 95.1124 84.142 82.089 69.0058 52.2008 49.2084 34.3066 29.2982 28.6091 23.3674 22.9063 20.8814 20.8799 20.7457 20.6972 19.5362 17.7502 17.0964 17.0667 16.3807 19.9905 17.9102 17.1772 16.3036 16.2509
threshold=1.0000000180025095e-35 -10524.999999999998 16725.000000000004 5.5000000000000009 28.500000000000004 30.500000000000004 -12574.999999999998 15375.000000000002 4675.0000000000009 7675.0000000000009 6475.0000000000009 -374.99999999999994 -97.499999999999986 -16874.999999999996 22.500000000000004 -5.4999999999999991 -3.4999999999999996 3.5000000000000004 14925.000000000002 51.500000000000007 -211.77499999999998 10575.000000000002 21575.000000000004 1575.0000000000002 1.1166666666666669 1575.0000000000002 -284.49999999999994 179.50000000000003 0.35037313432835826 0.70714285714285718
decision_type=2 2 2 2 2 2 2 2 2 2 2 2 2 2 2 2 2 2 2 2 2 2 2 2 2 2 2 2 2 2
left_child=1 9 3 5 11 10 17 16 -4 -1 13 18 -9 -2 -10 -13 -6 -7 -3 23 -15 -14 -17 -18 25 26 -8 28 -28 -12
right_child=2 4 8 -5 7 6 24 12 14 -11 29 15 21 20 -16 22 19 -19 -20 -21 -22 -23 -24 -25 -26 -27 27 -29 -30 -31
leaf_value=-0.081498225230844934 -0.078523564858488062 -0.036789285061699012 0.084102270149700953 0.070316921585970887 -0.064612075424258217 -0.060171950128225953 0.090299712536279234 -0.049575915178664255 0.043446909631865677 -0.053617481623836255 0.016824900923318113 -0.082391132499288505 0.06298097327015624 0.062864497948879952 0.07615463963145018 -0.0031978211198429953 -0.04736333432996339 0.047855865540234965 -0.014426870828420256 -0.062061344509317919 0.0024201641158939197 -0.027740636433081285 0.072337956118211796 -0.022473818606934606 0.0067909855382148263 0.054559681415288386 0.057026600600907119 0.043438003315526247 -0.0018283489399921083 0.038031915999459827
leaf_weight=335.66125516593456 10.698939591646193 129.96213838458061 260.71275025606155 158.25340238213539 115.22108556330204 26.698276489973072 11.889288216829298 10.236603453755377 278.47579745948315 341.53593119978905 434.65663382411003 8.9729053080081922 28.631302773952484 13.479850262403486 68.908074617385864 772.14578212797642 124.80350066721439 5.239070162177085 522.95284171402454 83.071747079491615 897.71605609357357 6.4914825409650794 7.4600552171468726 157.07341723144054 31.156109854578972 220.0647347420454 14.456041455268858 74.976156190037727 60.634417429566383 114.84407305717468
leaf_count=1350 43 520 1054 638 462 107 48 41 1118 1369 1741 36 115 54 278 3089 500 21 2092 333 3592 26 30 629 125 884 58 301 243 460
internal_value=-0.000262049 -0.0308868 0.0299197 0.0197435 -0.0182921 0.0155614 0.0358147 -0.0398889 0.064623 -0.0674543 0.00942909 -0.0104128 0.0242904 0.0023629 0.0499693 -0.0033856 -0.0459659 -0.0422007 -0.0188907 -0.0400491 0.00332664 0.0460405 -0.00245942 -0.0335245 0.0418659 0.0447109 0.0312721 0.0265052 0.00949639 0.0212723
internal_weight=5327.08 2644.22 2682.86 2074.76 1967.02 1916.51 445.114 525.529 608.097 677.197 1471.4 1441.49 45.3594 921.895 347.384 788.579 480.17 31.9373 652.915 364.949 911.196 35.1228 779.606 281.877 413.177 382.021 161.956 150.067 75.0905 549.501
internal_count=21357 10592 10765 8315 7873 7677 1787 2106 2450 2719 5890 5767 182 3689 1396 3155 1924 128 2612 1462 3646 141 3119 1129 1659 1534 650 602 301 2201
is_linear=0
shrinkage=0.05


Tree=3
num_leaves=31
num_cat=0
split_feature=9 12 24 7 4 10 12 17 10 0 12 22 12 0 7 0 10 20 0 12 20 19 6 7 10 20 4 7 10 22
split_gain=1782.39 293.281 178.023 88.321 84.6921 79.1309 71.9293 65.7871 60.1718 48.6793 47.0984 45.499 34.6054 35.1169 33.4647 49.6018 63.3938 79.6774 39.0894 32.1471 32.0657 28.1608 25.4985 24.9215 23.6894 23.2529 22.5701 22.2007 22.9829 37.0862
threshold=1.0000000180025095e-35 3775.0000000000005 5.5000000000000009 52.500000000000007 30.500000000000004 -1.4999999999999998 13075.000000000002 -1.8333333333333333 1.5000000000000002 0.11666666666666668 10775.000000000002 82.166666666666671 4175.0000000000009 0.81666666666666676 12.500000000000002 0.51666666666666672 -1.4999999999999998 -93.499999999999986 0.45000000000000007 5175.0000000000009 300.50000000000006 -42.499999999999993 -8.4999999999999982 144.50000000000003 1.5000000000000002 170.50000000000003 61.500000000000007 10.500000000000002 -2.4999999999999996 65.500000000000014
decision_type=2 2 2 2 2 2 2 2 2 2 2 2 2 2 2 2 2 2 2 2 2 2 2 2 2 2 2 2 2 2
left_child=3 -2 4 9 6 7 19 -5 -6 -1 -9 26 -11 14 20 16 17 -16 -18 -3 27 -19 24 -12 -8 -24 -10 28 -14 -30
right_child=1 2 -4 5 8 -7 22 10 11 12 23 -13 13 -15 15 -17 18 21 -20 -21 -22 -23 25 -25 -26 -27 -28 -29 29 -31
leaf_value=-0.053678040417115151 0.081991615344460589 0.012088338328779921 0.069653603443530818 -0.062127276921529695 0.090025992752967701 -0.092150868680033027 0.060092733341238304 0.050055243292660756 -0.034781771730533255 0.054050790120571506 -0.016462845174254708 0.045672127130936539 -0.016634998873118031 0.0083764871780135971 -0.049623024233811465 -0.021207590792410008 -0.094659496286015679 -0.031909222950105183 -0.043187880831782606 0.039850912027080375 0.0073221153750051603 0.018346060377334474 0.0025437933732752158 -0.070046380228421634 0.011667058828038344 0.015741037410001959 0.033787091707491654 -0.0054589518408949683 -0.044401826130534908 -0.0078212936198295991
leaf_weight=143.8373142182827 233.89601030945778 146.80007836222649 191.53163754940033 154.68902692198753 59.254867300391197 90.576725408434868 47.408903688192368 22.822133362293243 31.138690188527107 14.128455847501753 106.9246177226305 167.1601165086031 349.13681274652481 79.717094212770462 214.45064473152161 534.67395478487015 78.907984212040901 42.609309062361717 70.697040185332298 365.7841123342514 104.7203468978405 80.129744037985802 764.70049671828747 27.3098384141922 54.713974431157112 593.76284749805927 19.344434306025505 166.6239248663187 262.46136693656445 94.672031357884407
leaf_count=579 955 590 778 623 240 365 191 92 125 57 429 674 1399 319 862 2144 317 171 284 1472 419 321 3063 110 220 2379 78 667 1055 379
internal_value=-0.000248642 0.0285081 0.0233794 -0.029404 0.0194353 -0.0509839 0.0157959 -0.0389813 0.0453362 -0.0255181 -0.0161273 0.0331104 -0.0235779 -0.0241105 -0.0254088 -0.0317456 -0.043303 -0.0312419 -0.0704147 0.0319136 -0.0187802 0.000847278 0.0101343 -0.0274456 0.0342336 0.00831651 -0.00839343 -0.0219178 -0.0257924 -0.0347236
internal_weight=5314.58 2675.5 2441.6 2639.09 2250.07 402.322 1973.17 311.746 276.898 2236.77 157.057 217.643 2092.93 2078.8 1999.08 1021.47 486.795 337.19 149.605 512.584 977.614 122.739 1460.59 134.234 102.123 1358.46 50.4831 872.894 706.27 357.133
internal_count=21357 10765 9810 10592 9032 1619 7915 1254 1117 8973 631 877 8394 8337 8018 4099 1955 1354 601 2062 3919 492 5853 539 411 5442 203 3500 2833 1434
is_linear=0
shrinkage=0.05


Tree=4
num_leaves=31
num_cat=0
split_feature=9 12 14 7 4 10 12 17 10 12 12 22 3 20 12 25 7 6 12 10 15 23 10 2 7 20 10 5 4 12
split_gain=1613.48 271.062 155.831 80.8692 76.2339 72.8582 66.7702 60.128 56.0549 43.2464 41.3212 40.8753 35.7849 33.3516 28.7011 25.6823 23.0911 23.062 23.0383 30.103 30.8848 24.4013 22.1237 21.0713 24.6543 20.8698 22.1434 20.7729 20.3954 18.8599
threshold=1.0000000180025095e-35 3775.0000000000005 5.5000000000000009 52.500000000000007 30.500000000000004 -1.4999999999999998 13075.000000000002 -1.4166666666666663 1.5000000000000002 4175.0000000000009 10775.000000000002 82.166666666666671 1.0000000180025095e-35 183.50000000000003 5175.0000000000009 5.5000000000000009 144.50000000000003 -8.4999999999999982 8025.0000000000009 -2.4999999999999996 -4.4999999999999991 156.55000000000004 1.5000000000000002 1.0000000180025095e-35 13.500000000000002 170.50000000000003 1.5000000000000002 61.500000000000007 61.500000000000007 18975.000000000004
decision_type=2 2 2 2 2 2 2 2 2 2 2 2 2 2 2 2 2 2 2 2 2 2 2 2 2 2 2 2 2 2
left_child=3 -2 4 9 6 7 14 -5 -6 -1 27 28 13 18 23 -15 -12 22 -11 20 -20 -21 -8 -3 -25 -19 -27 -9 -10 -22
right_child=1 2 -4 5 8 -7 17 10 11 12 16 -13 -14 15 -16 -17 -18 25 19 21 29 -23 -24 24 -26 26 -28 -29 -30 -31
leaf_value=0.057142201551740185 0.078959163439198801 0.054499428336633841 0.065617375008879694 -0.058161960893873571 0.086568819514171752 -0.088431715426581209 0.057563779477410031 0.07944826348576367 -0.033033340379512895 -0.0051474225655454373 -0.014071994188741816 0.043221944302293314 0.0079579133602154812 -0.012554273278221995 0.038191043517868034 -0.086081092643061699 -0.066618090684756145 0.002450901255155302 -0.049652051136415735 -0.040572927035162104 -0.078588455324820089 -0.00450240567114583 0.010704241832800237 -0.0099266645438846109 0.041138495365526467 0.086964452787120478 0.013656464913231362 -0.023350942867593049 0.032193902572859132 -0.019341749742882362
leaf_weight=16.061218604445457 230.81560803949833 24.134844571352005 191.01777575910091 162.71436913311481 58.562756061553955 89.692425936460495 47.393907696008682 15.765062287449839 31.152348324656487 92.542163982987404 98.383762761950493 168.85509791970253 79.719755679368973 466.12248189747334 364.0516559779644 12.118969872593878 26.627898275852203 764.39540931582451 104.45255166292191 698.83022682368755 13.668479040265082 50.623618483543396 54.431430965662003 90.179543197154999 31.896441549062729 10.420300081372259 580.50557623803616 6.9701242893934241 19.292904421687126 699.20260012149811
leaf_count=65 955 98 783 659 240 365 192 64 125 371 395 684 319 1869 1470 49 108 3062 421 2816 55 203 219 361 129 42 2327 28 78 2805
internal_value=-0.000235699 0.0271745 0.0222633 -0.0279976 0.0185699 -0.0487095 0.0151021 -0.0371929 0.0430917 -0.0242823 -0.014042 0.0314244 -0.0248769 -0.0261042 0.0306708 -0.0144456 -0.0253488 0.00964508 -0.0294603 -0.0308927 -0.0242335 -0.0381441 0.0325988 0.0118986 0.00339765 0.0079146 0.0149721 0.047749 -0.00797377 -0.0204956
internal_weight=5300.6 2667.11 2436.29 2633.5 2245.27 400.154 1967.41 310.461 277.863 2233.34 147.747 219.3 2217.28 2137.56 510.262 478.241 125.012 1457.15 1659.32 1566.78 817.324 749.454 101.825 146.211 122.076 1355.32 590.926 22.7352 50.4453 712.871
internal_count=21357 10765 9810 10592 9027 1619 7900 1254 1127 8973 595 887 8908 8589 2058 1918 503 5842 6671 6300 3281 3019 411 588 490 5431 2369 92 203 2860
is_linear=0
shrinkage=0.05


Tree=5
num_leaves=31
num_cat=0
split_feature=9 13 13 7 7 10 10 19 12 19 13 11 25 11 13 4 20 13 0 7 10 24 20 5 12 0 6 0 13 13
split_gain=1447.17 451.52 318.198 149.262 91.5862 121.877 86.7151 100.336 86.3599 66.3847 60.5493 56.7639 49.6041 43.3564 38.6642 30.5814 26.2938 26.2844 27.1697 43.1374 44.1937 47.6956 22.7852 24.0569 16.9498 16.7616 16.4805 18.85 16.3588 16.1781
threshold=1.0000000180025095e-35 -10924.999999999998 11925.000000000002 36.500000000000007 38.500000000000007 -1.4999999999999998 1.5000000000000002 206.50000000000003 8025.0000000000009 -93.499999999999986 8575.0000000000018 15975.000000000002 5.5000000000000009 10425.000000000002 -16174.999999999998 28.500000000000004 206.50000000000003 -5924.9999999999991 0.31666666666666671 12.500000000000002 -1.4999999999999998 -1.4999999999999998 -93.499999999999986 70.500000000000014 18525.000000000004 0.31666666666666671 -6.4999999999999991 0.55000000000000016 3775.0000000000005 6175.0000000000009
decision_type=2 2 2 2 2 2 2 2 2 2 2 2 2 2 2 2 2 2 2 2 2 2 2 2 2 2 2 2 2 2
left_child=1 13 3 12 17 9 -5 11 -4 -6 22 24 14 -1 -2 -10 25 -3 19 -19 21 -21 -11 -24 -8 -13 27 -16 -28 -23
right_child=2 4 8 6 5 -7 7 -9 15 10 -12 16 -14 -15 26 -17 -18 18 -20 20 -22 29 23 -25 -26 -27 28 -29 -30 -31
leaf_value=-0.070683051092579524 -0.082603225633904598 -0.024979676459832571 0.068270470100871894 0.079949087167669478 -0.041678493461670768 -0.084146631756101847 -0.011060349785788874 0.04820015986031579 0.029809629306535412 -0.085440631256458843 0.054108772719967682 0.063316536703108689 0.059646024193637306 -0.041638768694046285 0.047087763442661711 0.070425856488748648 0.084297189075121529 -0.0070207271059226492 -0.00018168371028517454 -0.056531484441111494 -0.090964629136008446 -0.012452758485039385 0.0042546794827947685 -0.055755056248424861 -0.081588808252516895 -0.0030667211716785409 -0.003267414068986195 0 0.0083728799762897033 0.044320057957313939
leaf_weight=479.10576994717121 12.627737954258917 227.0035785138607 400.27349482476711 99.516793638467789 175.4560079574585 98.745828449726105 13.187836945056914 222.57854954898357 344.42682272195816 10.633052334189413 42.417927712202072 10.648833855986593 41.370198279619217 177.73792558908463 47.600539699196815 53.834604263305664 11.587198272347448 438.17225122451782 737.26603902876377 53.507542431354523 31.65364283323288 30.439552173018456 77.477045699954033 21.146925702691078 25.100218161940575 81.596230208873749 520.72901505231857 38.056979089975357 716.32808275520802 21.114527150988579
leaf_count=1956 51 912 1662 410 712 405 53 911 1393 43 172 43 171 719 192 222 47 1754 2951 216 128 122 311 86 101 329 2085 153 2872 85
internal_value=-0.000639885 -0.0269511 0.0254941 0.0140552 -0.0149498 -0.0354725 0.0385721 0.0272489 0.0518538 -0.0207435 0.00345245 -0.0055392 0.00578254 -0.062839 0.00410571 0.0353287 0.0136169 -0.00926614 -0.00654218 -0.0146891 -0.0392065 -0.0234932 -0.0162001 -0.00860539 -0.0575185 0.00460273 0.00494347 0.0261492 0.00346908 0.0107431
internal_weight=5261.34 2621.88 2639.46 1840.93 1965.03 425.877 464.216 364.699 798.535 327.131 151.675 142.12 1376.71 656.844 1335.34 398.261 103.832 1539.16 1312.15 574.888 136.715 105.062 109.257 98.624 38.2881 92.2451 1322.71 85.6575 1237.06 51.5541
internal_count=21267 10572 10695 7418 7897 1729 1894 1484 3277 1324 612 573 5524 2675 5353 1615 419 6168 5256 2305 551 423 440 397 154 372 5302 345 4957 207
is_linear=0
shrinkage=0.05


Tree=6
num_leaves=31
num_cat=0
split_feature=9 13 13 7 7 10 10 19 22 11 24 13 11 13 13 13 20 11 13 28 11 5 4 25 7 11 18 13 15 11
split_gain=1312.23 414.201 292.038 136.34 81.7276 114.074 80.4043 91.4472 66.6649 51.4426 45.6401 43.0264 38.7587 35.8739 35.2136 28.9514 24.093 23.5522 22.5658 21.1984 20.9878 20.6117 17.3661 16.0305 15.8633 15.2406 14.6557 14.6757 13.8525 14.5811
threshold=1.0000000180025095e-35 -11324.999999999998 11925.000000000002 36.500000000000007 38.500000000000007 -1.4999999999999998 1.5000000000000002 206.50000000000003 -81.583333333333329 15975.000000000002 5.5000000000000009 8275.0000000000018 7675.0000000000009 18325.000000000004 -16174.999999999998 -7624.9999999999991 206.50000000000003 23675.000000000004 20775.000000000004 4.9000000000000012 29875.000000000004 70.500000000000014 28.500000000000004 5.5000000000000009 24.500000000000004 30675.000000000004 -2.8999999999999995 6475.0000000000009 -2.4999999999999996 26025.000000000004
decision_type=2 2 2 2 2 2 2 2 2 2 2 2 2 2 2 2 2 2 2 2 2 2 2 2 2 2 2 2 2 2
left_child=1 12 3 10 15 8 -5 9 -6 -8 14 21 -1 17 -2 -3 -11 -4 23 26 -15 -10 -19 25 -14 -17 -16 28 -28 -30
right_child=2 4 13 6 5 -7 7 -9 11 16 -12 -13 24 20 19 18 -18 22 -20 -21 -22 -23 -24 -25 -26 -27 27 -29 29 -31
leaf_value=-0.072830114893593201 -0.079256057170249194 -0.028383603016001513 0.065906309834284971 0.07709989882965157 -0.042095176036036207 -0.081166586221568027 -0.054846046919762796 0.046139271245598537 -0.0028544732674718829 0.004376548752237217 0.05693166851839454 0.044678483872449409 -0.042717077754724858 0.065570588254685799 0.062319314583871181 -0.0081624054762754663 0.081052073214530368 0.023639843635370427 0.054578449417019184 0.068837956825483423 0.044052182868335336 -0.056721459377788344 0.064010850519067963 -0.083595977074142222 -0.073719364707815205 0.016759152159708777 -0.012851165030382181 0.011710326461038987 -0.0077794181632780263 0.0075727473390957509
leaf_weight=330.10916562378407 12.510094687342642 173.4461335837841 52.95291742682457 98.074532955884933 164.93629120290279 98.037512689828873 38.163057744503021 220.94058841466904 96.861686900258064 92.196307301521301 41.73436351120472 44.749805197119713 251.65387398004532 320.78389123082161 10.612877696752546 1294.3482467383146 11.455816090106962 206.94013886153698 14.743721336126326 12.659734785556791 179.83313402533531 21.714840814471245 30.77283687889576 6.7754189223051062 50.308230847120285 64.183465406298637 168.32979597151279 387.58560699224472 219.23038782179356 523.05071453750134
leaf_count=1369 51 699 220 410 674 408 154 911 389 372 175 182 1023 1348 43 5187 47 837 60 51 744 89 128 28 207 257 674 1557 878 2095
internal_value=-0.000610395 -0.0257091 0.024334 0.013388 -0.0144538 -0.0338486 0.0369251 0.0260314 -0.0196812 -0.00527086 0.00549789 0.00293513 -0.0609478 0.0497283 0.00388086 -0.00912653 0.012969 0.0356889 -0.00670078 0.00467762 0.057861 -0.0128007 0.0289118 -0.00737013 -0.0479214 -0.00698017 0.00404799 0.003563 8.88386e-05 0.00303136
internal_weight=5239.7 2611.87 2627.83 1836.54 1979.8 426.3 460.83 362.756 328.263 141.815 1375.71 163.326 632.071 791.283 1333.98 1553.5 103.652 290.666 1380.05 1321.47 500.617 118.577 237.713 1365.31 301.962 1358.53 1308.81 1298.2 910.611 742.281
internal_count=21267 10572 10695 7418 7973 1742 1894 1484 1334 573 5524 660 2599 3277 5349 6231 419 1185 5532 5298 2092 478 965 5472 1230 5444 5247 5204 3647 2973
is_linear=0
shrinkage=0.05


Tree=7
num_leaves=31
num_cat=0
split_feature=9 13 13 4 12 4 10 10 14 17 11 24 11 13 13 13 19 4 6 0 4 13 10 19 0 23 28 13 0 0
split_gain=1190.48 381.382 268.392 123.205 80.5366 67.9249 96.619 62.421 76.4557 57.3516 56.6937 43.8955 39.8372 37.5211 34.7137 28.0118 27.5554 26.5289 22.8862 21.6517 35.6264 20.4607 16.9795 24.9486 16.7715 14.9774 14.5392 13.7541 13.4093 13.1422
threshold=1.0000000180025095e-35 -10924.999999999998 11925.000000000002 20.500000000000004 6525.0000000000009 19.500000000000004 -1.4999999999999998 1.5000000000000002 3.5000000000000004 -1.8333333333333333 14425.000000000002 5.5000000000000009 7425.0000000000009 -15874.999999999998 8575.0000000000018 21175.000000000004 -93.499999999999986 28.500000000000004 -8.4999999999999982 0.28333333333333338 5.5000000000000009 -224.99999999999997 -1.4999999999999998 -140.49999999999997 1.0833333333333337 231.55000000000004 4.4500000000000011 -8824.9999999999982 0.41666666666666674 0.65000000000000002
decision_type=2 2 2 2 2 2 2 2 2 2 2 2 2 2 2 2 2 2 2 2 2 2 2 2 2 2 2 2 2 2
left_child=1 12 3 11 -4 15 9 24 10 -7 27 13 -1 -2 -11 19 -16 29 28 20 -3 -21 23 -22 -5 -12 -20 -9 -15 -6
right_child=2 5 4 7 17 6 -8 8 -10 14 25 -13 -14 18 16 -17 -18 -19 26 21 22 -23 -24 -25 -26 -27 -28 -29 -30 -31
leaf_value=-0.070875029623637967 -0.071113369829868739 -0.010868837467393802 0.067596248159424985 0.080621392403284017 0.033849492176242689 -0.042121947786414635 -0.074399872866242098 -0.074163701201612448 0.05081382597591505 -0.011969310137797203 0.0079622168269964221 0.055620595072421453 -0.045868881139526363 0.051274724981492353 -0.058025846405118556 0.062237747398030056 0.054741408290415829 0.065419218868296436 0.0027294903425681355 -0.012121810479978403 -0.057661221136299512 0.0022204340041239632 -0.072593945738957541 -0.0010121445413178074 0.0069909159184086966 0.044820745217788414 0.046902452307191617 -0.011005421263429606 0.0066224101548496622 0.0085091806311762171
leaf_weight=309.82546843588352 16.315385073423386 427.14049200713634 309.3366954177618 80.311017259955406 351.92276373505592 136.60135570168495 99.858455792069435 23.622753977775574 165.12124805152416 130.10498353838921 99.790436893701553 42.398149937391281 333.79932507872581 40.750235542654991 6.1725668758153907 13.660362511873243 38.644351497292519 61.592448964715004 1254.4489431381226 500.26725582778454 39.392815500497818 493.34592272341251 33.335336029529572 38.636739611625671 8.7451504319906217 38.266564652323723 18.827329441905022 13.920496627688406 29.109104052186012 60.605872645974159
leaf_count=1305 67 1713 1330 342 1439 562 421 96 690 526 404 180 1370 167 25 56 158 261 5029 2009 160 1976 136 155 36 157 76 56 118 247
internal_value=-0.000581994 -0.0245353 0.0232385 0.0127573 0.047731 -0.0135506 -0.031609 0.0361766 0.0263975 -0.017857 0.00339384 0.00557185 -0.0579231 0.00400329 0.00107693 -0.00873969 0.0390042 0.034748 0.0049247 -0.00937981 -0.0174566 -0.0049961 -0.0426467 -0.0297123 0.073463 0.0182399 0.00339021 -0.0509698 0.0327765 0.0301417
internal_weight=5215.87 2600.79 2615.08 1831.63 783.458 1957.16 411.382 429.778 340.722 311.523 175.6 1401.85 643.625 1359.45 174.922 1545.78 44.8169 474.121 1343.14 1532.12 538.505 993.613 111.365 78.0296 89.0562 138.057 1273.28 37.5433 69.8593 412.529
internal_count=21267 10572 10695 7418 3277 7897 1692 1781 1403 1271 713 5637 2675 5457 709 6205 183 1947 5390 6149 2164 3985 451 315 378 561 5105 152 285 1686
is_linear=0
shrinkage=0.05


Tree=8
num_leaves=31
num_cat=0
split_feature=10 11 12 24 12 4 12 4 10 12 11 10 11 11 11 27 6 12 0 4 0 4 10 24 31 28 15 11 22 4
split_gain=1080.58 285.387 214.746 123.994 87.9627 71.1457 60.2279 75.7481 55.5995 49.986 44.4716 44.4458 43.3701 40.9181 39.83 30.8328 29.5976 27.4725 20.8914 22.2942 18.0865 26.9107 25.163 23.3756 18.0774 15.5384 14.2791 14.2398 14.19 13.8687
threshold=1.0000000180025095e-35 13525.000000000002 3775.0000000000005 5.5000000000000009 5575.0000000000009 30.500000000000004 8025.0000000000009 17.500000000000004 -1.4999999999999998 19675.000000000004 11375.000000000002 1.5000000000000002 19075.000000000004 21925.000000000004 7675.0000000000009 0.83333333333333337 -10.499999999999998 9975.0000000000018 0.88333333333333341 24.500000000000004 0.31666666666666671 6.5000000000000009 -1.4999999999999998 -1.4999999999999998 1.0000000180025095e-35 4.5500000000000007 -4.4999999999999991 26125.000000000004 209.50000000000003 9.5000000000000018
decision_type=2 2 2 2 2 2 2 2 2 2 2 2 2 2 2 2 2 2 2 2 2 2 2 2 2 2 2 2 2 2
left_child=1 4 -2 5 29 9 -3 20 15 12 -11 -7 -4 -13 -6 26 -12 -14 -10 -20 21 -8 23 -23 -18 -26 -9 -17 -15 -1
right_child=2 6 3 -5 14 11 7 8 18 10 16 13 17 28 -16 27 24 -19 19 -21 -22 22 -24 -25 25 -27 -28 -29 -30 -31
leaf_value=0.0039263596907931171 0.069804247005523776 0.052237521084370298 -0.0056941443861212721 0.057876312794351382 -0.067755416547732442 0.076832163741500648 -0.010010707885755851 -0.056469924208703295 -0.07790976734852828 -0.058261461990083932 0.043055155448152041 -0.019686794919912824 0.039993914039370748 0.022564490253474054 -0.043591404473676362 -0.028739549542459022 -0.0063858195094317685 0.018381036925380463 0.0310194085193089 -0.077071216620228436 -0.0028537196092013606 -0.052843433485592728 -0.080556064291213203 0.0067802979924041461 0.0072410770844436078 0.052472590997062564 -0.024874034795088922 0.019992822573063892 0.051291685436031575 -0.032812568199045163
leaf_weight=79.18551416695118 217.13809086382389 35.371056228876114 123.19356597959995 179.0614807009697 321.80711603164673 59.384082496166229 519.44479244947433 46.165571570396423 76.681341096758842 27.152481868863106 52.351342365145683 37.188959583640099 240.54996268451214 81.669665142893791 369.19949592649937 20.938230127096176 279.42922000586987 382.68467935919762 10.1910936832428 8.7471037060022336 753.7002671957016 32.237271949648857 26.432153612375259 33.132325083017349 808.59425337612629 19.39000129699707 165.82622483372688 51.762606173753738 93.396822452545166 37.780505657196045
leaf_count=317 962 147 495 770 1377 261 2086 192 329 112 217 152 1001 334 1520 85 1120 1553 41 38 3023 132 109 133 3247 79 679 209 392 155
internal_value=-0.000555017 -0.0234261 0.0222035 0.0178632 -0.0480723 0.0146091 -0.0122378 -0.0135504 -0.0332857 0.0112377 0.00485588 0.0385733 0.0213769 0.0278147 -0.0548602 -0.0221657 0.0063428 0.0267361 -0.0662837 -0.018785 -0.00804585 -0.0144383 -0.0393987 -0.0225828 0.00459903 0.00831257 -0.0318016 0.00586876 0.0379393 -0.00791565
internal_weight=5189.79 2588.6 2601.18 2384.05 807.973 2204.99 1780.63 1745.26 380.312 1933.35 1186.92 271.64 746.428 212.255 691.007 284.693 1159.76 623.235 95.6195 18.9382 1364.95 611.247 91.8018 65.3696 1107.41 827.984 211.992 72.7008 175.066 116.966
internal_count=21267 10572 10695 9733 3369 8963 7203 7056 1573 7824 4775 1139 3049 878 2897 1165 4663 2554 408 79 5483 2460 374 265 4446 3326 871 294 726 472
is_linear=0
shrinkage=0.05


Tree=9
num_leaves=31
num_cat=0
split_feature=10 13 13 7 12 10 19 7 10 22 20 11 24 12 11 7 13 13 0 7 10 24 7 28 0 0 5 11 23 13
split_gain=981.111 327.829 230.21 105.964 73.7237 69.3372 73.8395 65.1428 95.1254 52.6122 41.0644 36.9719 35.1304 34.7976 33.977 29.1223 27.6092 23.4108 18.2936 37.7889 35.9535 38.7712 16.963 16.9577 14.9868 14.9215 14.5608 14.0682 13.9276 13.7639
threshold=1.0000000180025095e-35 -11324.999999999998 11925.000000000002 36.500000000000007 4675.0000000000009 1.5000000000000002 206.50000000000003 38.500000000000007 -1.4999999999999998 -81.583333333333329 206.50000000000003 17275.000000000004 5.5000000000000009 11175.000000000002 9825.0000000000018 24.500000000000004 -16174.999999999998 -7624.9999999999991 0.31666666666666671 12.500000000000002 -1.4999999999999998 -1.4999999999999998 178.50000000000003 4.9000000000000012 0.31666666666666671 1.2500000000000002 63.500000000000007 30125.000000000004 -219.09999999999997 6175.0000000000009
decision_type=2 2 2 2 2 2 2 2 2 2 2 2 2 2 2 2 2 2 2 2 2 2 2 2 2 2 2 2 2 2
left_child=1 14 3 12 -4 25 10 17 9 -9 11 -7 16 -11 -1 -6 -2 -3 19 -19 21 -21 -15 28 -13 -5 -26 -23 -18 -20
right_child=2 7 4 5 15 6 -8 8 -10 13 -12 24 -14 22 -16 -17 23 18 29 20 -22 27 -24 -25 26 -27 -28 -29 -30 -31
leaf_value=-0.06234248374623013 -0.071794029608298893 -0.025101340009690245 0.067141734106024684 0.076798930127787698 0.027998585079545037 -0.055917223134267613 0.040951884346225861 -0.03733121754807734 -0.07457021037396723 0.045963687323324919 0.079205569325303857 0.058869537231688522 0.050770213908803333 -0.0031493621635059581 -0.036683762079702746 0.058265766562439883 0.055806575637482418 -0.0052570238611781847 -0.0019481822935250134 -0.051255651333376118 -0.082439549544957302 -0.0010774398938786847 -0.063046609360660366 0.061853007313158709 -0.014527605342456867 0.0011848098024035251 0.040336947211230052 0.072924529654206857 0.002862935480535048 0.030582093714655215
leaf_weight=420.78883275389671 12.040998324751852 172.14237490296364 240.82010036706924 86.010802164673805 427.05994561314583 37.46444770693779 215.03109292685986 161.75865356624126 92.93072697520256 36.371579438447952 12.845202282071112 10.526983246207235 39.968786358833313 112.6416540145874 188.61711885035038 98.281710907816887 12.454910635948179 454.46785433590412 753.11301496624947 52.895649790763855 31.169203817844391 44.350575655698776 13.140854984521864 12.428128093481062 65.104112327098846 7.2083652168512335 14.726001262664793 7.3854085803031913 1295.0314474105835 33.878316625952721
leaf_count=1816 51 699 1087 380 1764 153 911 674 408 151 54 43 175 454 783 426 51 1822 3017 217 131 179 55 51 263 30 60 30 5196 136
internal_value=-0.000529907 -0.0223752 0.0212176 0.0115375 0.044212 0.0326226 0.0225303 -0.0124397 -0.0299877 -0.0171625 -0.0056035 -0.0142206 0.00463263 0.00293683 -0.0544164 0.0336805 0.00324069 -0.00771385 -0.00553531 -0.0121887 -0.0353285 -0.0211813 -0.00949183 0.00393437 0.00305539 0.071013 -0.00430656 0.00951033 0.00337532 -0.000537762
internal_weight=5162.65 2575.65 2587 1820.84 766.162 448.917 355.698 1966.25 416.843 323.913 140.667 127.822 1371.92 162.154 609.406 525.342 1331.96 1549.4 1377.26 590.269 135.801 104.632 125.783 1319.91 90.3571 93.2192 79.8301 51.736 1307.49 786.991
internal_count=21267 10572 10695 7418 3277 1894 1484 7973 1742 1334 573 519 5524 660 2599 2190 5349 6231 5532 2379 557 426 509 5298 366 410 323 209 5247 3153
is_linear=0
shrinkage=0.05


Tree=10
num_leaves=31
num_cat=0
split_feature=9 13 13 7 12 7 10 14 10 15 0 11 11 13 0 7 10 20 10 10 7 0 7 12 11 20 20 26 0 7
split_gain=906.297 286.136 218.324 105.574 68.8214 68.2048 91.9493 69.5192 61.7451 95.4955 54.8588 54.731 39.8574 27.0535 26.1426 24.3351 20.6913 23.3147 23.2944 21.4243 20.2937 19.1703 19.0705 18.4347 18.449 18.1508 14.9666 20.1203 14.947 34.1744
threshold=1.0000000180025095e-35 -10924.999999999998 11925.000000000002 22.500000000000004 6525.0000000000009 28.500000000000004 -1.4999999999999998 -1.0000000180025095e-35 1.5000000000000002 3.5000000000000004 0.78333333333333355 21925.000000000004 6575.0000000000009 8575.0000000000018 0.9833333333333335 96.500000000000014 -2.4999999999999996 -294.49999999999994 -3.4999999999999996 -4.4999999999999991 24.500000000000004 0.25000000000000006 48.500000000000007 4375.0000000000009 19075.000000000004 -118.49999999999999 1.0000000180025095e-35 -1.0000000180025095e-35 0.25000000000000006 12.500000000000002
decision_type=2 2 2 2 2 2 2 2 2 2 2 2 2 2 2 2 2 2 2 2 2 2 2 2 2 2 2 2 2 2
left_child=1 12 3 -2 -4 23 7 16 10 11 -5 -10 -1 15 -8 21 18 -18 19 -7 -6 -9 -12 -3 -25 -23 27 -13 29 -26
right_child=2 5 4 8 20 6 14 13 9 -11 22 26 -14 -15 -16 -17 17 -19 -20 -21 -22 25 -24 24 28 -27 -28 -29 -30 -31
leaf_value=-0.065324787064740847 0.0031064974276879191 0.024450292623579561 0.062569506624170892 0.077651980784196675 0.026755271553203331 -0.0411927187442305 -0.075801210796125423 -0.053523512378394457 -0.03694524356111014 0.0438694896640556 0.0032756639706955342 0.013609822002582723 -0.039495779914468843 0.047767663738762574 -0.014648082103872796 -0.04627577005209442 -0.069378861127712563 0.0087201864293825898 -0.070461754213497582 0.0041781417083802562 0.05423942112635656 -0.051264160215476043 0.073381923687984449 -0.019153685004690661 -0.0044508861010288956 0.033263938579035285 0.020056798509128625 -0.061301761034796287 -0.00020936150754505487 -0.041319596205313017
leaf_weight=260.50885620713234 1206.600880548358 48.424146175384521 295.4808983206749 100.39553348720074 381.81511116027832 96.4571732878685 100.23456375300884 9.1833377778530103 74.83700230717659 217.77079713344574 48.809516981244087 23.300208404660225 356.08810509741306 40.692055761814117 21.484692260622978 22.461933091282845 11.693266794085501 50.013316333293915 46.06623700261116 35.329588443040848 82.209055811166763 7.0529057681560507 12.064506098628042 251.21146219968796 292.0948980152607 54.600392714142799 158.11067093908787 14.369233921170233 772.68673898279667 80.144554570317268
leaf_count=1159 4852 195 1347 445 1581 404 448 37 307 933 196 95 1506 169 89 93 49 204 191 147 361 29 55 1017 1171 219 646 58 3095 331
internal_value=0.000414539 -0.0207555 0.0211063 0.0118615 0.0436898 -0.0113199 -0.0273327 -0.015009 0.0281113 0.0192308 0.0549456 -0.000586897 -0.0504253 0.0138 -0.065069 -0.000996641 -0.0311424 -0.00608683 -0.0397991 -0.0289978 0.0316459 0.0133356 0.0173495 -0.00582496 -0.0068803 0.0234459 0.0132973 -0.0149199 -0.00418156 -0.0124113
internal_weight=5172.19 2556.43 2615.76 1856.26 759.505 1939.83 495.269 373.55 649.657 488.388 161.27 270.617 616.597 133.991 121.719 93.2986 239.56 61.7066 177.853 131.787 464.024 70.8366 60.874 1444.56 1396.14 61.6533 195.78 37.6694 1144.93 372.239
internal_count=21429 10553 10876 7587 3289 7888 2079 1542 2735 2039 696 1106 2665 547 537 378 995 253 742 551 1942 285 251 5809 5614 248 799 153 4597 1502
is_linear=0
shrinkage=0.05


Tree=11
num_leaves=31
num_cat=0
split_feature=13 13 19 12 14 11 7 19 7 11 24 12 22 12 19 0 13 14 6 13 13 13 24 6 18 29 27 0 4 24
split_gain=671.041 407.44 119.983 97.4791 68.5048 54.3509 35.9297 29.6755 24.1392 24.8209 23.7448 17.2631 15.8619 13.9197 13.8631 13.2918 12.6602 15.2262 12.6337 11.7472 11.351 11.1778 11.6822 10.5201 10.4084 9.71214 9.60194 9.46609 13.8964 15.6136
threshold=-10924.999999999998 11375.000000000002 31.500000000000004 8025.0000000000009 5.5000000000000009 5825.0000000000009 49.500000000000007 -234.49999999999997 58.500000000000007 28725.000000000004 4.5000000000000009 4575.0000000000009 297.83333333333343 25275.000000000004 -8.4999999999999982 0.11666666666666668 -1924.9999999999998 2.5000000000000004 -9.4999999999999982 1925.0000000000002 -4874.9999999999991 -374.99999999999994 -5.4999999999999991 -24.499999999999996 -1.0999999999999999 0.27922077922077926 0.83333333333333337 0.65000000000000002 13.500000000000002 -2.4999999999999996
decision_type=2 2 2 2 2 2 2 2 2 2 2 2 2 2 2 2 2 2 2 2 2 2 2 2 2 2 2 2 2 2
left_child=5 2 6 11 8 -1 15 -5 16 13 -7 -3 23 25 -8 -2 17 -4 -18 -16 -19 24 -23 -9 -17 -10 -26 28 -24 -30
right_child=1 3 4 7 -6 10 14 12 9 -11 -12 -13 -14 -15 19 21 18 20 -20 -21 -22 22 27 -25 26 -27 -28 -29 29 -31
leaf_value=-0.065322233355844153 -0.030593289266430759 0.064384301213547698 -0.026789325560221719 -0.057049540996563147 0.04294957960150398 -0.037624986401131939 -0.030826820185859572 -0.047762258045243249 0.039617466352887799 0.038975539011795887 0.03144778021241379 0.042823237407167619 0.043268510282917637 0.022480494806507729 -0.032316058880054246 -0.01850307258020081 0.030742807422965909 -0.01433751006423279 0.0041711440932959915 0.041052670192320929 0.049674968706566236 -0.052288341554504118 -0.0012539487720071973 0.020872395189870926 -0.00095382121830062138 -0.018673165797915309 -0.019239801413915871 0.0097328497627896908 -0.060729136097341846 -0.0085196934081548086
leaf_weight=240.60089342296124 54.74067223072052 249.84180173277855 66.625225737690926 11.299092590808867 137.334641456604 416.56572285294533 222.04388338327408 5.537932723760604 8.1116428524255735 106.47018747031689 12.674056157469748 152.43556009232998 90.704543456435204 63.56768436729908 9.1996010392904299 247.91731412708759 46.281763032078743 13.75667852163315 1321.5004954040051 12.997431099414824 13.605299815535544 11.161383137106894 597.90315115451813 353.19612358510494 297.54061740636826 53.310822993516922 94.803842306137085 164.24991835653782 21.187055543065071 44.762419551610947
leaf_count=1089 222 1174 272 48 612 1783 953 24 35 457 56 658 391 273 39 1002 191 58 5322 55 56 48 2399 1469 1199 229 382 658 89 186
internal_value=0.00039608 0.00738791 6.14758e-06 0.0382486 0.00899332 -0.0462704 -0.00924126 0.022521 0.00623387 0.021238 -0.035567 0.0562392 0.0245448 0.00606967 -0.0270558 -0.00640052 0.00385336 -0.0138742 0.00507609 0.0104121 0.0173746 -0.00550003 -0.00169661 0.0197859 -0.0104767 -0.010842 -0.00538886 -0.00100245 -0.00366717 -0.0254349
internal_weight=5141.93 4472.09 3609.07 863.015 1830.56 669.841 1778.51 460.738 1693.23 231.46 429.24 402.277 449.439 124.99 244.241 1534.27 1461.77 93.9872 1367.78 22.197 27.362 1479.53 839.264 358.734 640.262 61.4225 392.344 828.103 663.853 65.9495
internal_count=21429 18501 14737 3764 7505 2928 7232 1932 6893 994 1839 1832 1884 537 1047 6185 5899 386 5513 94 114 5963 3380 1493 2583 264 1581 3332 2674 275
is_linear=0
shrinkage=0.05


Tree=12
num_leaves=31
num_cat=0
split_feature=10 13 13 5 12 5 10 10 17 14 11 24 11 12 22 13 5 20 22 11 5 10 10 13 1 15 13 11 5 1
split_gain=763.307 242.721 184.969 89.27 63.27 61.1933 64.3261 58.9295 71.5982 40.5139 37.2439 30.8587 28.3316 21.3509 21.1196 20.5566 17.446 16.81 16.3399 14.7249 14.1392 13.6659 19.3515 13.8845 13.627 13.3465 17.8866 13.304 12.8982 11.9122
threshold=1.0000000180025095e-35 -10924.999999999998 11925.000000000002 14.500000000000002 6525.0000000000009 22.500000000000004 -1.4999999999999998 1.5000000000000002 1.8333333333333337 -1.0000000180025095e-35 6575.0000000000009 5.5000000000000009 17275.000000000004 4375.0000000000009 251.16666666666671 8875.0000000000018 54.500000000000007 -294.49999999999994 297.83333333333343 19075.000000000004 63.500000000000007 2.5000000000000004 3.5000000000000004 5275.0000000000009 1.0000000180025095e-35 3.5000000000000004 -8824.9999999999982 3975.0000000000005 19.500000000000004 1.0000000180025095e-35
decision_type=2 2 2 2 2 2 2 2 2 2 2 2 2 2 2 2 2 2 2 2 2 2 2 2 2 2 2 2 2 2
left_child=1 10 3 11 -4 13 9 28 12 29 -1 27 -9 -3 17 16 24 -15 -6 -19 21 23 -23 -14 -11 26 -10 -2 -5 -7
right_child=2 5 4 7 18 6 -8 8 25 15 -12 -13 20 14 -16 -17 -18 19 -20 -21 -22 22 -24 -25 -26 -27 -28 -29 -30 -31
leaf_value=-0.061760241888353468 -0.068806750760178698 0.024338540478122006 0.059235897429488461 0.032101111978650433 0.024124386889092891 -0.024646775465917758 -0.070512497043391284 -0.046720764030181772 -0.037360117255057543 0.028699654362199067 -0.036374387705044829 0.046037099223984405 -0.027699097611898656 -0.023189930217297539 -0.044457630244984211 0.044039127766170742 -0.045485371209962489 -0.016195720766696061 0.047267753959102148 -0.0023571203572272 0.043831942661721468 0.071693809965278535 -0.009089311820051715 0.05399910681319943 -0.024396658296806411 0.04370222087706558 0.028476226432092355 0.0031619063600473677 0.068530552889624674 -0.054075859745099319
leaf_weight=249.31624937057495 6.3484426587820044 54.766511887311935 282.23702792823315 34.395871698856354 360.04405981302261 134.90131643414497 74.615399062633514 37.022500693798065 11.926760122179983 32.277232959866524 349.42492742836475 42.55202779173851 49.952679231762886 136.25106337666512 37.432066708803177 27.522143214941025 20.576270297169685 232.57729613780975 97.787378191947937 1114.1890840381384 18.351429745554924 11.977806255221369 18.918772056698799 5.674528867006301 19.106579840183258 163.37028276920319 70.736988261342049 1284.8712042421103 90.679489314556122 46.928805440664291
leaf_count=1159 27 223 1347 142 1513 570 346 154 49 130 1506 193 202 555 157 117 86 946 429 4483 76 49 77 23 77 718 295 5163 419 198
internal_value=0.000378289 -0.0191484 0.0194769 0.0110083 0.0405984 -0.0105203 -0.0292455 0.0287332 0.0190827 -0.0182609 -0.046962 0.00418544 -0.00917048 -0.0062845 -0.00739236 0.00734696 -0.00665873 -0.00645051 0.0290877 -0.00475169 0.00406957 -0.00434705 0.0221972 -0.0191934 0.00885014 0.0353948 0.0188833 0.00279889 0.058586 -0.0322952
internal_weight=5116.73 2529.88 2586.85 1846.78 740.068 1931.14 355.928 513.007 387.932 281.312 598.741 1333.77 141.898 1575.22 1520.45 99.4822 71.9601 1483.02 457.831 1346.77 104.875 86.5238 30.8966 55.6272 51.3838 246.034 82.6637 1291.22 125.075 181.83
internal_count=21429 10553 10876 7587 3289 7888 1524 2204 1643 1178 2665 5383 581 6364 6141 410 293 5984 1942 5429 427 351 126 225 207 1062 344 5190 561 768
is_linear=0
shrinkage=0.05


Tree=13
num_leaves=31
num_cat=0
split_feature=9 13 13 4 12 13 4 12 13 24 0 4 14 19 4 6 12 34 13 13 6 0 4 12 46 20 21 0 25 33
split_gain=693.682 225.124 171.149 80.1876 60.9571 45.371 45.1072 42.8217 24.0279 23.8971 22.9372 24.5962 21.7753 17.4247 16.0366 15.5889 14.6116 16.9094 14.1562 13.4412 14.0219 13.4305 23.4308 11.749 11.609 11.3223 21.8856 11.1519 10.6858 14.2334
threshold=1.0000000180025095e-35 -10924.999999999998 11925.000000000002 18.500000000000004 6525.0000000000009 -11324.999999999998 13.500000000000002 3525.0000000000005 -17224.999999999996 5.5000000000000009 0.48333333333333339 23.500000000000004 3.5000000000000004 206.50000000000003 28.500000000000004 -18.499999999999996 11175.000000000002 0.55050505050505061 21175.000000000004 -17524.999999999996 -8.4999999999999982 0.18333333333333338 3.5000000000000004 26875.000000000004 1.0000000180025095e-35 210.50000000000003 210.50000000000003 0.41666666666666674 3.5000000000000004 0.23999999999999946
decision_type=2 2 2 2 2 2 2 2 2 2 2 2 2 2 2 2 2 2 2 2 2 2 2 2 2 2 2 2 2 2
left_child=1 8 3 9 -4 12 15 -8 -1 19 16 -12 -5 25 -6 -3 17 -9 21 -2 27 22 -17 -10 -23 26 -7 -21 -22 -30
right_child=2 6 4 5 14 13 7 10 23 -11 11 -13 -14 -15 -16 18 -18 -19 -20 20 28 24 -24 -25 -26 -27 -28 -29 29 -31
leaf_value=-0.05538722637194729 -0.05855310563843176 -0.056006881561854821 0.05769220433686411 -0.047641430010998152 0.024406882435418688 0.02382198919695331 0.074110715412531392 0.046859179910217166 -0.042095493148604883 0.045553983001660366 0.010351166274265784 -0.023774688591033061 0.037714784338684415 0.042166294072640532 0.053876417132282473 -0.0083401216553222884 -0.043425320839020461 -0.027009053634088703 0.060502961725843012 0.042839105267984838 0.00034192237323617041 -0.0043461795296100792 -0.048082884204117902 -0.02055083364553302 0.015436613712716186 0.064040648801675232 -0.036366271425047413 0.00027990695088469007 0.063003357384028125 0.0089814484368508068
leaf_weight=297.23623223602772 8.57524725794792 14.965529918670653 275.47472828626633 27.006505355238914 402.02232727408409 146.53022803366184 11.064914077520369 9.5645550191402418 196.80177243053913 34.490128427743912 70.068961709737778 211.41768850386143 10.167518779635428 241.17751823365688 52.57479602098465 193.96472090482712 176.15297332406044 38.461718544363976 8.1296326816081983 40.011875972151756 1010.8134531229734 1067.0152202099562 45.927063226699829 95.37907911837101 79.511397451162338 14.326698899269102 16.687986448407173 25.364498093724251 12.760445013642309 252.46669510006905
leaf_count=1387 38 63 1347 115 1698 626 49 40 870 159 283 920 45 1074 244 782 751 164 35 171 4057 4291 190 408 320 63 68 104 52 1015
internal_value=0.000361995 -0.018302 0.0186301 0.0104992 0.0391154 0.0286867 -0.0100236 -0.0226621 -0.0453413 0.00450501 -0.0248038 -0.0152615 -0.0241228 0.0333917 0.0278372 -0.00538547 -0.036751 -0.0121273 -0.00483467 0.00344928 0.0038537 -0.00522574 -0.0159865 -0.035089 -0.00296866 0.021427 0.017619 0.0264291 0.00269118 0.0116221
internal_weight=5086.11 2515.66 2570.45 1840.38 730.072 455.896 1926.24 516.731 589.417 1384.48 505.666 281.487 37.174 418.722 454.597 1409.51 224.179 48.0263 1394.55 1349.99 1341.42 1386.42 239.892 292.181 1146.53 177.545 163.218 65.3764 1276.04 265.227
internal_count=21429 10553 10876 7587 3289 1991 7888 2207 2665 5596 2158 1203 160 1831 1942 5681 955 204 5618 5437 5399 5583 972 1278 4611 757 694 275 5124 1067
is_linear=0
shrinkage=0.05


Tree=14
num_leaves=31
num_cat=0
split_feature=9 11 12 24 12 7 7 12 11 12 11 11 12 11 12 7 0 0 7 0 7 12 38 44 7 11 0 21 5 12
split_gain=630.189 154.026 149.01 83.5272 63.6421 50.2354 49.883 44.2991 39.6381 35.7004 27.138 25.8724 18.7041 18.4455 18.346 18.0971 33.1634 16.7839 15.9155 14.4945 35.1999 13.7939 12.9764 12.5377 12.448 12.1454 11.7163 11.0365 10.8029 11.1888
threshold=1.0000000180025095e-35 13525.000000000002 4025.0000000000005 5.5000000000000009 14025.000000000002 58.500000000000007 28.500000000000004 4575.0000000000009 6575.0000000000009 19475.000000000004 14425.000000000002 10775.000000000002 8025.0000000000009 18175.000000000004 9475.0000000000018 14.500000000000002 0.35000000000000003 0.28333333333333338 50.500000000000007 0.25000000000000006 7.5000000000000009 27675.000000000004 0.58047619047619148 1.0000000180025095e-35 24.500000000000004 21225.000000000004 0.2166666666666667 424.50000000000006 46.500000000000007 13075.000000000002
decision_type=2 2 2 2 2 2 2 2 2 2 2 2 2 2 2 2 2 2 2 2 2 2 2 2 2 2 2 2 2 2
left_child=1 4 -2 5 18 9 12 -8 -6 13 -7 -11 -3 -4 -15 -13 25 -9 -1 20 -14 -21 -23 -24 -10 26 -17 -5 29 -19
right_child=2 6 3 27 8 10 7 17 24 11 -12 15 19 14 -16 16 -18 28 -20 21 -22 22 23 -25 -26 -27 -28 -29 -30 -31
leaf_value=0.0041714076009229202 0.059265262573773347 0.063966644324327929 0.00037607411254888477 0.068129575359721931 -0.0587499435787344 -0.012576902425266726 0.062771852448260876 -0.05363783844587651 -0.029066752016831145 -0.04877186220889998 0.037474739256841569 -0.0011781840355703801 -0.004253899214664676 0.033899546382280939 0.015142386030058148 0.035922358380849964 0.0050879405818180104 0.020536301961112096 -0.049096968073254393 0.0025814585172385311 -0.038109856497075489 -0.018921437606449182 -1.2258282919168748e-05 0.072654983279788837 -0.053412167199057385 0.041709651732191121 -0.065149284918129532 0.039776938411839768 -0.037064775940733305 -0.020483503393975335
leaf_weight=104.58011578023434 199.85159674286842 9.8321027308702451 127.82591903209686 50.418680310249329 238.11937773227692 30.306720674037933 14.174376323819159 51.123696222901344 337.93556970357895 23.059311747550964 240.51978009939194 630.48816734552383 313.26646007597446 195.81426174938679 396.15012203156948 5.78920730948448 435.69838039577007 17.567262575030327 16.077814102172852 639.42752778530121 101.80291110277176 169.31973055005074 60.290345400571823 6.4675298780202857 63.097824603319168 97.129424765706062 5.4461525529623032 116.16156549751759 100.80920825898647 258.3733422011137
leaf_count=422 1024 42 518 237 1159 131 64 219 1460 100 1073 2530 1261 862 1642 24 1763 75 70 2569 425 682 243 26 286 403 22 547 442 1108
internal_value=0.000346939 -0.0174862 0.0178163 0.0142941 -0.0362728 0.0116915 -0.00928972 -0.0238004 -0.0425599 0.00883972 0.0318527 0.00354466 -0.0043518 0.0176411 0.0213601 0.00458008 0.0112612 -0.026694 -0.00292004 -0.00488106 -0.0125769 -0.00122581 -0.0115559 0.00705113 -0.032922 0.0360083 -0.0127719 0.0484241 -0.0230113 -0.0178474
internal_weight=5056.92 2502.27 2554.66 2354.81 759.811 2188.23 1742.45 442.048 639.153 1917.4 270.827 1197.61 1300.41 719.79 591.964 1174.55 544.063 427.874 120.658 1290.57 415.069 875.505 236.078 66.7579 401.033 108.365 11.2354 166.58 376.75 275.941
internal_count=21429 10553 10876 9852 3397 9068 7156 1908 2905 7864 1204 4842 5248 3022 2504 4742 2212 1844 492 5206 1686 3520 951 269 1746 449 46 784 1625 1183
is_linear=0
shrinkage=0.05


Tree=15
num_leaves=31
num_cat=0
split_feature=9 13 13 7 10 14 7 10 12 0 19 13 5 0 20 18 7 13 20 5 13 13 21 12 21 15 19 20 30 13
split_gain=543.706 196.256 152.181 67.1165 58.9386 70.7218 56.3822 82.1188 52.3229 50.8406 42.3849 31.0106 28.2348 28.1626 28.5033 22.7375 22.5315 21.0359 16.2578 15.1087 14.5908 13.3717 13.3376 12.7835 12.1168 11.9805 11.8158 11.4486 10.6453 10.3483
threshold=1.0000000180025095e-35 -10924.999999999998 14075.000000000002 24.500000000000004 1.5000000000000002 3.5000000000000004 34.500000000000007 -1.4999999999999998 4675.0000000000009 0.8500000000000002 -99.499999999999986 -6274.9999999999991 46.500000000000007 0.31666666666666671 -97.499999999999986 1.0000000180025095e-35 26.500000000000004 -17224.999999999996 15.500000000000002 25.500000000000004 -4274.9999999999991 21575.000000000004 10.500000000000002 25325.000000000004 -138.49999999999997 -2.4999999999999996 31.500000000000004 -56.499999999999993 0.32291666666666669 7775.0000000000009
decision_type=2 2 2 2 2 2 2 2 2 2 2 2 2 2 2 2 2 2 2 2 2 2 2 2 2 2 2 2 2 2
left_child=1 17 3 15 9 11 20 10 -4 -5 27 -6 13 -12 -15 -2 26 -1 22 -11 23 -22 -13 -3 -20 28 -10 -8 -25 -16
right_child=2 6 8 4 5 -7 7 -9 16 19 12 18 -14 14 29 -17 -18 -19 24 -21 21 -23 -24 25 -26 -27 -28 -29 -30 -31
leaf_value=-0.0516798317396348 -0.0067386860551424416 -0.024253861763686657 0.058798651622078674 0.072659933517739528 -0.039466642094336798 0.035815744163067723 -0.026958906272351313 -0.065995384388336145 -0.027694257674212054 -0.0035801666747098701 -0.03904156454585718 -0.0083328712738405565 -0.024912317903802467 -0.065693231301716365 0.026673948232423878 0.0075080459048866332 0.054663315390988121 -0.032428420725217268 -0.029545983467581347 0.068322451369893261 -0.0022517365147998389 0.053814423797112945 -0.079533210932591025 -0.0023933359399266278 0.017135321010370942 0.0050795698814621055 0.024295218990264909 -0.082160357120917113 -0.053378071566151819 0.064312545162741028
leaf_weight=290.52731239795685 405.68189109861851 152.36277282238007 203.75204873085022 94.493547260761261 48.495649397373199 209.84852610528469 161.84459991753101 94.536528080701828 11.129969626665114 39.628198996186256 16.65222992002964 33.344499677419662 50.806490257382393 6.8340680897235861 54.311969310045242 902.29718066751957 65.507099181413651 283.42570434510708 15.260328993201254 8.8271369189023954 1172.839256003499 10.626469194889067 8.1721817553043348 22.004128158092499 140.81061908602715 108.25331981480122 333.33511281013489 10.016724854707716 19.421822488307953 28.28155779838562
leaf_count=1415 1635 626 1072 451 205 954 701 451 48 160 69 136 215 29 219 3651 313 1266 62 44 4725 47 33 89 590 437 1442 42 79 122
internal_value=5.3141e-05 -0.0165531 0.0164121 0.0094377 0.0233004 0.0144961 -0.00884019 -0.0249388 0.0380686 0.0513171 -0.0131007 -0.00367123 0.0056624 0.0203628 0.0315115 0.00308529 0.0277419 -0.0421892 0.00510457 0.00952913 -0.00424828 -0.00173958 -0.0226256 -0.0140575 0.0125229 -0.00363569 0.0225933 -0.0302512 -0.026488 0.0396848
internal_weight=5003.33 2482.74 2520.58 1906.86 598.881 455.932 1908.79 423.284 613.724 142.949 328.748 246.083 156.886 106.08 89.4276 1307.98 409.972 573.953 197.588 48.4553 1485.51 1183.47 41.5167 302.042 156.071 149.679 344.465 171.861 41.426 82.5935
internal_count=21328 10532 10796 7921 2635 1980 7851 1848 2875 655 1397 1026 654 439 370 5286 1803 2681 821 204 6003 4772 169 1231 652 605 1490 743 168 341
is_linear=0
shrinkage=0.05


Tree=16
num_leaves=31
num_cat=0
split_feature=9 13 13 14 7 10 12 17 5 10 22 11 0 0 7 7 23 14 7 0 11 11 13 13 7 32 13 0 10 10
split_gain=494.229 182.053 141.195 62.8491 52.2435 73.9811 50.8835 50.5751 35.9935 71.3729 37.8909 34.0451 22.656 21.5001 21.3647 20.9043 20.3355 19.2939 26.1209 19.0016 17.603 17.1317 14.7258 13.4948 13.3333 13.2066 12.8337 12.4549 12.4101 15.8293
threshold=1.0000000180025095e-35 -10924.999999999998 14075.000000000002 5.5000000000000009 28.500000000000004 -1.4999999999999998 4675.0000000000009 -1.8333333333333333 14.500000000000002 1.5000000000000002 65.500000000000014 5425.0000000000009 0.9833333333333335 0.68333333333333346 26.500000000000004 48.500000000000007 2.1000000000000005 -3.4999999999999996 70.500000000000014 0.25000000000000006 25425.000000000004 29125.000000000004 -4274.9999999999991 21575.000000000004 24.500000000000004 0.17777777777778145 -6574.9999999999991 1.1500000000000001 -3.4999999999999996 -4.4999999999999991
decision_type=2 2 2 2 2 2 2 2 2 2 2 2 2 2 2 2 2 2 2 2 2 2 2 2 2 2 2 2 2 2
left_child=1 11 3 8 22 7 -4 28 16 13 -11 -1 -7 -10 -8 -15 25 -9 19 -19 -12 -20 -3 -24 -13 -2 -18 -22 29 -6
right_child=2 4 6 -5 5 12 14 17 9 10 20 24 -14 15 -16 -17 26 18 21 -21 27 -23 23 -25 -26 -27 -28 -29 -30 -31
leaf_value=-0.057925783617688034 -0.030423055556989272 -0.013531189647644626 0.057568359031747 0.042026966317243869 -0.034398942966474229 -0.070142441118864626 0.021599936631618209 -0.057051796872512786 0.071155650464180015 -0.02323177369250691 -0.0032364984996567747 -0.027806947922434901 -0.013448422289746796 -0.0016208339115321387 0.053139105578231594 0.067181636302017844 -0.045445557648006445 -0.039682665902822226 -0.028388182675963519 0.032676636624173992 0.030995130486590767 0.016161629568181585 -0.0015114309466634484 0.062526724467771633 -0.054026656631583549 -0.0035830642858508733 0.0068550740953828683 -0.025733475497807835 -0.054102620417981563 0.0096832196825141874
leaf_weight=191.62285915017128 54.031505897641182 298.31636060774326 197.85349380970001 133.85514916479588 83.187007740139961 87.818849220871925 342.34298765659332 11.882756739854811 67.69154118001461 78.263026639819145 70.516955986618996 314.96921701729298 22.393650889396667 26.8825743496418 64.056726142764091 18.46759207546711 11.748646557331083 9.9124149680137617 55.822968304157257 92.599358469247818 138.21508727967739 34.906979471445084 1122.637226074934 8.1849137097597104 58.062500819563866 303.74988077580929 986.68802465498447 10.232471466064451 48.946902945637703 26.692958757281303
leaf_count=981 217 1218 1072 647 367 432 1490 50 330 324 298 1426 95 109 313 96 50 41 236 382 601 146 4517 37 274 1224 3981 44 215 115
internal_value=5.09855e-05 -0.0158275 0.0156992 0.00900041 -0.00842645 -0.0228082 0.0367531 -0.0119152 0.00649276 0.0194692 0.00658244 -0.0407595 -0.058691 0.0532732 0.0265953 0.0263732 0.00256244 0.00446518 0.00830138 0.0255992 0.0172673 -0.0111943 -0.00365008 -0.00103801 -0.0319148 -0.00765773 0.00623015 0.0270365 -0.0330914 -0.0236456
internal_weight=4972.55 2467.96 2504.6 1900.34 1903.3 474.164 604.253 363.951 1766.49 410.269 297.228 564.655 110.213 113.042 406.4 45.3502 1356.22 205.124 193.242 102.512 218.965 90.7299 1429.14 1130.82 373.032 357.781 998.437 148.448 158.827 109.88
internal_count=21328 10532 10796 7921 7851 2079 2875 1552 7274 1802 1267 2681 527 535 1803 205 5472 855 805 423 943 382 5772 4554 1700 1441 4031 645 697 482
is_linear=0
shrinkage=0.05


Tree=17
num_leaves=31
num_cat=0
split_feature=9 13 12 15 7 10 14 13 11 5 10 10 0 10 35 7 7 0 13 15 0 12 23 5 12 13 12 22 7 11
split_gain=449.33 169.023 132.491 71.6292 48.008 69.545 46.2183 45.5857 33.1267 32.938 69.6861 31.202 30.3144 27.6463 26.6241 26.5867 23.2462 21.912 21.7904 20.543 22.5882 17.9806 14.8503 14.4311 14.4309 14.0056 14.7871 13.0753 12.6539 12.4848
threshold=1.0000000180025095e-35 -10924.999999999998 3775.0000000000005 4.5000000000000009 28.500000000000004 -1.4999999999999998 -1.4999999999999998 9825.0000000000018 5425.0000000000009 13.500000000000002 1.5000000000000002 2.5000000000000004 0.68333333333333346 3.5000000000000004 0.19090909090909094 88.500000000000014 48.500000000000007 0.9833333333333335 -174.99999999999997 -2.4999999999999996 0.25000000000000006 8225.0000000000018 2.1000000000000005 44.500000000000007 27575.000000000004 975.00000000000011 6775.0000000000009 -321.49999999999994 24.500000000000004 29125.000000000004
decision_type=2 2 2 2 2 2 2 2 2 2 2 2 2 2 2 2 2 2 2 2 2 2 2 2 2 2 2 2 2 2
left_child=1 8 -2 7 25 6 24 9 -1 22 12 18 -11 -13 -5 19 -14 -7 23 -8 -21 -9 -4 -12 -6 -3 -27 -28 -10 -17
right_child=2 4 3 14 5 17 15 21 28 10 11 13 16 -15 -16 29 -18 -19 -20 20 -22 -23 -24 -25 -26 26 27 -29 -30 -31
leaf_value=-0.056617325534906483 0.057686371584726996 -0.0072448022906245486 -0.010053922865156092 0.01756756896552629 -0.035373519179650585 -0.068777683060002662 -0.065080097445450999 0.037265966919182596 -0.026674027304070782 0.069079262904309796 -0.043717833328014238 0.047957146669592471 -0.0034729975667904932 0.0010411289061743937 0.045456699527717415 -0.037713215775790107 0.066005127350574053 -0.012803800637429159 0.0062579134944535895 -0.040602312189398679 0.032691300363802925 0.015579958026594249 0.0029091723840763846 0.043414772534417174 -0.00010277428096053933 0.063501406006698763 -0.046816743966088134 0.0031558228179966994 -0.052468050392672286 0.014870583772461119
leaf_weight=186.38466964662075 169.50091643631458 903.39648498594761 312.11704522371292 157.51253534853458 151.52976629137993 85.152953162789345 6.5505936443805686 126.58306384086609 312.01051440834999 69.095637083053589 60.06328746676445 48.308388650417328 36.872612774372101 90.03074249625206 189.83343732357025 37.782953783869743 17.682021111249924 22.35117207467556 52.871883377432823 11.569589391350744 102.41841703653336 398.28967647254467 754.92631752789021 5.023432493209838 36.211455836892128 9.8197076767683011 13.332563698291777 501.80604545772076 56.832379788160324 15.853157013654707
leaf_count=981 953 3652 1256 674 665 432 28 591 1426 342 252 207 149 388 912 162 95 95 218 48 425 1698 3040 21 157 44 56 2020 274 67
internal_value=4.85008e-05 -0.0151365 0.0150176 0.0118946 -0.00803303 -0.0219053 -0.0113919 0.00820234 -0.0394013 0.00361889 0.0162594 0.00136149 0.0470729 0.0174832 0.0328328 0.00713455 0.019034 -0.0572093 -0.0175022 0.0201828 0.0251792 0.0208256 -0.000878518 -0.0368599 -0.0286008 -0.00346926 0.00301866 0.00184392 -0.0306751 -0.0220793
internal_weight=4941.71 2453 2488.71 2319.21 1897.77 469.42 361.916 1971.86 555.228 1446.99 379.948 256.298 123.65 138.339 347.346 174.175 54.5546 107.504 117.959 120.539 113.988 524.873 1067.04 65.0867 187.741 1428.35 524.958 515.139 368.843 53.6361
internal_count=21328 10532 10796 9843 7851 2079 1552 8257 2681 5968 1672 1086 586 595 1586 730 244 527 491 501 473 2289 4296 273 822 5772 2120 2076 1700 229
is_linear=0
shrinkage=0.05


Tree=18
num_leaves=31
num_cat=0
split_feature=9 13 12 24 13 7 10 17 5 10 11 11 0 0 7 23 14 7 0 11 13 7 11 17 26 7 27 12 19 10
split_gain=408.551 156.973 125.567 66.8232 46.1226 42.7465 66.8246 44.1983 33.6614 62.4563 31.674 31.0928 21.2943 19.0053 17.8664 17.3325 17.013 23.2279 16.1707 14.9444 16.8584 14.7403 14.5976 14.4192 14.2466 13.7599 13.3874 13.0629 12.0111 11.4631
threshold=1.0000000180025095e-35 -11324.999999999998 3775.0000000000005 5.5000000000000009 11925.000000000002 28.500000000000004 -1.4999999999999998 -1.8333333333333333 14.500000000000002 1.5000000000000002 21725.000000000004 5425.0000000000009 0.9833333333333335 0.68333333333333346 48.500000000000007 2.1000000000000005 -3.4999999999999996 70.500000000000014 0.25000000000000006 19075.000000000004 -224.99999999999997 26.500000000000004 29075.000000000004 3.1666666666666674 5.5000000000000009 24.500000000000004 0.58333333333333337 8025.0000000000009 23.500000000000004 -3.4999999999999996
decision_type=2 2 2 2 2 2 2 2 2 2 2 2 2 2 2 2 2 2 2 2 2 2 2 2 2 2 2 2 2 2
left_child=1 11 -2 4 8 19 7 29 15 13 23 -1 -8 -10 -15 -4 -9 18 -18 20 -3 28 -19 -11 -5 -13 -12 -21 -6 -7
right_child=2 5 3 24 21 6 12 16 9 10 26 25 -14 14 -16 -17 17 22 -20 27 -22 -23 -24 -25 -26 -27 -28 -29 -30 -31
leaf_value=-0.055372865009917074 0.056603162895815518 -0.018788718053407288 -0.0083896930148807079 0.068441387708620863 -0.02650791461057745 -0.02159354248530759 -0.067539498889313251 -0.053772594702720049 0.068489689215355906 -0.031992629519676151 -0.0071156748510032694 -0.025553904980350307 -0.01218988167809584 -0.00025493955373673656 0.064931053780089898 0.0047328362228983862 -0.036134506354183832 -0.026432273234562705 0.030916567350600256 0.054816381908579875 0.013106498197589082 0.046205595714238691 0.014660534777539062 0.020012938593993394 0.033821765757024197 -0.053474689184073325 0.022989743610094229 -0.0014203468054464221 0.020960106444650531 -0.051143764017656246
leaf_weight=181.17982032895088 164.24315333366394 248.65424624085426 344.14694675803185 40.957704842090607 13.60147552192211 109.42997670173645 83.25648595392704 11.64174999296665 62.276662349700928 62.823193088173866 47.611346542835236 297.12711216509342 22.309135243296623 26.65651436150074 17.093285590410233 934.25460727512836 9.8034644573926908 54.894518584012985 92.960044518113136 10.318365424871443 49.442655459046364 58.843300253152847 35.354671582579613 16.711824342608452 114.52873831987381 52.404080733656883 160.40208749473095 1131.5912360548973 408.79587134718895 47.697451859712601
leaf_count=981 953 1026 1384 208 59 488 436 50 322 265 195 1373 95 108 95 3768 41 234 385 47 198 291 148 72 578 259 700 4556 1798 215
internal_value=4.66894e-05 -0.0144762 0.0143668 0.0113575 0.00906756 -0.00777971 -0.0209193 -0.0106821 0.00513703 0.0179221 0.00580145 -0.0385277 -0.0559124 0.0507104 0.0251896 0.00119595 0.00461045 0.00818379 0.0244425 -0.00351067 -0.0134792 0.0227091 -0.0102806 -0.0209911 0.0430114 -0.0297684 0.0160749 -0.000903055 0.0194139 -0.0306224
internal_weight=4911.01 2438.07 2472.95 2308.7 2153.22 1907.35 467.347 361.782 1671.98 393.575 287.548 530.711 105.566 106.026 43.7498 1278.4 204.654 193.013 102.764 1440.01 298.097 481.241 90.2492 79.535 155.486 349.531 208.013 1141.91 422.397 157.127
internal_count=21328 10532 10796 9843 9057 7919 2092 1561 6909 1757 1232 2613 531 525 203 5152 858 808 426 5827 1224 2148 382 337 786 1632 895 4603 1857 703
is_linear=0
shrinkage=0.05


Tree=19
num_leaves=31
num_cat=0
split_feature=9 13 12 15 7 13 13 11 5 13 35 12 11 19 0 11 13 5 12 23 4 4 0 32 12 24 31 18 32 25
split_gain=371.512 145.806 119.037 62.5053 39.3168 38.3714 30.4008 30.3036 27.6741 33.2607 24.1918 16.7087 16.6518 14.0905 13.8204 13.5353 15.2678 13.1775 12.1515 12.0343 11.7482 11.2569 11.4709 11.1635 10.7523 13.0088 11.088 10.7247 11.0364 10.6825
threshold=1.0000000180025095e-35 -11324.999999999998 3775.0000000000005 4.5000000000000009 28.500000000000004 9825.0000000000018 15375.000000000002 5425.0000000000009 13.500000000000002 -15874.999999999998 0.19090909090909094 8225.0000000000018 28225.000000000004 400.50000000000006 0.28333333333333338 19075.000000000004 -224.99999999999997 16.500000000000004 6775.0000000000009 2.1000000000000005 54.500000000000007 66.500000000000014 0.35000000000000003 1.0000000180025095e-35 27175.000000000004 -2.4999999999999996 0.70714285714285718 -2.5499999999999994 0.17777777777778145 2.5000000000000004
decision_type=2 2 2 2 2 2 2 2 2 2 2 2 2 2 2 2 2 2 2 2 2 2 2 2 2 2 2 2 2 2
left_child=1 7 -2 5 15 8 14 -1 19 -10 -5 -7 -8 21 -6 16 -3 -9 -17 27 -13 22 -11 -21 25 -16 -26 -4 -29 -27
right_child=2 4 3 10 6 11 12 17 9 13 -12 20 -14 -15 24 18 -18 -19 -20 23 -22 -23 -24 -25 26 29 -28 28 -30 -31
leaf_value=-0.054184834717884794 0.055570070495449625 -0.017906019624630211 0.034328661900100095 0.016115606205630743 -0.050315046044081047 0.035127166564258711 0.073482733106729439 -0.024643087116110157 -0.046235302293957177 0.03234204487166658 0.04296494698794466 0.012432873918858835 0.0012171791181217659 0.05370209553915041 -0.042875538081445369 0.060172213091561448 0.012454571560545939 -0.052976567103696554 -0.0012975277743802905 0.065035787071574702 0.06165102284590393 0.044714023770314595 0.0077029460493272502 0.0019186612518562079 -0.015086237310770243 -0.010834375885435048 0.02639697742568696 -0.033524940151788522 -0.0069754914103573153 -0.03868006751650685
leaf_weight=176.02825765311718 159.06541250646114 247.89112439751625 13.418453067541121 156.23530416190624 44.878768444061279 123.71168175339699 11.079450964927672 297.43018409609795 20.844968646764755 59.314470544457436 183.56628413498402 382.24855576455593 28.304316729307175 26.426188334822655 84.117739304900169 7.994980886578559 49.43459390103817 48.119896113872528 1133.6620783954859 6.9784804433584204 12.491779148578642 30.336899846792221 236.09496998786926 747.51570175588131 104.15357838571072 122.73853103816509 18.887633293867111 46.472844824194908 252.32130353152752 48.318533375859261
leaf_count=981 953 1026 56 674 204 591 52 1388 95 258 912 1636 127 131 394 38 198 244 4565 28 62 137 1051 3012 463 544 83 186 1014 225
internal_value=4.47805e-05 -0.013846 0.0137454 0.0108458 -0.00741801 0.00740648 -0.0201008 -0.0372645 0.00320163 0.0149231 0.0306431 0.0190707 0.0218082 0.0185693 -0.024018 -0.00333726 -0.0128388 -0.0286173 -0.000857446 -0.000893572 0.0140183 0.0156882 0.0126764 0.00251761 -0.0208719 -0.0267343 -0.00866142 -0.00915123 -0.0111314 -0.0187472
internal_weight=4880.08 2423.04 2457.04 2297.98 1901.46 1958.18 462.479 521.578 1439.72 373.017 339.802 518.452 39.3838 352.173 423.095 1438.98 297.326 345.55 1141.66 1066.71 394.74 325.746 295.409 754.494 378.216 255.175 123.041 312.213 298.794 171.057
internal_count=21328 10532 10796 9843 7919 8257 2092 2613 5968 1672 1586 2289 179 1577 1913 5827 1224 1632 4603 4296 1698 1446 1309 3040 1709 1163 546 1256 1200 769
is_linear=0
shrinkage=0.05


Tree=20
num_leaves=31
num_cat=0
split_feature=9 13 12 24 13 7 12 7 13 11 13 12 13 14 13 28 15 7 26 33 18 15 18 13 21 32 28 15 26 12
split_gain=358.564 131.969 110.257 60.1609 40.1354 34.1963 30.7483 26.1384 21.0739 18.243 17.543 14.794 14.6852 14.1061 13.3589 12.8287 12.5871 12.4513 11.7242 10.3833 10.0778 10.9733 9.92336 9.37776 9.18493 8.60656 8.58337 8.96686 16.0548 8.45532
threshold=1.0000000180025095e-35 -15474.999999999998 3775.0000000000005 5.5000000000000009 7625.0000000000009 28.500000000000004 3525.0000000000005 72.500000000000014 -7624.9999999999991 5425.0000000000009 -16574.999999999996 8225.0000000000018 -10924.999999999998 -3.4999999999999996 5975.0000000000009 4.7750000000000012 -2.4999999999999996 26.500000000000004 5.5000000000000009 0.14666666666666686 -2.5499999999999994 -1.4999999999999998 2.2250000000000005 3475.0000000000005 183.50000000000003 0.33333333333333459 1.9000000000000001 -3.4999999999999996 -3.4999999999999996 26975.000000000004
decision_type=2 2 2 2 2 2 2 2 2 2 2 2 2 2 2 2 2 2 2 2 2 2 2 2 2 2 2 2 2 2
left_child=1 9 -2 4 7 8 -7 10 16 -1 -4 -6 -9 19 26 20 -3 -13 -5 -8 21 -12 -18 -21 -22 -11 27 -15 -29 -27
right_child=2 5 3 18 11 6 13 12 -10 25 15 17 -14 14 -16 -17 22 -19 -20 23 24 -23 -24 -25 -26 29 -28 28 -30 -31
leaf_value=-0.054737755338598253 0.054115858054726955 -0.032947050837110324 -0.043342389629452492 0.066469693342019021 0.032288871286973095 0.055193033952715825 0.025270824963780372 -0.028823069486518194 -0.0025361489191273109 -0.046486544384643634 0.048391752321088485 0.011604530482332166 0.029781593522899392 -0.059306428697661333 -0.00039148895254868549 0.041144288895919062 -0.0089981749032613696 0.032134337304652295 0.033462794158393809 -0.03225648707511606 -0.0023979737200424739 -0.02764426160353578 -0.076646730630143892 -0.065436136652791452 0.0070251140597792933 -0.037577569713224873 -0.03886797261526935 0.035862842958733612 -0.019411705257851318 -0.009391150437538515
leaf_weight=164.8181765973568 156.68007153272629 88.789225339889526 21.546957388520241 36.411720857024193 143.67459487915039 12.889476254582403 5.9895355105400077 11.559015914797781 1275.5458186268806 59.691513374447823 21.148578226566318 537.94213111698627 121.03700223565102 12.351602017879484 84.972961634397507 20.548927530646324 221.71618348360062 86.034333780407906 110.43791867792606 78.86474597454071 789.78586629033089 5.9475355297327033 5.4839542657136908 30.068508863449097 384.20376347005367 50.487447023391724 66.32525959610939 14.039221435785292 177.11965216696262 57.600814521312714
leaf_count=946 969 393 100 195 695 62 28 51 5147 290 98 2250 569 56 379 91 968 415 577 369 3204 25 24 144 1572 253 314 60 798 279
internal_value=6.37186e-05 -0.0136379 0.0135423 0.0107622 0.00863697 -0.00894531 -0.0206062 0.00352116 -0.00540501 -0.0428755 0.00126527 0.0177973 0.0246172 -0.0227081 -0.0177416 0.00205962 -0.0169654 0.0144479 0.0417206 -0.0379694 0.00138341 0.0314779 -0.010686 -0.0415124 0.000681934 -0.0311671 -0.0231845 -0.0180321 -0.0153094 -0.0226257
internal_weight=4853.71 2406.75 2446.96 2290.28 2143.43 2074.16 482.621 1375.78 1591.54 332.598 1243.18 767.651 132.596 469.731 354.809 1221.63 315.989 623.976 146.85 114.923 1201.09 27.0961 227.2 108.933 1173.99 167.78 269.836 203.51 191.159 108.088
internal_count=21321 10510 10811 9842 9070 8742 2210 5710 6532 1768 5090 3360 620 2148 1607 4990 1385 2665 772 541 4899 123 992 513 4776 822 1228 914 858 532
is_linear=0
shrinkage=0.05


Tree=21
num_leaves=31
num_cat=0
split_feature=10 13 12 24 13 7 10 24 25 7 10 10 7 7 10 10 13 3 12 10 25 12 12 19 13 13 12 21 26 21
split_gain=325.773 123.501 104.629 56.0953 36.5696 31.3329 68.6822 46.241 26.3901 24.6457 63.5238 30.1379 21.494 20.758 20.1303 44.8404 19.4406 15.9999 15.5036 14.8544 17.554 13.6064 13.3533 12.8758 12.6383 11.952 11.9238 11.8239 11.4216 11.1481
threshold=1.0000000180025095e-35 -15474.999999999998 3775.0000000000005 5.5000000000000009 7925.0000000000009 28.500000000000004 -1.4999999999999998 -2.4999999999999996 -2.4999999999999996 38.500000000000007 1.5000000000000002 2.5000000000000004 105.50000000000001 105.50000000000001 -2.4999999999999996 -3.4999999999999996 -2874.9999999999995 1.0000000180025095e-35 27225.000000000004 3.5000000000000004 2.5000000000000004 26875.000000000004 8225.0000000000018 73.500000000000014 -10174.999999999998 -7974.9999999999991 27225.000000000004 183.50000000000003 5.5000000000000009 -288.49999999999994
decision_type=2 2 2 2 2 2 2 2 2 2 2 2 2 2 2 2 2 2 2 2 2 2 2 2 2 2 2 2 2 2
left_child=1 26 -2 4 9 16 7 21 -9 24 -11 13 14 -12 15 25 18 -8 -3 23 -21 29 -6 -13 -4 -10 -1 -26 -5 -7
right_child=2 5 3 28 22 6 17 8 12 10 11 19 -14 -15 -16 -17 -18 -19 -20 20 -22 -23 -24 -25 27 -27 -28 -29 -30 -31
leaf_value=-0.048839265180112251 0.053156952629651893 -0.019263521307699667 -0.038680473722847615 0.065387165115129306 0.031096721041454702 -0.022978154100549264 -0.065924567089679656 -0.059603169472708765 0.081647097636835822 0.062683506324325303 -0.024594735247023988 -0.0016592161747467492 -0.020882208020828297 0.057442359415296899 0.03207665992847112 -0.055574927392662711 -0.0011146404667795101 -0.020441050029285056 -0.0019079479018110888 -0.020083241015744963 0.025675731675959986 -0.01136197159051377 0.013962838195745758 0.063240399265087038 -0.0026432079398147662 0.014071961645462629 -0.028674073720977383 0.0084439666385900079 0.032328417412081055 -0.060311738679307315
leaf_weight=209.19997331500053 151.66076055169106 343.08196769654751 20.430778011679649 35.196287602186203 141.77645169198513 34.220425799489021 81.250865623354912 15.41997656226158 7.5450625121593466 59.268290475010872 85.060784891247749 10.220617502927778 50.496906638145447 8.3530614674091321 92.6135313808918 26.34069137275219 1039.765026345849 25.976236462593079 206.98564273118973 32.879141822457314 57.110459759831429 45.862631976604462 590.74542808532715 28.49311001598835 748.8044108748436 48.527327239513397 116.19926260411739 353.94224952161312 108.64720921218395 50.611828356981277
leaf_count=1174 969 1481 91 195 695 164 448 70 33 331 361 44 225 36 392 112 4193 120 858 140 261 208 2537 127 3014 203 594 1433 577 235
internal_value=6.06106e-05 -0.0130319 0.012948 0.0102701 0.00823177 -0.00852385 -0.0197385 -0.00954435 0.00342828 0.00350337 0.0167333 0.00442704 0.00778467 -0.0171519 0.0160911 -0.00182953 -0.00514178 -0.0549819 -0.0127434 0.0201292 0.00889772 -0.0334827 0.0172896 0.0460176 0.000183277 0.023383 -0.0416647 0.000911288 0.0404919 -0.0453554
internal_weight=4826.69 2394.1 2432.59 2280.93 2137.08 2068.7 478.865 371.638 240.943 1404.56 281.385 222.117 225.524 93.4138 175.027 82.4131 1589.83 107.227 550.068 128.703 89.9896 130.695 732.522 38.7137 1123.18 56.0724 325.399 1102.75 143.843 84.8323
internal_count=21321 10510 10811 9842 9070 8742 2210 1642 1035 5838 1300 969 965 397 740 348 6532 568 2339 572 401 607 3232 171 4538 236 1768 4447 772 399
is_linear=0
shrinkage=0.05


Tree=22
num_leaves=31
num_cat=0
split_feature=9 13 13 24 7 10 19 13 7 20 7 13 13 10 3 10 13 10 20 19 5 10 1 10 7 10 15 4 10 3
split_gain=296.149 115.359 94.386 41.1057 28.9266 64.709 43.1094 25.8845 29.0327 23.4853 21.0758 17.7072 17.1993 16.813 15.7352 15.4137 15.9865 15.1821 14.0992 13.6004 12.2782 18.9304 39.8979 35.0877 26.234 18.7304 27.7503 11.8917 10.9983 10.9859
threshold=1.0000000180025095e-35 -15474.999999999998 18125.000000000004 5.5000000000000009 28.500000000000004 -1.4999999999999998 -97.499999999999986 -16574.999999999996 72.500000000000014 -99.499999999999986 105.50000000000001 -7624.9999999999991 6475.0000000000009 1.5000000000000002 1.0000000180025095e-35 -2.4999999999999996 1825.0000000000002 3.5000000000000004 -185.49999999999997 315.50000000000006 9.5000000000000018 1.5000000000000002 1.0000000180025095e-35 2.5000000000000004 48.500000000000007 3.5000000000000004 2.5000000000000004 24.500000000000004 2.5000000000000004 1.0000000180025095e-35
decision_type=2 2 2 2 2 2 2 2 2 2 2 2 2 2 2 2 2 2 2 2 2 2 2 2 2 2 2 2 2 2
left_child=1 -1 3 7 11 6 -6 -2 12 -8 -11 18 20 -10 -7 16 -12 -5 -3 28 -9 22 24 -23 -22 29 -27 -16 -4 -25
right_child=2 4 19 17 5 14 9 8 13 10 15 -13 -14 -15 27 -17 -18 -19 -20 -21 21 23 -24 25 -26 26 -28 -29 -30 -31
leaf_value=-0.040465911666153563 -0.042664402385834861 -0.032718234273634871 0.037132099385045018 0.063628344583964935 -0.025629760217439054 -0.064907477113330572 -0.053026628750819454 -0.002499144319112457 0.062553539175907211 0.024016231887822814 -0.02920968477249632 -0.0022693085971094581 0.011505737796412313 0.019766656724711444 0.0058337461080243264 -0.074369920695348576 0.044873105006716298 0.024591794116990463 -0.0089480889757276565 0.047665000730276456 -0.00039653195952378951 -0.020811585356960594 0.076072891252083219 0.065874410095164829 0.064544958780177297 -0.044325254177460277 0.028510013259335942 -0.064215589953817653 0.016467922392460206 0.0021845554669626915
leaf_weight=318.49022135138512 26.597088396549225 86.583870679140091 146.76986108720303 35.957984775304794 191.12757585942745 78.469919770956039 14.129163950681685 732.28119525313377 28.239421561360359 124.469148889184 18.769832327961925 1275.0226096212864 641.51475958526134 126.38688768446445 16.469810038805011 9.1302972584962827 11.755941167473791 83.947354882955551 226.53020088374615 134.09545639157295 98.9148268699646 105.64466685056686 28.110260412096977 26.558022022247314 18.319117546081543 19.783109471201897 38.052328780293465 9.3713660389184934 117.24788156151772 9.3057634830474836
leaf_count=1768 125 389 824 202 877 448 64 2940 174 524 86 5147 2710 574 67 40 51 453 996 765 398 434 133 114 104 81 167 53 575 38
internal_value=5.76972e-05 -0.0124603 0.0123841 0.00799371 -0.00813006 -0.0189764 -0.00913329 0.00619737 0.00689609 0.00853095 0.0138898 -0.00489077 0.00502441 0.0276485 -0.0537426 -0.0177489 -0.000462648 0.0363833 -0.0155454 0.0346359 0.00115835 0.00894158 0.0226591 -0.00104132 0.00975505 0.0211945 0.00347628 -0.0195267 0.027984 0.0495395
internal_weight=4798.05 2380.32 2417.73 2019.61 2061.83 473.693 369.382 1899.71 1873.11 178.254 164.125 1588.14 1718.48 154.626 104.311 39.6561 30.5258 119.905 313.114 398.113 1076.97 344.688 145.344 199.344 117.234 93.6992 57.8354 25.8412 264.018 35.8638
internal_count=21321 10510 10811 8647 8742 2210 1642 7992 7867 765 701 6532 7119 748 568 177 137 655 1385 2164 4409 1469 635 834 502 400 248 120 1399 152
is_linear=0
shrinkage=0.05


Tree=23
num_leaves=31
num_cat=0
split_feature=9 13 13 24 5 10 17 11 4 10 11 10 5 13 13 10 20 11 24 5 0 13 11 11 10 10 13 13 6 0
split_gain=269.184 107.64 87.6596 38.1639 26.4749 57.062 30.312 24.6379 27.0153 20.2224 19.1198 16.7392 21.3787 20.8137 16.1585 14.7103 13.9837 13.6273 12.6772 13.5712 16.1432 14.2231 13.3356 12.789 12.0582 15.4484 11.5594 11.2909 10.4078 10.4484
threshold=1.0000000180025095e-35 -15474.999999999998 18125.000000000004 5.5000000000000009 18.500000000000004 -1.4999999999999998 -1.8333333333333333 14425.000000000002 30.500000000000004 1.5000000000000002 5425.0000000000009 1.5000000000000002 10.500000000000002 -6974.9999999999991 -7624.9999999999991 3.5000000000000004 -185.49999999999997 28175.000000000004 -2.4999999999999996 60.500000000000007 0.38333333333333336 2575.0000000000005 25625.000000000004 28675.000000000004 -2.4999999999999996 -3.4999999999999996 7925.0000000000009 25375.000000000004 -10.499999999999998 0.61666666666666681
decision_type=2 2 2 2 2 2 2 2 2 2 2 2 2 2 2 2 2 2 2 2 2 2 2 2 2 2 2 2 2 2
left_child=1 10 3 7 14 6 -6 11 26 -10 -1 12 -2 -13 16 -5 -3 -4 -8 20 21 -20 -22 -21 25 -24 28 -19 29 -9
right_child=2 4 17 15 5 -7 18 8 9 -11 -12 13 -14 -15 -16 -17 -18 27 19 23 22 -23 24 -25 -26 -27 -28 -29 -30 -31
leaf_value=-0.052016670279126501 -0.0045696020197425139 -0.032171587186458378 0.046898054517322624 0.062630452033549791 -0.027175756772658474 -0.057821785049887137 -0.040647616278494357 0.042142400876384892 0.061935056072547012 0.018197343648436795 -0.027114267319212616 -0.047038121150639829 0.069629524089503805 -0.0053407917233561928 -0.0025702464634642362 0.023666863558357124 -0.0086043150979192243 0.02141500378640333 -0.05164611301709994 -0.038378649954802502 0.052971049606987314 0.012270466630703468 0.019856153498385914 0.027472495698032059 0.028180655295570962 -0.069666151455449507 0.012287255243248823 0.046764279276255628 0.001761947015959095 -0.013656215314455012
leaf_weight=152.03794829547405 48.011230900883675 87.360726922750473 128.53550599515438 34.736931666731834 142.40200090408325 77.514134183526039 14.606060415506361 30.879943490028381 32.212056636810303 150.32767242193222 159.80304311215878 49.294673651456833 12.035460084676741 76.820938020944595 1341.5387531071901 82.89786471426487 228.46958002448082 206.18804067373276 14.167449474334715 25.44379098713398 31.542264059185982 22.041884809732437 10.709865421056747 10.193651288747786 40.334095701575279 8.5311824381351471 455.29224754869938 56.572551861405373 1028.2815810441971 11.286347836256025
leaf_count=946 193 397 800 202 675 452 65 147 205 688 822 222 64 313 5447 453 1008 995 59 116 136 93 44 44 170 36 1943 369 4165 52
internal_value=5.53029e-05 -0.0119128 0.0118428 0.00762767 -0.00775478 -0.0193466 -0.0099951 0.00590753 0.0077917 0.0259726 -0.0392842 -0.0113502 0.0103104 -0.021703 -0.0049707 0.0352585 -0.0151471 0.0334972 0.00376229 0.00779579 0.0154501 -0.0126735 0.0266827 -0.0193787 0.012615 -0.0197331 0.0056117 0.0269075 0.00276683 0.0270919
internal_weight=4770.07 2366.7 2403.37 2012.08 2054.86 397.486 319.972 1894.44 1708.28 182.54 311.841 186.162 60.0467 126.116 1657.37 117.635 315.83 391.296 177.57 162.964 127.327 36.2093 91.1174 35.6374 59.5751 19.241 1525.74 262.761 1070.45 42.1663
internal_count=21321 10510 10811 8647 8742 1890 1438 7992 7200 893 1768 792 257 535 6852 655 1405 2164 763 698 538 152 386 160 250 80 6307 1364 4364 199
is_linear=0
shrinkage=0.05


Tree=24
num_leaves=31
num_cat=0
split_feature=9 13 12 15 13 7 10 25 4 10 14 13 4 12 7 7 25 13 20 4 14 0 12 8 20 12 18 7 0 10
split_gain=244.601 100.591 92.7171 45.0618 25.8409 25.2684 48.7444 27.2537 21.1029 43.0334 22.6813 18.08 18.492 17.6547 14.0968 13.8513 13.5164 13.4142 15.0674 12.6155 12.5166 12.0706 12.031 11.7405 10.264 10.2577 9.9089 9.75388 12.9307 19.8869
threshold=1.0000000180025095e-35 -15474.999999999998 3775.0000000000005 5.5000000000000009 9025.0000000000018 48.500000000000007 -1.4999999999999998 -2.4999999999999996 18.500000000000004 1.5000000000000002 3.5000000000000004 -15874.999999999998 68.500000000000014 4325.0000000000009 47.500000000000007 105.50000000000001 5.5000000000000009 -7624.9999999999991 -185.49999999999997 17.500000000000004 -2.4999999999999996 1.0500000000000003 27225.000000000004 0.79034123770965892 333.50000000000006 8225.0000000000018 2.2250000000000005 14.500000000000002 0.2166666666666667 1.5000000000000002
decision_type=2 2 2 2 2 2 2 2 2 2 2 2 2 2 2 2 2 2 2 2 2 2 2 2 2 2 2 2 2 2
left_child=1 22 -2 4 8 14 7 -7 19 21 11 -11 23 -9 16 20 17 18 -3 27 -15 -10 -1 -13 -12 -6 -20 -4 29 -29
right_child=2 5 3 -5 25 6 -8 13 9 10 24 12 -14 15 -16 -17 -18 -19 26 -21 -22 -23 -24 -25 -26 -27 -28 28 -30 -31
leaf_value=-0.045696833908462742 0.050883820221977606 -0.0316852253881919 -0.002330676591228353 0.03717062619957389 0.027817474188141275 -0.032871440537533547 -0.061564676786619914 0.056319508022441046 0.060034925455601053 -0.062459784631594011 0.048685706045911811 -0.0099459472353337682 0.043174904871675308 -0.048807130690694471 0.061166449516040368 -0.025713711563183656 -0.069905983752602693 -0.0029275119401033301 -0.0058385267130335178 -0.041412597743666478 0.012579017605961453 -0.0023225392820766608 -0.024874380604247535 0.066534439717680388 0.010115491625953309 0.012242391691740233 -0.073352980471659918 0.084095708473069422 0.00434219451188425 0.0090927073820530734
leaf_weight=194.42053833603859 139.41030471026897 89.572010800242424 736.42729750275612 132.33579531311989 136.44675567746162 90.565296947956085 58.654885709285736 13.311464414000509 55.915930315852165 12.392097949981688 34.563473954796791 126.82484206557274 21.332140520215034 9.0152755677700025 7.8910640329122534 47.810056403279305 7.9831768274307242 1401.2614886015654 225.90822470188141 17.530200779438019 91.071168884634972 8.8221660852432233 110.68941849470139 5.1125681698322287 35.255092978477478 483.07930655777454 5.4870737046003333 13.228598758578299 404.05504383146763 26.858456373214722
leaf_count=1174 969 413 2964 734 697 441 368 66 339 60 165 538 95 43 34 218 41 5710 1000 73 383 41 594 21 168 2119 25 59 1654 115
internal_value=5.2689e-05 -0.0113867 0.0113221 0.00886669 0.00709405 -0.00739354 -0.0205366 -0.0109379 0.00353783 0.0153902 0.00543235 -0.00461805 6.36251e-05 0.00136593 -0.00504224 -0.00358111 -0.00535061 -0.00504443 -0.014267 0.000562681 0.00695656 0.0514696 -0.0381698 -0.00689632 0.0293234 0.0156847 -0.00749209 0.00119366 0.00704779 0.0341155
internal_weight=4743.23 2353.64 2389.59 2250.18 2117.84 2048.53 310.428 251.773 1498.32 300.218 235.48 165.662 153.27 161.208 1738.1 147.897 1730.21 1722.23 320.967 1198.1 100.086 64.7381 305.11 131.937 69.8186 619.526 231.395 1180.57 444.142 40.0871
internal_count=21321 10510 10811 9842 9108 8742 1519 1151 6292 1427 1047 714 654 710 7223 644 7189 7148 1438 4865 426 380 1768 559 333 2816 1025 4792 1828 174
is_linear=0
shrinkage=0.05


Tree=25
num_leaves=31
num_cat=0
split_feature=9 13 12 15 11 5 10 4 13 22 10 5 20 0 19 35 11 5 12 6 13 20 28 10 10 10 12 4 0 21
split_gain=196.282 98.2891 88.9166 37.8645 27.4188 25.6499 49.0569 21.923 21.0319 18.9961 15.9055 52.0548 23.7453 20.5721 17.5951 15.5238 14.9876 14.792 14.4513 14.2658 15.4744 13.2291 12.3785 11.813 19.3922 15.0934 11.7479 11.5452 11.1605 11.0777
threshold=1.0000000180025095e-35 -11724.999999999998 3775.0000000000005 4.5000000000000009 6575.0000000000009 18.500000000000004 -1.4999999999999998 60.500000000000007 11925.000000000002 -84.166666666666643 1.5000000000000002 15.500000000000002 -8.4999999999999982 0.9833333333333335 51.500000000000007 0.19090909090909094 30725.000000000004 66.500000000000014 11175.000000000002 4.5000000000000009 13075.000000000002 167.50000000000003 -2.6333333333333329 -3.4999999999999996 -4.4999999999999991 -5.4999999999999991 8225.0000000000018 12.500000000000002 0.61666666666666681 -23.499999999999996
decision_type=2 2 2 2 2 2 2 2 2 2 2 2 2 2 2 2 2 2 2 2 2 2 2 2 2 2 2 2 2 2
left_child=1 4 -2 7 -1 16 9 8 10 23 11 21 14 -13 29 -5 19 18 -11 20 -3 22 -4 24 25 -7 -10 -6 -21 -12
right_child=2 5 3 15 27 6 -8 -9 26 17 12 13 -14 -15 -16 -17 -18 -19 -20 28 -22 -23 -24 -25 -26 -27 -28 -29 -30 -31
leaf_value=-0.046212126491418072 0.050474959653725171 -0.0018125450134233107 0.069005397994730475 0.012488532738063909 -0.01688696231674286 -0.013042246872802993 -0.05410294546445972 0.037019541003207777 0.028101420177715736 0.045153884002015712 -0.032112755219285166 0.056526101964446775 -0.00036244695954997484 -0.014496931991398315 0.017573897033170797 0.034500236742001367 0.020983765733963301 -0.029330976614899692 0.0029794886504703869 -0.023847430160288233 0.055801710706632673 0.079060782003936222 0.00055881914742703087 -0.041942396794718735 0.029230348061195496 -0.07082595622758546 0.0090983150949351787 -0.047000033373584924 0.0040336834259149289 -0.087523139977507491
leaf_weight=177.99361944198608 130.76227623224258 1260.3747166991234 6.5947808027267447 155.89117309451103 238.46271818876266 68.693399786949158 70.908078834414482 53.20549875497818 116.82966081798077 25.218304842710495 31.988781377673149 67.139341846108437 812.52857209742069 11.849812835454939 12.895566910505293 167.14156803488731 67.178863257169724 27.01989534497261 104.43948471546173 131.96534340083599 11.659426793456076 5.453151509165763 513.39861612021923 45.477761328220367 22.846201926469803 13.541625291109083 272.18533574044704 37.002986565232277 48.85744771361351 12.901626735925673
leaf_count=1147 940 5123 28 689 1165 327 437 264 604 119 138 395 3342 52 56 916 275 123 432 568 52 24 2069 217 104 65 1216 204 198 54
internal_value=0.000252572 -0.00998112 0.0104058 0.00806235 -0.0308946 -0.00498107 -0.0166343 0.00538975 0.00448218 -0.00795569 0.00174998 0.00798217 -0.00257297 0.0458033 -0.0335145 0.0239003 -0.00207787 0.00420494 0.0112494 -0.00314903 -0.00127618 0.00227947 0.0014496 -0.0206381 -0.0113392 -0.0226927 0.014824 -0.0209657 -0.0162884 -0.0483081
internal_weight=4722.41 2351.64 2370.77 2240 453.459 1898.18 378.145 1916.97 1863.77 307.237 1474.75 604.436 870.315 78.9892 57.786 323.033 1520.04 156.678 129.658 1452.86 1272.03 525.447 519.993 150.559 105.081 82.235 389.015 275.466 180.823 44.8904
internal_count=21343 10556 10787 9847 2516 8040 1824 8242 7978 1387 6158 2568 3590 447 248 1605 6216 674 551 5941 5175 2121 2097 713 496 392 1820 1369 766 192
is_linear=0
shrinkage=0.05


Tree=26
num_leaves=31
num_cat=0
split_feature=9 13 12 7 10 14 11 7 10 3 13 4 15 11 13 4 12 12 7 10 16 10 10 10 5 11 13 6 46 23
split_gain=178.334 91.0943 84.4546 34.9754 46.5708 33.9257 26.5313 26.141 51.074 23.7877 23.2586 19.2945 17.335 16.508 15.7706 14.8067 13.7979 13.2325 12.3082 12.1684 12.1487 15.4034 14.5016 19.4488 18.2501 14.9918 13.3296 11.0217 10.6542 10.8533
threshold=1.0000000180025095e-35 -11724.999999999998 3525.0000000000005 30.500000000000004 1.5000000000000002 3.5000000000000004 6575.0000000000009 42.500000000000007 -1.4999999999999998 1.0000000180025095e-35 11925.000000000002 70.500000000000014 3.5000000000000004 30725.000000000004 18125.000000000004 27.500000000000004 4175.0000000000009 8025.0000000000009 24.500000000000004 5.5000000000000009 3.5000000000000004 2.5000000000000004 3.5000000000000004 4.5000000000000009 53.500000000000007 24825.000000000004 5875.0000000000009 4.5000000000000009 1.0000000180025095e-35 -45.699999999999996
decision_type=2 2 2 2 2 2 2 2 2 2 2 2 2 2 2 2 2 2 2 2 2 2 2 2 2 2 2 2 2 2
left_child=1 6 -2 10 9 11 -1 13 14 -5 -4 12 20 16 -9 -11 -3 -12 -8 -7 21 26 24 -24 -23 -25 -6 28 -18 -30
right_child=2 7 3 4 5 19 18 8 -10 15 17 -13 -14 -15 -16 -17 27 -19 -20 -21 -22 22 23 25 -26 -27 -28 -29 29 -31
leaf_value=-0.045213177409261597 0.051004450444054453 0.053590729742396981 0.0011173991589347441 0.063485299762091107 -0.027381703648493155 0.039523246605386399 -0.015688724170987999 -0.011527770484722611 -0.059618492413975037 -0.025836955264231173 0.028427274138059629 0.037374800848268996 0.043655507827856446 0.021709388012547182 0.037073511663752681 0.060041815661643474 -0.0032357637303205723 0.0089103778692372557 -0.045895589493879674 0.013958549986383868 -0.052372197832325822 0.059313207856572125 -0.048373738332648568 -0.057548281079846511 -0.05183033119207673 0.038881501126530958 0.044273645253044204 -0.015676077524039728 -0.0021090940437445442 0.032912170281392199
leaf_weight=172.96086885035038 118.87773911654949 10.524546205997465 1314.7794765233994 76.194704860448837 79.983660042285919 98.295436382293701 233.19071178138256 252.88779072463512 59.110285863280296 14.217440754175188 122.95759157836437 27.373216912150383 15.085279956459997 69.72406242787838 17.733395934104919 7.6156346797943106 1228.704095646739 300.18450285494328 39.683183401823044 90.171265110373497 16.776343747973442 21.073225647211078 17.317989557981491 4.8782135248184231 4.3454614281654349 20.605972036719322 6.9235678166151038 166.81172247231007 45.5092553794384 42.475517377257347
leaf_count=1147 887 49 5359 475 340 523 1143 1150 394 58 655 127 73 285 88 52 5016 1335 226 493 74 93 76 21 20 93 33 700 185 173
internal_value=0.00024157 -0.00953793 0.0099471 0.00776257 0.0194056 0.0118617 -0.029871 -0.00474637 -0.0175401 0.0503113 0.00440333 -0.00172306 -0.00749019 -0.00204455 -0.00831202 0.00402778 -0.00315784 0.0145988 -0.0201151 0.0273323 -0.0120303 -0.00760434 0.0101208 -0.00755164 0.039988 0.0200746 -0.0215714 -0.00356739 -0.00202847 0.0147592
internal_weight=4696.97 2339.32 2357.66 2238.78 500.857 402.83 445.835 1893.48 329.731 98.0278 1737.92 214.363 186.99 1563.75 270.621 21.8331 1494.03 423.142 272.874 188.467 171.904 155.128 68.2209 42.8022 25.4187 25.4842 86.9072 1483.5 1316.69 87.9848
internal_count=21343 10556 10787 9900 2551 1966 2516 8040 1632 585 7349 950 823 6408 1238 110 6123 1990 1369 1016 750 676 303 190 113 114 373 6074 5374 358
is_linear=0
shrinkage=0.05


Tree=27
num_leaves=31
num_cat=0
split_feature=13 13 9 12 7 10 7 10 13 15 14 4 0 22 35 21 10 0 0 12 9 32 22 10 13 24 33 26 7 22
split_gain=163.424 123.954 43.7858 43.5159 32.3216 38.0111 31.1808 41.1185 17.9732 17.5838 19.1347 21.9499 14.6371 12.2802 15.7555 18.8619 17.3009 12.2666 12.1495 11.5735 11.5516 11.2363 11.0294 10.3937 10.2737 14.209 10.0085 11.0785 9.89628 9.39369
threshold=-11724.999999999998 16375.000000000002 1.0000000180025095e-35 4575.0000000000009 36.500000000000007 1.5000000000000002 38.500000000000007 -1.4999999999999998 -17874.999999999996 3.5000000000000004 3.5000000000000004 70.500000000000014 1.2500000000000002 180.41666666666671 0.44097222222222227 272.50000000000006 -2.4999999999999996 0.35000000000000003 0.35000000000000003 22025.000000000004 1.0000000180025095e-35 0.60000000000000442 354.41666666666669 5.5000000000000009 975.00000000000011 -5.4999999999999991 0.2870833333333333 3.5000000000000004 24.500000000000004 246.16666666666671
decision_type=2 2 2 2 2 2 2 2 2 2 2 2 2 2 2 2 2 2 2 2 2 2 2 2 2 2 2 2 2 2
left_child=8 2 6 -3 -4 12 24 18 22 10 11 17 -6 14 -5 16 -16 -7 -8 -10 28 -15 -1 -11 29 -26 -19 -28 -21 -2
right_child=1 3 4 13 5 9 7 -9 19 23 -12 -13 -14 21 15 -17 -18 26 -20 20 -22 -23 -24 -25 25 -27 27 -29 -30 -31
leaf_value=-0.039766403663454519 -0.0049142610994501595 0.049061973376916847 0.0024314144213131942 0.027508618097631846 0.061206802961053991 0.028340430395271413 -0.038765595675653436 -0.05638266589143337 -0.042286485859936156 0.038969380223615797 0.063158881355574556 0.043161697377856106 -0.02009747117600684 0.030320493966856696 -0.074058049532287742 -0.07073925343290316 0.0083693709260978712 0.010438121204458316 -0.0065320536727282875 -0.01348002940946931 0.019424053570406705 -0.0041732007831281432 0.039923627986620851 0.011210013453690217 -0.066404042437910357 0.0040480346202461234 -0.018530925597487931 -0.07187659117892499 -0.045215814297785761 -0.062155012099659845
leaf_weight=208.10478967428207 939.73810003697872 154.03741640597582 1489.8973358124495 53.846959412097931 59.107687011361122 16.543152824044228 33.551239937543869 60.602729424834251 43.781080797314644 66.342696487903595 11.24361492693424 21.018768757581711 5.9608533382415763 162.4624650478363 6.8465122878551474 10.06172640621662 75.78083224594593 24.888354048132896 229.35854256153107 179.74590587615967 22.833149239420891 27.303464993834496 4.2956693023443213 70.040758311748505 7.14291027188301 561.16805273294449 79.861530125141144 11.124727874994276 28.631750509142876 7.1400287598371497
leaf_count=1317 3848 1124 6132 260 403 71 158 412 261 356 59 97 28 812 30 47 366 107 1037 881 108 134 24 378 33 2278 338 48 165 31
internal_value=0.000231977 0.00342437 0.000287935 0.0270425 0.00570668 0.0190167 -0.00517917 -0.0192697 -0.0271648 0.0114968 0.000466811 -0.00413275 0.0536625 0.0169304 0.00600673 -0.00644692 0.00139772 -0.0117045 -0.0106777 -0.0186795 -0.0141714 0.0253316 -0.0381132 0.0247686 -0.00216628 0.00314222 -0.0174842 -0.02518 -0.0178842 -0.00535769
internal_weight=4672.46 4185.07 3694.73 490.339 1856.03 366.132 1838.7 323.513 487.392 301.064 164.68 153.437 65.0685 336.302 146.536 92.6891 82.6273 132.418 262.91 274.992 231.211 189.766 212.4 136.383 1515.19 568.311 115.875 90.9863 208.378 946.878
internal_count=21343 18587 15814 2773 8017 1885 7797 1607 2756 1454 720 661 431 1649 703 443 396 564 1195 1415 1154 946 1341 734 6190 2311 493 386 1046 3879
is_linear=0
shrinkage=0.05


Tree=28
num_leaves=31
num_cat=0
split_feature=13 13 12 9 11 7 7 4 24 26 11 43 35 22 15 13 15 37 8 11 20 1 7 7 21 11 20 37 13 32
split_gain=149.797 113.982 42.0258 39.6664 35.4374 30.1915 28.5695 14.367 14.5 15.57 12.4929 11.4842 13.3334 14.0765 10.8935 9.68914 9.65405 9.32159 8.59977 8.52974 9.75946 8.19076 26.9525 12.6362 10.3451 9.98916 12.5201 9.12785 9.06763 8.98433
threshold=-11724.999999999998 16375.000000000002 4575.0000000000009 1.0000000180025095e-35 5425.0000000000009 22.500000000000004 42.500000000000007 63.500000000000007 4.5000000000000009 4.5000000000000009 30725.000000000004 1.0000000180025095e-35 0.44097222222222227 348.16666666666669 3.5000000000000004 975.00000000000011 5.5000000000000009 0.13333333333333428 0.70064935064935074 27825.000000000004 -78.499999999999986 1.0000000180025095e-35 12.500000000000002 41.500000000000007 -446.49999999999994 27825.000000000004 135.50000000000003 0.36666666666667241 6275.0000000000009 0.66666666666667129
decision_type=2 2 2 2 2 2 2 2 2 2 2 2 2 2 2 2 2 2 2 2 2 2 2 2 2 2 2 2 2 2
left_child=4 3 -3 6 -1 15 10 8 16 -10 21 12 -4 19 -6 17 -7 -5 -8 20 -14 25 -23 24 -24 26 29 -27 -26 -2
right_child=1 2 11 5 14 7 18 -9 9 -11 -12 -13 13 -15 -16 -17 -18 -19 -20 -21 -22 22 23 -25 28 27 -28 -29 -30 -31
leaf_value=-0.046802109172271268 -0.0010136582787293367 0.048188266422570042 0.025320543992359584 -0.055555312906237275 -0.019391062864327881 0.0062632829906318806 -0.017206164950659412 0.038139004937087502 0.050711936584830378 0.013441349313137348 0.018855195584863524 0.034557585289111903 -0.016636177985826919 0.046147408469821412 0.020225418455547116 0.0032745121341007134 0.06747005311899279 -0.0059240194440345964 -0.057843661468964171 -0.008990764645810537 0.041587919567831672 -0.0023528831574937022 0.02237342170084938 0.045475938089001897 -0.039802999299814706 -0.0092531099205839188 -0.014739385938547589 0.019797226543194442 -0.0056145027899315754 0.019493010397305523
leaf_weight=145.8954264074564 289.54747262597084 149.11611822247505 105.10242739319801 9.8380929231643659 315.74306797981262 355.29023101180792 283.95096183568239 61.424985848367214 45.067703016102314 75.489149898290634 67.298685789108276 68.11284239590168 11.049217745661737 16.391479417681694 18.159257352352142 1084.0867507010698 6.4833417087793341 213.54717686772346 13.695586264133452 113.13971330225468 19.823910400271416 686.4921813160181 8.7905820310115796 5.7221531122922888 101.38415010273457 35.583991482853889 143.53719983994961 109.32900293171406 24.456664800643921 65.291870623826981
leaf_count=1018 1181 1124 515 40 1642 1638 1430 330 250 424 274 346 53 96 96 4439 33 863 71 539 100 2782 39 24 454 143 587 439 107 266
internal_value=0.000221885 0.00326797 0.0261115 0.000274547 -0.0262308 0.00543965 -0.00493329 0.0153408 0.0124197 0.0274461 -0.00218406 0.0162175 0.0114825 0.00237402 -0.0172161 0.00131726 0.00739233 -0.00815608 -0.0191116 -0.00260211 0.0206022 -0.00315179 -0.00644424 -0.0264042 -0.0295279 0.00107269 -0.00227903 0.0126279 -0.033208 0.00274999
internal_weight=4648.84 4169.04 482.736 3686.31 479.798 1851.23 1835.08 543.755 482.33 120.557 1537.43 333.62 265.507 160.404 333.902 1307.47 361.774 223.385 297.647 144.013 30.8731 1470.14 826.846 140.354 134.631 643.29 498.377 144.913 125.841 354.839
internal_count=21343 18587 2773 15814 2756 8017 7797 2675 2345 674 6296 1649 1303 788 1738 5342 1671 903 1501 692 153 6022 3406 624 600 2616 2034 582 561 1447
is_linear=0
shrinkage=0.05


Tree=29
num_leaves=31
num_cat=0
split_feature=13 12 9 7 7 13 13 3 25 12 12 13 24 9 13 19 7 34 35 35 12 36 36 14 4 33 38 23 27 5
split_gain=137.176 107.044 54.4551 34.0064 23.7459 16.6685 16.3553 14.0726 11.5276 11.0272 10.6839 10.4911 11.686 10.3761 9.95562 9.66019 9.50299 9.0329 27.4231 15.5323 15.1208 14.7149 10.9079 10.3334 8.70328 8.68481 8.35858 8.1839 8.64791 8.16424
threshold=-11724.999999999998 3525.0000000000005 1.0000000180025095e-35 28.500000000000004 42.500000000000007 -17874.999999999996 11925.000000000002 1.0000000180025095e-35 5.5000000000000009 8025.0000000000009 22025.000000000004 975.00000000000011 -5.4999999999999991 1.0000000180025095e-35 16375.000000000002 365.50000000000006 24.500000000000004 0.51666666666666672 0.53589743589743599 0.55050505050505061 11725.000000000002 0.59411764705882364 0.55050505050505061 -3.4999999999999996 66.500000000000014 0.12182539682539682 0.20000000000000107 -211.77499999999998 -1.1666666666666663 33.500000000000007
decision_type=2 2 2 2 2 2 2 2 2 2 2 2 2 2 2 2 2 2 2 2 2 2 2 2 2 2 2 2 2 2
left_child=5 -2 4 6 8 15 27 14 11 -8 -7 -3 -13 16 24 -1 -12 18 20 -19 -6 25 23 -21 -5 -22 -14 -4 -29 -9
right_child=1 2 3 7 17 10 9 29 -10 -11 13 12 26 -15 -16 -17 -18 19 -20 22 21 -23 -24 -25 -26 -27 -28 28 -30 -31
leaf_value=-0.037856322633215977 0.049468534267189057 -0.0049565799312561616 0.046078341544391638 0.016944043738617146 0.056992471400111017 -0.040316678683930587 0.025447936653759863 -0.01650855664569412 -0.067123616732512048 0.0072863853498044417 -0.012059421725132588 -0.058812796709185003 -0.027834171379742062 0.019072129108313789 0.044956325986749174 0.032895750878929354 -0.043646563348614692 -0.059585746964283696 -0.067254989299357998 -0.043001072387308693 0.046354921927590199 0.033748144092725856 -0.024187687790062272 0.032383744468581131 0.041296456315931263 -0.017168389740717615 0.0054079117373404123 -0.014028441997916159 0.0018117440673472561 0.016272202279649425
leaf_weight=198.27047254145145 120.84415386617184 951.87938146293163 9.8962417095899564 310.49046318978071 10.730059847235678 41.990121215581894 117.16907992959023 39.43155225366354 6.6669454127550116 296.03899221122265 177.30448128283024 7.3192208260297766 19.420869156718254 22.760048091411591 45.016316741704941 4.7962760031223288 27.657121285796165 26.990733534097672 16.850268214941025 5.9940801262855556 5.5998316258192053 20.137133181095123 122.93659175187349 17.490874066948891 42.02077242732048 87.63245514780283 568.51754423975945 92.842609718441963 1176.6614219099283 36.435674086213112
leaf_count=1315 962 3910 44 1614 52 261 647 166 36 1329 881 34 79 108 281 26 165 158 99 30 28 89 621 75 233 440 2314 373 4784 189
internal_value=0.000212584 0.00311764 0.00172677 0.0071225 -0.00452657 -0.0253032 0.00380503 0.0189702 -0.00198689 0.0124533 -0.0171113 -0.00169865 0.00350267 -0.0127947 0.0227358 -0.0361452 -0.0163653 -0.0170589 -0.00759875 -0.0247106 0.000508761 -0.0048387 -0.0182114 0.0128305 0.019872 -0.0132538 0.0042968 0.00100724 0.000648352 -0.000698893
internal_weight=4627.79 4155.01 4034.17 2166 1868.17 472.779 1692.61 473.395 1553.8 413.208 269.712 1547.14 595.258 227.722 397.528 203.067 204.962 314.362 140.95 173.412 124.099 113.369 146.422 23.485 352.511 93.2323 587.938 1279.4 1269.5 75.8672
internal_count=21343 18587 17625 9660 7965 2756 7177 2483 6373 1976 1415 6337 2427 1154 2128 1341 1046 1592 708 884 609 557 726 105 1847 468 2393 5201 5157 355
is_linear=0
shrinkage=0.05


Tree=30
num_leaves=31
num_cat=0
split_feature=9 12 13 24 11 13 7 10 0 22 25 12 26 6 13 20 4 30 6 38 37 0 38 12 0 5 12 32 25 10
split_gain=142.752 71.9512 63.8464 31.6387 26.2049 19.3159 21.9921 37.7359 22.4682 16.2159 16.0324 13.7273 13.6979 13.6931 13.5861 12.3137 11.3793 11.3004 11.2443 10.4521 10.2324 12.0546 14.0778 16.314 10.0855 10.0813 9.88146 9.2997 9.04033 8.68929
threshold=1.0000000180025095e-35 3275.0000000000005 -10924.999999999998 5.5000000000000009 7675.0000000000009 -16574.999999999996 34.500000000000007 1.5000000000000002 1.1833333333333336 -9.1666666666666661 -4.4999999999999991 3275.0000000000005 5.5000000000000009 30.500000000000004 7925.0000000000009 -284.49999999999994 12.500000000000002 0.55050505050505061 -1.0000000180025095e-35 0.15000000000000135 0.53333333333334232 0.2166666666666667 0.82928571428571518 25125.000000000004 0.35000000000000003 9.5000000000000018 28375.000000000004 0.75000000000001898 5.5000000000000009 -2.4999999999999996
decision_type=2 2 2 2 2 2 2 2 2 2 2 2 2 2 2 2 2 2 2 2 2 2 2 2 2 2 2 2 2 2
left_child=2 -2 4 5 -1 -3 14 8 -8 15 -4 -12 -5 28 20 -9 26 18 -16 -14 -7 22 -22 -24 -11 -20 -6 -23 -13 -30
right_child=1 3 10 12 16 6 7 9 -10 24 11 13 19 -15 17 -17 -18 -19 25 -21 21 27 23 -25 -26 -27 -28 -29 29 -31
leaf_value=-0.039901629355288314 0.050712829282985608 -0.039633766391687836 -0.023892355278571139 0.061097938387807409 -0.012983178142611969 -0.0036427269099280654 0.061039061254884813 0.046785563788976921 -0.026827658191793897 0.040017269381284262 0.050686234589797964 -0.0026783526492077676 -0.049024711545338495 -0.038987467190813231 -0.0085322550165405717 -0.03112975006993568 -0.041459793259713031 0.018743877660833144 0.011832105778902046 0.026081452728564859 0.02825983328864929 0.00018218948921543444 -0.064990389769206569 0.044762348329300594 0.010336420988269004 -0.039445940098866338 0.040502891499207633 0.042220622772993863 0.0076291411605526136 -0.063775305845088101
leaf_weight=184.67869500815868 99.900335393846035 22.952116057276726 99.32575798779726 30.111970022320747 208.74013900756836 611.39277696609497 61.55179600417614 5.8060798645019522 8.1072714775800687 33.403354167938232 11.608438253402708 1712.9883532896638 4.744149222970008 26.854654081165791 113.27349265664816 34.492386758327484 35.196718290448189 228.21194835007191 277.06989791244268 91.769172169268131 91.544329181313515 344.48776932060719 9.1285993456840497 5.2094111889600745 205.53920928388834 9.7914952486753446 8.8712605983018857 13.589133605360983 6.4703173786401758 11.653027273714542
leaf_count=1314 856 119 460 203 1037 2466 429 26 37 159 66 7214 27 140 507 148 209 1054 1261 561 373 1391 37 21 978 45 43 55 29 74
internal_value=0.00041407 0.00922315 -0.00837639 0.00733651 -0.0255707 0.00585239 0.00636536 0.0178044 0.0507172 0.00956091 -0.00434758 -0.00324643 0.0315998 -0.00360827 0.00401892 -0.0196922 -0.0150705 0.00985993 0.00477718 0.0222909 0.000600666 0.00620285 0.02102 -0.0247339 0.0145216 0.0100513 -0.0107622 0.00180286 -0.00305432 -0.0381065
internal_weight=4608.46 2302.08 2306.39 2202.18 437.487 2075.55 2052.6 348.9 69.6591 279.241 1868.9 1769.57 126.625 1757.97 1703.7 40.2985 252.808 628.347 400.135 96.5133 1075.35 463.959 105.882 14.338 238.943 286.861 217.611 358.077 1731.11 18.1233
internal_count=21339 10753 10586 9897 2603 9106 8987 1777 466 1311 7983 7523 791 7457 7210 174 1289 2867 1813 588 4343 1877 431 58 1137 1306 1080 1446 7317 103
is_linear=0
shrinkage=0.05


Tree=31
num_leaves=31
num_cat=0
split_feature=10 12 13 15 13 7 10 24 13 14 10 15 12 13 30 5 10 12 0 28 12 17 7 0 21 20 37 10 37 37
split_gain=129.59 68.3989 59.0837 29.9549 16.6237 19.1624 42.7437 15.2196 13.1034 12.9967 13.1917 13.0862 12.8612 12.3535 14.1301 12.0634 39.5583 11.6419 11.6364 11.444 11.4382 11.3252 10.7161 12.4089 11.6031 10.4174 10.1539 10.1259 9.67836 11.9644
threshold=1.0000000180025095e-35 3275.0000000000005 -10924.999999999998 5.5000000000000009 -16574.999999999996 36.500000000000007 1.5000000000000002 -5.4999999999999991 -17224.999999999996 3.5000000000000004 5.5000000000000009 3.5000000000000004 3275.0000000000005 6675.0000000000009 0.55050505050505061 22.500000000000004 -1.4999999999999998 26875.000000000004 1.2500000000000002 -3.6333333333333329 8225.0000000000018 -1.8333333333333333 178.50000000000003 0.38333333333333336 -152.49999999999997 -168.49999999999997 1.0000000180025095e-35 6.5000000000000009 0.55000000000000626 0.61602564102564139
decision_type=2 2 2 2 2 2 2 2 2 2 2 2 2 2 2 2 2 2 2 2 2 2 2 2 2 2 2 2 2 2
left_child=2 -2 8 4 -3 13 18 19 -1 11 -11 -8 -9 -6 20 -14 21 25 -7 -4 -15 -17 23 -23 -25 -10 -5 -12 -19 -30
right_child=1 3 7 26 5 6 9 12 17 10 27 -13 15 14 -16 16 -18 28 -20 -21 -22 22 -24 24 -26 -27 -28 -29 29 -31
leaf_value=-0.034355128058359899 0.050057012616971763 -0.036609632971786786 -0.011638048655118409 -0.02058205682874845 0.00014885327631264855 0.059940292932486344 -0.0022135535231988931 0.049421968187548203 -0.043300838030145811 0.041482892434472438 -0.041606106777964627 0.060833659286010304 -0.0020489525464047931 0.021723825446326391 0.0177643875665351 -0.019530278095029458 -0.056597259723034393 -0.015985146162065318 -0.013524591650236098 -0.064606827215749757 0.00026977722704871687 -0.020902615156706952 -0.038252127788508811 0.071287160339037065 0.010827743378230564 -0.015552111409798067 0.035004144798098456 0.018117060661287172 0.056272137489782749 -0.0040660864160517859
leaf_weight=193.71201736479998 96.242983311414719 22.961745575070381 25.01291861385107 8.6732735484838468 959.40047171711922 59.376855351030827 175.31284521520138 11.32006713747978 51.59643130004406 48.172070041298866 9.8508788943290693 8.5335965156555158 1537.5922133922577 73.234693042933941 274.19813282042742 85.308361783623695 44.400139957666397 49.598888635635376 5.7715876549482337 17.526569060981274 409.83899848163128 29.032629266381264 13.833546504378317 8.6282260119914991 93.875483646988869 101.19421447813511 113.90196519345045 24.6180749386549 12.945649549365042 21.791999086737633
leaf_count=1353 856 121 126 49 3883 440 777 66 294 260 50 45 6312 410 1250 423 328 244 27 96 1745 127 67 36 402 541 707 133 64 107
internal_value=0.000396436 0.00881431 -0.0079926 0.00700054 0.00557545 0.00605256 0.0170583 -0.0041364 -0.0246824 0.0081519 0.0246101 0.000717206 -0.00344285 0.00392263 0.00869644 -0.00377846 -0.0134234 -0.0167485 0.0533446 -0.0336792 0.00353641 -0.00507081 0.00338776 0.0078307 0.0160302 -0.0249776 0.0310166 0.000833162 -0.00176881 0.0183736
internal_weight=4587.46 2290.09 2297.37 2193.85 2071.27 2048.31 331.636 1866.53 430.839 266.487 82.641 183.846 1823.99 1716.67 757.272 1812.67 275.078 237.127 65.1484 42.5395 483.074 230.678 145.37 131.536 102.504 152.791 122.575 34.469 84.3365 34.7376
internal_count=21339 10753 10586 9897 9141 9020 1732 7983 2603 1265 443 822 7761 7288 3405 7695 1383 1250 467 222 2155 1055 632 565 438 835 756 183 415 171
is_linear=0
shrinkage=0.05


Tree=32
num_leaves=31
num_cat=0
split_feature=10 12 13 15 24 24 13 7 10 0 13 7 10 22 12 13 0 7 10 25 21 13 11 46 13 30 8 13 17 13
split_gain=117.689 64.9981 54.8195 27.7732 20.1832 16.0631 15.8994 14.5031 37.0589 20.8076 12.5165 15.7538 47.6766 12.2196 12.4003 12.9329 11.4547 24.1915 32.9837 29.8166 18.9881 12.0866 15.364 11.2724 11.1164 13.0232 11.039 10.9186 10.8262 10.746
threshold=1.0000000180025095e-35 3275.0000000000005 -17224.999999999996 5.5000000000000009 -5.4999999999999991 5.5000000000000009 -16574.999999999996 34.500000000000007 1.5000000000000002 1.1833333333333336 16375.000000000002 38.500000000000007 -1.4999999999999998 -9.1666666666666661 27225.000000000004 -2074.9999999999995 0.31666666666666671 8.5000000000000018 -1.4999999999999998 -1.4999999999999998 -120.49999999999999 4975.0000000000009 28725.000000000004 1.0000000180025095e-35 6675.0000000000009 0.55050505050505061 0.45961478720099419 -674.99999999999989 -1.8333333333333333 875.00000000000011
decision_type=2 2 2 2 2 2 2 2 2 2 2 2 2 2 2 2 2 2 2 2 2 2 2 2 2 2 2 2 2 2
left_child=2 -2 -1 5 -4 6 -3 24 9 -9 11 16 28 -10 15 -15 17 29 19 -19 -21 22 -22 -18 -8 26 -26 -16 -13 -6
right_child=1 3 4 -5 10 -7 7 8 13 -11 -12 12 -14 14 27 -17 23 18 -20 20 21 -23 -24 -25 25 -27 -28 -29 -30 -31
leaf_value=-0.033384933646038964 0.049414029187839353 -0.037006728262114853 -0.036621122223089907 0.030029352930277267 -0.0084702084577668608 0.052240165668714457 -0.00010297293226401116 0.059815117379076688 -0.018632658074203497 -0.024909931498616054 0.021131147059462233 -0.019080169227615729 -0.055704638264669842 -0.032521178020538645 0.054994718474748364 0.0092610376256489664 -0.0012336003868558274 -0.039090049698285487 -0.071199204919624864 0.077923826293105056 0.0065893429578343142 0.036251768627733348 -0.07397085240203323 0.019926226646018556 -0.010205030218446619 0.016825335566215443 0.0074187228468685631 0.013012954314963016 0.0022200004757882588 0.0063073873661439843
leaf_weight=189.48612760752439 92.711617045104504 22.259668305516243 50.154427990317345 120.33668546378613 367.74491591006517 18.001152560114861 946.56771630048752 56.230439513921738 40.22587026655674 8.1707461327314359 46.270604953169823 96.412160143256187 59.464946404099464 21.264049127697945 25.598736003041267 137.92396239936352 935.00602006912231 53.685524709522724 32.254660055041313 9.4518115967512113 17.191262021660808 14.331223100423811 8.8396971672773343 67.378000609576702 117.58472922444344 270.09334120154381 360.9856011942029 40.275282219052315 155.27277380228043 184.38489328324795
leaf_count=1353 856 119 273 756 1590 126 3821 424 174 37 231 492 444 92 115 677 3893 247 161 39 72 58 37 280 519 1234 1615 188 676 740
internal_value=0.000378942 0.00842353 -0.00763148 0.00668021 -0.00530145 0.00531586 0.00489827 0.0053632 0.0149616 0.0489664 -0.00453014 -0.00512692 -0.0154686 0.00667242 0.0112237 0.00363154 -0.00321944 -0.0081878 -0.027095 -0.0132467 0.0145276 -0.00035049 -0.0207547 0.000185574 0.00349279 0.00804514 0.00307689 0.0294615 -0.00592387 -0.0035259
internal_weight=4565.56 2278.23 2287.33 2185.52 2097.84 2065.18 2047.18 2024.92 329.689 64.4012 2047.69 2001.42 311.15 265.288 225.062 159.188 1690.27 687.884 135.754 103.5 49.814 40.3622 26.031 1002.38 1695.23 748.664 478.57 65.874 251.685 552.13
internal_count=21339 10753 10586 9897 9233 9141 9015 8896 1707 461 8960 8729 1612 1246 1072 769 7117 2944 614 453 206 167 109 4173 7189 3368 2134 303 1168 2330
is_linear=0
shrinkage=0.05


Tree=33
num_leaves=31
num_cat=0
split_feature=9 12 13 15 11 13 5 10 25 3 22 20 5 13 30 12 6 8 37 6 37 12 13 30 12 5 45 46 13 17
split_gain=106.873 61.7473 51.4566 25.7292 24.6776 13.888 16.625 33.56 12.8811 12.7126 12.5577 15.3783 11.6435 11.363 12.0502 11.2984 11.9662 10.8418 10.1742 9.87897 9.59343 8.83916 10.1459 11.523 8.66041 18.5137 7.98521 8.21721 9.30019 13.5487
threshold=1.0000000180025095e-35 3275.0000000000005 -10924.999999999998 5.5000000000000009 6575.0000000000009 -16574.999999999996 17.500000000000004 1.5000000000000002 -4.4999999999999991 1.0000000180025095e-35 -9.1666666666666661 -146.49999999999997 25.500000000000004 6675.0000000000009 0.55050505050505061 3275.0000000000005 30.500000000000004 0.45961478720099419 0.88888888888889817 6.5000000000000009 1.0000000180025095e-35 27225.000000000004 -2074.9999999999995 0.40833333333333338 28375.000000000004 7.5000000000000009 1.0000000180025095e-35 1.0000000180025095e-35 6175.0000000000009 1.8333333333333337
decision_type=2 2 2 2 2 2 2 2 2 2 2 2 2 2 2 2 2 2 2 2 2 2 2 2 2 2 2 2 2 2
left_child=2 -2 4 5 -1 -3 13 9 -4 -8 11 -9 -11 -7 17 -10 26 -15 -19 24 -5 22 23 -12 -6 -26 27 28 29 -17
right_child=1 3 8 20 19 6 7 10 15 12 21 -13 -14 14 -16 16 -18 18 -20 -21 -22 -23 -24 -25 25 -27 -28 -29 -30 -31
leaf_value=-0.040212448175697621 0.048781971453741774 -0.034075761140337474 -0.021440277387429572 -0.021154083121846773 -0.014100577957591369 -0.00012544761510195133 0.058641855711401437 0.016833896018417501 0.047721359391429526 -0.031645946263742217 0.019447544177026779 -0.045910490458995569 0.058417316092289853 -0.010021675916535853 0.01644393112822427 -0.003523088170679855 -0.036714893618107307 0.0058074701965598816 0.048439359762231932 -0.053460544394212162 0.03307411359299222 0.027042229730539109 0.01077750750089447 -0.054958742997042211 0.099412226772951806 -0.027167842896466926 0.022065147098900187 0.0097811676923197713 0.0082360531759749465 -0.01954137660745292
leaf_weight=140.4736327752471 89.305120006203651 22.280813544988632 97.094284772872925 8.6292157769203168 252.1672055721283 949.06592428684235 52.842166543006897 17.226586073637009 10.915691718459128 8.5275069922208768 8.3189076036214846 22.079717963933945 6.0253666192293158 115.54959131032228 274.72409556806087 1285.932799205184 25.928544476628304 355.81638853996992 14.515781641006468 15.326324969530104 109.56940261274576 69.605689480900764 129.45319348573685 13.286894604563711 5.1688920706510526 6.2304023802280426 32.208598285913467 116.53244594484568 141.75899014621973 147.27344450354576
leaf_count=1115 856 121 460 49 1335 3842 410 76 66 35 37 94 48 508 1267 5384 140 1606 67 95 707 326 646 58 25 33 133 492 646 662
internal_value=0.000361834 0.0080481 -0.00728786 0.00637305 -0.0231075 0.00506721 0.00549945 0.0158248 -0.00371281 0.0472543 0.00764272 -0.018312 0.00544616 0.00351864 0.00807163 -0.00273114 -0.00305147 0.00332513 0.00750462 -0.0144628 0.0290583 0.0122948 0.00545294 -0.026122 -0.0121567 0.0301591 -0.0025401 -0.00301285 -0.00396322 -0.00517383
internal_weight=4543.83 2266.82 2277.01 2177.52 419.366 2059.32 2037.04 327.366 1857.64 67.395 259.971 39.3063 14.5529 1709.67 760.606 1760.55 1749.63 485.882 370.332 278.893 118.199 220.665 151.059 21.6058 263.567 11.3993 1723.71 1691.5 1574.97 1433.21
internal_count=21339 10753 10586 9897 2603 9141 9020 1730 7983 493 1237 170 83 7290 3448 7523 7457 2181 1673 1488 756 1067 741 95 1393 58 7317 7184 6692 6046
is_linear=0
shrinkage=0.05


Tree=34
num_leaves=31
num_cat=0
split_feature=9 12 13 15 24 24 13 5 10 0 28 12 6 21 13 30 16 37 0 31 12 37 38 45 13 27 5 20 24 33
split_gain=96.9819 58.6356 47.8572 23.8316 18.0112 14.9805 13.3458 12.8858 31.583 13.3655 11.5559 10.8694 10.8611 10.8606 10.4198 10.8276 9.90979 9.84809 9.38459 9.65365 9.06983 8.89013 8.71244 8.56947 9.78599 12.7493 8.47248 9.88198 8.50749 9.0542
threshold=1.0000000180025095e-35 3275.0000000000005 -17224.999999999996 5.5000000000000009 -5.4999999999999991 5.5000000000000009 -16574.999999999996 17.500000000000004 1.5000000000000002 0.95000000000000007 -3.8999999999999995 3275.0000000000005 30.500000000000004 -8.4999999999999982 6675.0000000000009 0.55050505050505061 -5.4999999999999991 0.91666666666667618 0.45000000000000007 0.85164835164835173 8225.0000000000018 1.0000000180025095e-35 0.78037433155080393 1.0000000180025095e-35 75.000000000000014 1.8333333333333337 9.5000000000000018 -284.49999999999994 4.5000000000000009 0.69416666666666671
decision_type=2 2 2 2 2 2 2 2 2 2 2 2 2 2 2 2 2 2 2 2 2 2 2 2 2 2 2 2 2 2
left_child=2 -2 -1 5 16 6 -3 14 9 -9 -6 -12 22 -10 -8 17 -4 20 -15 -20 -16 -5 23 24 25 -13 27 -22 29 -29
right_child=1 3 4 21 10 -7 7 8 13 -11 11 12 -14 18 15 -17 -18 -19 19 -21 26 -23 -24 -25 -26 -27 -28 28 -30 -31
leaf_value=-0.031576767707403815 0.048159089617999341 -0.034543678644486236 -0.017570106776571406 -0.019878030216766006 -0.032488028998176745 0.051181714399593063 -0.00035839912931647411 0.056627014330821672 -0.011752637771331006 -0.0042042386898044825 0.04654541580933233 -0.0051129177765549512 -0.036606926087681839 0.027716514842678661 0.018490110340806453 0.015493365660126083 -0.064828578723365324 0.04899222233982635 0.0069054047883983262 -0.067036803383382207 -0.059181047985549934 0.032080288944917948 -0.016957744094344727 0.021262888978634247 0.00088419483117397441 -0.030417436345280796 -0.018076279164420308 0.0071915342710832612 -0.020339068027293721 -0.056080728069339295
leaf_weight=181.48455579578876 86.021941557526588 21.597656026482582 31.19079065322876 8.72779832780361 35.135789379477501 17.206048861145973 945.42769391089678 51.475054025650024 62.571033358573914 10.747549459338186 10.641450613737105 932.86921218037605 24.927192129194736 64.478130966424942 70.035859249532223 272.10624124109745 17.593292146921158 11.279870286583899 119.41140485554934 4.4755749702453604 6.3503552675247184 107.37528043985367 112.35070164501667 36.684510946273804 833.41000942885876 52.602539248764515 61.400517761707306 295.26703613996506 34.06786185503006 5.6498589217662802
leaf_count=1353 856 119 169 49 183 126 3818 411 275 54 66 4111 137 301 399 1258 104 52 588 20 26 707 505 156 3541 261 267 1258 145 24
internal_value=0.000346205 0.00768877 -0.0069514 0.00607976 -0.0048066 0.00483004 0.00443345 0.00485545 0.0141794 0.0460497 -0.00408442 -0.0035822 -0.00385471 0.00624163 0.00313581 0.00751072 -0.0348132 0.00301073 0.0122485 0.00414191 0.00189295 0.0281177 -0.00343546 -0.00261315 -0.00309859 -0.00647165 -0.000984759 0.00207947 0.00327303 0.00596872
internal_weight=4524.56 2255.67 2268.89 2169.65 2087.41 2053.55 2036.34 2014.74 313.159 62.2226 2038.62 2003.49 1992.84 250.936 1701.59 756.158 48.7841 484.051 188.365 123.887 472.771 116.103 1967.92 1855.57 1818.88 985.472 402.736 341.335 334.985 300.917
internal_count=21339 10753 10586 9897 9233 9141 9015 8896 1649 465 8960 8777 8711 1184 7247 3429 273 2171 909 608 2119 756 8574 8069 7913 4372 1720 1453 1427 1282
is_linear=0
shrinkage=0.05


Tree=35
num_leaves=31
num_cat=0
split_feature=12 13 9 5 10 0 5 10 17 12 15 15 13 25 5 27 18 37 8 17 23 0 0 21 23 29 0 8 27 12
split_gain=88.6845 76.1468 31.7119 23.3352 27.0401 20.3063 17.1301 30.2721 16.6959 16.0204 13.8041 12.6288 11.057 10.8718 10.7362 10.5647 13.9317 11.1141 11.8488 12.1557 11.4378 11.1614 10.4144 13.6029 9.87561 9.47079 9.46278 9.35983 10.0464 9.96671
threshold=3275.0000000000005 -11324.999999999998 1.0000000180025095e-35 13.500000000000002 1.5000000000000002 0.68333333333333346 22.500000000000004 -1.4999999999999998 1.8333333333333337 27225.000000000004 5.5000000000000009 -4.4999999999999991 -16574.999999999996 5.5000000000000009 25.500000000000004 -1.1666666666666663 -1.6333333333333331 0.53333333333334421 0.90645833333333348 3.1666666666666674 -53.099999999999994 0.2166666666666667 0.38333333333333336 -363.49999999999994 -74.899999999999991 0.59166666666666679 1.216666666666667 0.64722883373002393 2.8333333333333335 24275.000000000004
decision_type=2 2 2 2 2 2 2 2 2 2 2 2 2 2 2 2 2 2 2 2 2 2 2 2 2 2 2 2 2 2
left_child=-1 9 6 10 5 -5 13 11 -6 12 15 -8 -2 -3 -7 16 -4 18 19 21 24 -17 -13 -24 -19 27 -10 28 -23 -29
right_child=1 2 3 4 8 14 7 -9 26 -11 -12 22 -14 -15 -16 17 -18 20 -20 -21 -22 25 23 -25 -26 -27 -28 29 -30 -31
leaf_value=0.047743544269695494 -0.037280520843026341 -0.0012587694756335079 0.012012325361907706 0.056844248179215455 -0.0061329233334856334 0.00095066592073843553 -0.034938898306088866 -0.054099219149832289 0.017934160096148882 -0.007783994093929718 0.032800607455914017 -0.025437671701938721 -0.0176950958834718 -0.059266881938427711 0.056634406904420488 0.015267983371119911 -0.028340408195401814 0.014414365479996109 -0.01628073257268732 0.013355860548419064 0.005629673930072525 -0.0032212810865177677 0.070729877521890305 -0.00054736506930881635 0.058408676923437985 -0.015072646158538566 -0.048754954329989442 0.021643930194006591 -0.044311297615991313 -0.0089616323988946107
leaf_weight=95.043443880975246 144.96465545892715 1534.2444001808763 32.421595506370068 59.024709783494473 125.80101604014635 39.163708291947842 37.048243939876556 41.978911086916924 230.68825106322765 161.84084893763065 36.747485816478729 41.863815948367119 146.74503062665462 8.0247888490557653 11.084943294525145 79.944874070584774 61.745011292397976 40.226861640810966 109.42968007922173 163.87606319785118 607.30376821011305 211.82176747173071 6.887919306755065 156.25831747055054 18.966905921697617 155.55388832092285 5.3124261200428 77.866015456616879 15.943244352936743 40.031535968184471
leaf_count=936 1121 6327 133 451 544 160 203 339 1283 934 235 195 796 50 102 347 250 166 475 706 2621 888 32 715 80 665 26 338 68 162
internal_value=-1.50896e-05 -0.00104825 0.00117911 0.0053356 0.0151529 0.036953 -0.00364983 -0.0149334 0.00854644 -0.0204498 0.00253219 -0.00810094 -0.0274546 -0.00156766 0.013422 0.00183844 -0.0143959 0.00284772 -0.000921968 0.00132907 0.00768746 -0.00205536 -0.0032119 0.00247277 0.0286701 -0.00483093 0.0163918 -0.000204503 -0.00613765 0.0112108
internal_weight=4497.85 4402.81 3949.26 2122.95 471.075 109.273 1826.31 284.037 361.802 453.551 1651.88 242.058 291.71 1542.27 50.2487 1615.13 94.1666 1520.96 854.467 745.037 666.498 581.161 205.01 163.146 59.1938 501.216 236.001 345.663 227.765 117.898
internal_count=21348 20412 17561 9700 2566 713 7861 1484 1853 2851 7134 1145 1917 6377 262 6899 383 6516 3649 3174 2867 2468 942 747 246 2121 1309 1456 956 500
is_linear=0
shrinkage=0.05


Tree=36
num_leaves=31
num_cat=0
split_feature=13 13 11 19 11 15 28 13 19 11 10 10 10 21 21 18 13 31 9 8 36 42 38 35 13 13 33 19 20 21
split_gain=76.9731 58.2459 30.7657 22.2236 21.6776 13.9531 11.4973 11.2386 9.98589 9.87033 9.19619 9.67194 11.6774 9.93399 9.75599 13.2528 12.1539 9.466 8.4632 8.41387 8.24947 10.0893 10.9094 9.11545 8.89176 10.3629 8.22705 8.67849 8.18518 10.2568
threshold=-11324.999999999998 18125.000000000004 5425.0000000000009 399.50000000000006 27825.000000000004 -2.4999999999999996 0.90000000000000013 1575.0000000000002 -422.49999999999994 31275.000000000004 -6.4999999999999991 -5.4999999999999991 -4.4999999999999991 -66.499999999999986 -247.49999999999997 -1.8999999999999997 2075.0000000000005 0.64583333333333337 1.0000000180025095e-35 0.78019323671497598 0.69375000000000009 1.0000000180025095e-35 0.78037433155080393 0.13392857142857145 8425.0000000000018 2475.0000000000005 0.63062500000000032 392.50000000000006 -78.499999999999986 -288.49999999999994
decision_type=2 2 2 2 2 2 2 2 2 2 2 2 2 2 2 2 2 2 2 2 2 2 2 2 2 2 2 2 2 2
left_child=2 3 -1 5 -3 6 10 28 -9 -6 -2 13 -13 -12 15 16 -14 -17 -18 20 23 22 -22 -10 25 -24 27 -25 29 -7
right_child=1 4 -4 -5 9 7 -8 8 19 -11 11 12 14 -15 -16 17 18 -19 -20 -21 21 -23 24 26 -26 -27 -28 -29 -30 -31
leaf_value=-0.041090120126672319 -0.02275952195633785 0.042073458060645975 -0.011627606092238304 0.013443621147265354 0.017211023062029089 -0.022188131615979316 -0.028043160263944829 -0.047922520353646553 0.01241908389654163 -0.015569835104969013 0.033238671748935529 -0.03157323367797716 0.044750485116880095 -0.043598856038011988 -0.0065412482345359839 -0.024980863720691002 -0.031891645615393698 0.02122101810938639 0.035804458140523673 -0.0043638397199793283 0.020257462003124251 -0.0036582335545546039 0.032098903696163646 -0.00096556706270476507 0.030862564271181066 -0.028764139424504682 0.016391795901504167 -0.060523006574951577 -0.0056213340157145013 0.0070258355506201105
leaf_weight=122.05384708195925 66.65245221555233 94.049143150448799 326.16427700966597 295.53223493695259 237.43956593424082 33.523109532892704 61.066563829779625 9.2810692712664586 194.86741732060909 25.182912155985832 29.856924653053284 37.671378538012505 35.936060160398483 4.7537018507719031 357.15765929967165 30.568462230265141 11.364932008087637 17.175577290356159 7.6028615981340399 262.87370532006025 248.66722261160612 84.778904907405376 8.7255143672227842 641.71633836627007 13.394226036965845 32.777863197028637 70.848857365548611 6.0799668207764617 834.15791242569685 278.42084362357855
leaf_count=1034 318 800 1817 1530 1434 138 259 46 836 139 136 169 183 20 1512 132 56 76 40 1094 1056 361 38 2828 68 144 314 26 3575 1169
internal_value=-1.38218e-05 0.00217028 -0.019669 0.000296617 0.0214586 -0.00085181 -0.00737475 0.000728808 0.00347266 0.0140439 -0.00525406 -0.00304797 -0.00483584 0.0224459 -0.00262801 0.0109323 0.0276852 -0.00824595 -0.00444932 0.00378374 0.00543297 0.0115408 0.0158018 0.00283003 -0.00429014 -0.0158019 0.000221542 -0.00154152 -0.0030351 0.00386422
internal_weight=4480.34 4032.12 448.218 3675.45 356.672 3379.92 659.807 2720.11 1574.01 262.622 598.74 532.088 497.477 34.6106 459.806 102.648 54.9039 47.744 18.9678 1564.73 1301.86 388.344 303.565 913.513 54.8976 41.5034 718.645 647.796 1146.1 311.944
internal_count=21348 18497 2851 16124 2373 14594 2901 11693 6811 1573 2642 2324 2168 156 1999 487 279 208 96 6765 5671 1667 1306 4004 250 182 3168 2854 4882 1307
is_linear=0
shrinkage=0.05


Tree=37
num_leaves=31
num_cat=0
split_feature=13 13 11 11 9 7 10 0 17 7 10 0 14 44 36 15 18 0 7 0 24 32 33 22 17 0 11 0 39 24
split_gain=70.3015 53.3685 29.366 20.7335 20.4855 18.4824 27.692 32.0948 19.6831 17.2733 32.2515 15.8746 14.0067 11.6716 11.5132 14.398 13.3824 10.8395 12.7232 9.95305 9.24469 10.2227 9.98914 9.27901 9.09302 9.22077 8.98231 8.9198 9.29402 8.69686
threshold=-11324.999999999998 18125.000000000004 5425.0000000000009 27825.000000000004 1.0000000180025095e-35 22.500000000000004 1.5000000000000002 0.78333333333333355 1.8333333333333337 38.500000000000007 -1.4999999999999998 1.3500000000000003 -4.4999999999999991 1.0000000180025095e-35 1.0000000180025095e-35 -2.4999999999999996 -2.5499999999999994 0.18333333333333338 14.500000000000002 1.1500000000000001 1.0000000180025095e-35 0.14285714285714304 0.20000000000000032 148.16666666666671 3.1666666666666674 0.25000000000000006 31275.000000000004 0.35000000000000003 1.0000000180025095e-35 1.5000000000000002
decision_type=2 2 2 2 2 2 2 2 2 2 2 2 2 2 2 2 2 2 2 2 2 2 2 2 2 2 2 2 2 2
left_child=2 4 -1 -3 9 14 7 -7 -8 13 12 -12 -11 17 20 16 -16 18 -2 -10 21 -6 -22 -24 -25 -26 -5 -14 -29 -18
right_child=1 3 -4 26 5 6 8 -9 19 10 11 -13 27 -15 15 -17 29 -19 -20 -21 22 -23 23 24 25 -27 -28 28 -30 -31
leaf_value=-0.040222121773329997 -0.008392403613576618 0.041166328326437934 -0.011108361663559847 0.016492322584570496 -0.0026437470360524307 0.061103121423219234 -0.0092973864849661848 0.0080341190322999485 0.01560279401686622 -0.034483282167130723 -0.058324597275310558 0.069437775176239044 -0.028443056512164062 0.0093718137293951481 0.055147129210695436 0.0064066123107622596 -0.034443925217856608 -0.001056629292890191 -0.043332896460087561 -0.039736703316539612 -0.044002811870165394 -0.071422863308631943 0.012019587206277006 -0.01990626272017856 -0.013730755938639375 0.012390673965741835 -0.0146903344829397 -0.0029399287455768464 0.028262151072984978 -0.0063518418114080592
leaf_weight=118.54540380090475 183.9831058382988 91.385916195809841 324.39090251177549 235.45349720865488 10.615307137370111 55.154419720172882 140.51633935421705 59.400770254433155 256.06788771599531 39.873968079686165 46.190144397318363 2.4490391388535491 28.211426585912704 218.16591344773769 7.6887644976377478 823.6774435788393 34.099564254283905 1057.7146270945668 30.418519273400307 8.2496511489152891 15.440118968486784 11.260475799441336 77.756569027900696 93.794986344873905 62.639526911079884 73.080811709165573 25.357424885034561 161.96807606518269 27.864402830600739 146.10596492886543
leaf_count=1034 756 800 1817 1434 43 445 600 278 1384 222 385 14 136 900 34 3436 138 4327 138 39 63 46 329 390 256 302 139 736 127 600
internal_value=-1.3642e-05 0.0020662 -0.0189188 0.0206558 0.000281498 0.00393784 0.011958 0.0336597 0.00579794 -0.00353224 -0.0143407 -0.0516598 -0.00726629 -0.00130472 0.000861911 0.00355402 -0.0089211 -0.00314025 -0.0133908 0.0138423 -0.00702529 -0.038439 -0.0048691 -0.00287273 -0.00794285 0.000296704 0.0134369 -0.00225263 0.00162619 -0.0117115
internal_weight=4467.52 4024.58 442.936 352.197 3672.39 1875.55 519.389 114.555 404.834 1796.84 306.557 48.6392 257.918 1490.28 1356.16 1011.57 187.894 1272.12 214.402 264.318 344.588 21.8758 322.712 307.272 229.515 135.72 260.811 218.044 189.832 180.206
internal_count=21348 18497 2851 2373 16124 8383 2746 723 2023 7741 1620 399 1221 6121 5637 4208 772 5221 894 1423 1429 89 1340 1277 948 558 1573 999 863 738
is_linear=0
shrinkage=0.05


Tree=38
num_leaves=31
num_cat=0
split_feature=12 13 11 9 7 0 5 44 0 7 27 23 36 0 7 24 33 14 15 16 15 25 16 25 11 44 11 30 20 0
split_gain=76.8863 57.9019 27.9996 24.133 22.7855 16.8889 14.628 10.4066 10.1099 14.5496 9.68987 11.4657 10.7608 10.2801 10.5424 9.55897 9.85784 9.46563 15.4883 31.7168 14.0981 9.49943 9.58038 8.96666 10.3276 9.42472 8.92802 10.76 10.6707 8.36789
threshold=3275.0000000000005 -11324.999999999998 5425.0000000000009 1.0000000180025095e-35 22.500000000000004 0.75000000000000011 22.500000000000004 1.0000000180025095e-35 0.18333333333333338 14.500000000000002 -1.1666666666666663 -219.09999999999997 1.0000000180025095e-35 0.2166666666666667 8.5000000000000018 1.0000000180025095e-35 0.20000000000000032 1.5000000000000002 1.5000000000000002 1.5000000000000002 1.5000000000000002 -2.4999999999999996 -2.4999999999999996 -1.0000000180025095e-35 22975.000000000004 1.0000000180025095e-35 25825.000000000004 0.62019230769230782 -214.49999999999997 0.48333333333333339
decision_type=2 2 2 2 2 2 2 2 2 2 2 2 2 2 2 2 2 2 2 2 2 2 2 2 2 2 2 2 2 2
left_child=-1 2 -2 6 10 17 7 8 9 26 11 -5 15 14 -14 -12 -17 18 19 21 -19 -6 -23 -18 25 -25 -3 -28 -29 -8
right_child=1 3 -4 4 5 -7 29 -9 -10 -11 12 -13 13 -15 -16 16 23 20 -20 -21 -22 22 -24 24 -26 -27 27 28 -30 -31
leaf_value=0.046304357650898909 -0.039361650579946519 -0.016391825280881896 -0.010610096595122801 0.051561168987037491 0.05275869717784501 0.0002721751824832034 -0.024518164919380275 0.0085133136416038983 -0.0010885412436850469 -0.044056280926428548 -0.035555571018816595 -0.018723221280104823 0.0080549421289996172 0.002630911902755544 0.032791245069288308 -0.040345350957626099 0.013268513576112702 0.063282833050947257 0.067204891001652486 -0.072089775722465499 0.020988049089007241 -0.053304611628269633 0.010535636118220785 -0.043081309248012463 -0.001514786663584891 0.024548267085599512 -0.0056815267969465288 0.096762797320286226 0.014394017595870138 -0.0067373783752881292
leaf_weight=87.724499277770519 115.16873372346163 111.61220766603947 322.69265008717775 6.0855379998683921 12.254644192755221 171.40626525133848 110.04295681416988 228.35398886352777 1094.9816771373153 31.932095535099506 23.240871712565422 87.620126068592072 159.57983319461346 843.37241549044847 59.405552670359612 16.390764266252518 85.915295921266079 21.558233849704266 9.8318339064717275 12.665567815303801 241.01355854421854 6.2409071251749983 77.779953338205814 28.228355251252651 237.38299807161093 6.1269815117120734 53.166815936565399 5.3957812190055874 14.684588357806204 168.77850444614887
leaf_count=936 1034 465 1817 28 79 786 586 951 4520 145 97 354 700 3595 297 69 376 166 58 54 1428 30 405 121 1031 26 215 22 59 898
internal_value=-1.34919e-05 -0.000946985 -0.0181912 0.000975842 0.00462026 0.0133387 -0.00324118 -0.00132939 -0.00304714 -0.0129116 0.00151397 -0.0140553 0.00251781 0.00514522 0.0148 -0.00449495 -0.00254268 0.0191971 0.00741574 0.00191729 0.0245024 0.0117699 0.00567654 -0.000785462 -0.00525054 -0.0308388 -0.00748384 0.00602559 0.0371448 -0.0137792
internal_weight=4450.63 4362.91 437.861 3925.05 2106.1 552.751 1818.95 1540.13 1311.77 216.791 1553.35 93.7057 1459.64 1062.36 218.985 397.285 374.044 381.345 118.773 108.941 262.572 96.2755 84.0209 357.654 271.738 34.3553 184.859 73.2472 20.0804 278.821
internal_count=21348 20412 2851 17561 9700 3006 7861 6377 5426 906 6694 382 6312 4592 997 1720 1623 2220 626 568 1594 514 435 1554 1178 147 761 296 81 1484
is_linear=0
shrinkage=0.05


Tree=39
num_leaves=31
num_cat=0
split_feature=12 11 9 24 5 15 21 0 7 12 11 28 20 17 32 13 5 13 19 20 6 8 37 12 38 13 4 20 12 0
split_gain=72.0225 53.7886 33.7548 18.9139 17.4519 16.956 15.0662 13.7661 15.7249 11.6005 11.4176 11.3795 13.2358 13.0303 9.17419 8.08946 7.9926 7.74828 13.2848 13.117 7.99355 7.71843 10.5064 8.86933 8.67645 7.88394 7.55956 7.4325 9.71807 7.3428
threshold=3275.0000000000005 3475.0000000000005 1.0000000180025095e-35 5.5000000000000009 22.500000000000004 5.5000000000000009 416.50000000000006 0.18333333333333338 12.500000000000002 14025.000000000002 13225.000000000002 -2.5499999999999994 -49.499999999999993 -1.1666666666666663 0.75000000000000056 1075.0000000000002 21.500000000000004 3225.0000000000005 -47.499999999999993 -133.49999999999997 -11.499999999999998 0.90645833333333348 0.5555555555555608 25075.000000000004 0.76666666666666849 16725.000000000004 16.500000000000004 88.500000000000014 5575.0000000000009 1.1833333333333336
decision_type=2 2 2 2 2 2 2 2 2 2 2 2 2 2 2 2 2 2 2 2 2 2 2 2 2 2 2 2 2 2
left_child=-1 -2 4 5 7 11 -5 8 10 -8 14 12 -4 -13 -3 -6 -9 26 19 20 -19 29 27 24 -24 -26 -17 -23 -29 -15
right_child=1 2 3 6 15 -7 9 16 -10 -11 -12 13 -14 21 -16 17 -18 18 -20 -21 -22 22 23 -25 25 -27 -28 28 -30 -31
leaf_value=0.045644971071254148 -0.041157935658238852 -0.033269861228418698 0.046373655043099503 0.055221809620401685 -0.023832935472099748 0.057715361758379491 0.043742444892002824 -0.0010808430017273211 -0.037202577522345591 0.0010145503986701411 -0.00076705177377391683 -0.01377782613697992 -0.040611675453415569 0.0048177141539442773 0.0091328617289573449 -0.051507963136570113 0.035939164965645774 0.035995021353109211 0.0014160222752816367 -0.061292362280134544 -0.025643322300384092 -0.049502455299356929 0.0082308162006538687 0.036997635593274125 -0.064576018050814019 0.014148649203871599 0.01498686103012632 0.05428122193764047 -0.014760819504454063 -0.026268469173585631
leaf_weight=84.622617982327938 81.327600851655006 57.569648742675781 26.960249125957489 29.38804679363966 151.62951726466417 14.079615570604799 22.141748443245888 1485.785914927721 52.374028563499451 56.489967375993729 192.50635243952274 117.66324110329151 5.0750502347946158 1656.2255148813128 16.112511582672596 4.5979673713445655 14.619101867079733 6.870234593749049 56.856989793479443 23.254971407353878 20.940079003572464 14.390583164989946 48.503848470747471 19.396830812096596 8.8436827510595304 4.7452667132019988 45.174494437873363 5.2691044211387625 92.965627506375313 19.071465492248535
leaf_count=936 755 327 165 237 893 84 164 6492 255 381 789 514 23 7407 99 23 66 35 282 139 116 62 219 79 36 26 231 34 393 86
internal_value=-1.18757e-05 -0.000902069 -0.000133138 0.00429792 -0.00459343 0.00321128 0.0246829 -0.00272256 -0.0121618 0.01315 -0.00720397 0.0028259 0.0323543 0.00234572 -0.0239298 -0.0155744 -0.000714438 -0.00759172 -0.0151309 -0.033619 -0.0101627 0.00336392 -0.00606138 0.00756705 -0.00159093 -0.0368175 0.00865287 -0.0159645 -0.0109553 0.0044593
internal_weight=4435.45 4350.83 4269.5 2141.21 2128.29 2033.19 108.02 1818.97 318.563 78.6317 266.189 2019.11 32.0353 1987.08 73.6822 309.324 1500.41 157.695 107.922 51.0653 27.8103 1869.41 194.115 81.4896 62.0928 13.5889 49.7725 112.625 98.2347 1675.3
internal_count=21348 20412 19657 9910 9747 9128 782 8028 1470 545 1215 9044 188 8856 426 1719 6558 826 572 290 151 8342 849 360 281 62 254 489 427 7493
is_linear=0
shrinkage=0.05


Tree=40
num_leaves=31
num_cat=0
split_feature=13 13 12 11 19 10 26 40 10 27 15 22 37 18 10 24 23 19 28 10 12 26 22 10 19 22 33 41 19 44
split_gain=76.7693 39.0832 35.7867 18.8207 17.4055 17.7627 13.2828 11.519 11.4939 10.9232 9.9481 9.70378 8.97549 8.65431 8.51605 8.40938 12.6613 7.15638 8.41609 14.128 12.2352 10.7334 13.1368 9.3386 10.8837 12.6853 9.06534 8.40629 8.09089 7.97971
threshold=7925.0000000000009 -11724.999999999998 4575.0000000000009 5425.0000000000009 27.500000000000004 -2.4999999999999996 -1.4999999999999998 1.0000000180025095e-35 -1.4999999999999998 5.166666666666667 -2.4999999999999996 79.833333333333357 0.40000000000000502 -2.2249999999999996 -1.4999999999999998 -5.4999999999999991 -271.54999999999995 501.00000000000006 1.9000000000000001 1.0000000180025095e-35 23225.000000000004 2.5000000000000004 -48.166666666666664 3.5000000000000004 179.50000000000003 209.50000000000003 0.48333333333333356 1.0000000180025095e-35 -256.49999999999994 1.0000000180025095e-35
decision_type=2 2 2 2 2 2 2 2 2 2 2 2 2 2 2 2 2 2 2 2 2 2 2 2 2 2 2 2 2 2
left_child=1 3 -2 -1 5 -4 -7 15 -6 11 -8 12 -10 -5 -12 16 -3 18 21 -20 -21 23 28 29 -25 -26 27 -22 -23 -17
right_child=2 7 4 13 8 6 10 -9 9 -11 14 -13 -14 -15 -16 17 -18 -19 19 20 26 22 -24 24 25 -27 -28 -29 -30 -31
leaf_value=-0.03637111897367077 0.039023216517380874 -0.0022066966159792955 -0.055546980171320461 -0.030190904337181135 0.038432046706595308 0.044873176110528872 -0.067327804979454176 -0.012686824720028134 -0.0022347847239958291 0.036285406893143822 0.034799583325907005 0.0049357642026289514 0.026573552499821664 -0.0079471767234793825 -0.013846846174271328 -0.0021247499142008205 -0.064167088210737952 0.016519700233356763 -0.017916747861411453 -0.01376462484596877 0.001759561106312422 -0.044559170502693687 0.01082376819353747 -0.053584701344386566 0.040552660901899115 -0.044988241653091121 0.016053651805354532 -0.029411028267259762 0.014829728528495893 0.0073152726847155311
leaf_weight=107.17903799563646 111.38006521016359 22.610889606177807 18.394535034894943 53.411432556807995 37.302328377962112 13.030319482088087 6.7659972161054602 229.05988571047783 35.253432989120483 37.055442802608013 11.375341355800627 488.52302628010511 111.47977168858051 247.35547119379044 41.266535557806492 1475.8555029705167 13.046284101903437 58.766084067523479 182.16579748690128 137.53844814002514 176.81567132472992 17.997809231281284 340.27044850587845 18.111622348427773 9.4632807224988955 7.8186956048011771 105.37587518244982 24.516090705990791 8.1791776120662671 263.67981512099504
leaf_count=1020 1181 125 91 328 160 69 33 945 161 264 49 2331 509 1398 202 6336 81 405 830 601 784 77 1416 75 41 33 453 108 34 1129
internal_value=-0.000451687 -0.00381999 0.012468 -0.0183656 0.00876225 -0.0118093 -0.000572558 -0.00189831 0.0114038 0.00989125 -0.0106831 0.0083383 0.0196213 -0.0119227 -0.00319403 -0.00103275 -0.0251327 -0.000726083 -0.00109464 -0.00619233 -0.00137046 0.000394464 0.00818569 -0.00121165 -0.0266047 0.0015285 0.00417389 -0.00202396 -0.0258266 -0.000690613
internal_weight=4411.04 3499.22 911.827 407.946 800.447 90.8327 72.4382 3091.27 709.614 672.312 59.4079 635.256 146.733 300.767 52.6419 2862.21 35.6572 2826.55 2767.79 626.412 444.246 2141.38 366.447 1774.93 35.3936 17.282 306.708 201.332 26.177 1739.54
internal_count=21269 16219 5050 2746 3869 444 353 13473 3425 3265 284 3001 670 1726 251 12528 206 12322 11917 2776 1946 9141 1527 7614 149 74 1345 892 111 7465
is_linear=0
shrinkage=0.05


Tree=41
num_leaves=31
num_cat=0
split_feature=19 11 11 19 17 21 19 9 21 10 9 7 0 20 21 11 4 10 5 11 5 18 25 23 4 28 5 0 9 10
split_gain=51.2554 27.8595 15.8311 15.373 11.84 11.5352 8.03389 7.83671 10.5491 7.67303 55.0436 16.0186 14.7982 14.6187 21.1357 11.8328 11.1237 13.8204 10.3528 9.67342 9.3652 9.08856 9.09877 10.8736 10.753 11.3106 7.59274 13.4358 16.6727 21.4065
threshold=31.500000000000004 2025.0000000000002 13525.000000000002 501.00000000000006 -2.8333333333333326 441.50000000000006 -87.499999999999986 1.0000000180025095e-35 501.00000000000006 -1.4999999999999998 1.0000000180025095e-35 22.500000000000004 0.18333333333333338 -21.499999999999996 -18.499999999999996 29275.000000000004 30.500000000000004 1.5000000000000002 78.500000000000014 26925.000000000004 20.500000000000004 -2.4499999999999997 -3.4999999999999996 117.55000000000001 27.500000000000004 4.7750000000000012 6.5000000000000009 0.31666666666666671 1.0000000180025095e-35 1.5000000000000002
decision_type=2 2 2 2 2 2 2 2 2 2 2 2 2 2 2 2 2 2 2 2 2 2 2 2 2 2 2 2 2 2
left_child=1 -1 4 9 6 26 -3 -5 -9 13 11 12 -11 15 -15 20 21 -18 -16 -14 -2 -12 -23 -24 25 -25 -4 28 -28 -30
right_child=3 2 5 7 -6 -7 -8 8 -10 10 16 -13 19 14 18 -17 17 -19 -20 -21 -22 22 23 24 -26 -27 27 -29 29 -31
leaf_value=-0.04570213435767212 0.0062206000493103455 -0.033836185961220698 0.0020484654518720794 -0.016839892760951745 -0.0092993676996451485 -0.028196532793853903 0.018219465357633174 0.058608064632320191 0.018734982198120961 -0.06587278979235528 0.045791314667026267 -0.060930190251808604 -0.025283710916286825 0.07003405786973807 0.019261135323101322 -0.078796440084853245 0.056441993526610112 0.011685324441466327 -0.028355599725697418 0.027302517056576426 -0.068364753974508335 -0.011058231295799088 0.0084377600310756671 -6.7900650192777789e-05 -0.042381366719135838 0.033452599027651859 -0.028362819405600554 -0.0023994665366720998 0.071412909973310873 -0.019710428292810764
leaf_weight=43.319699443876743 45.807452127337456 83.434930808842182 655.4375357106328 10.592049881815909 409.95861543715 43.184229321777821 7.9417136162519446 21.838852308690548 71.886106707155704 11.439592719078062 12.51246754825115 37.595533087849617 18.489918246865273 19.710819996893406 104.17637661099434 5.25610527396202 19.473700031638145 152.32385025918484 12.651103802025316 16.407961651682854 4.5322834849357596 105.37170735001564 760.83887576311827 815.83384245634079 14.457197144627569 25.857385776937008 107.98520387709141 732.97647248208523 10.399995021522047 16.483295172452927
leaf_count=439 206 539 2681 56 2235 208 45 189 533 56 67 282 79 84 471 22 196 836 68 66 26 441 3556 3751 79 151 507 3271 57 72
internal_value=-0.000430585 -0.00604952 -0.00521423 0.00475397 -0.0129494 -0.0027348 -0.0292423 0.0235057 0.0281317 0.00385446 0.00292985 -0.0366672 -0.0167851 0.0134013 0.0222072 -0.00813625 0.0046774 0.0168176 0.0140422 -0.000408974 -0.000517707 0.00347142 0.00315843 0.00408859 0.00021721 0.000959786 -0.00200788 -0.00507708 -0.0195796 0.01549
internal_weight=4398.17 2111.12 2067.8 2287.05 501.335 1566.47 91.3766 104.317 93.725 2182.74 1990.6 83.933 46.3375 192.134 136.538 55.5958 1906.67 171.798 116.827 34.8979 50.3397 1734.87 1722.36 1616.99 856.148 841.691 1523.28 867.845 134.868 26.8833
internal_count=21269 10054 9615 11215 2819 6796 584 778 722 10437 9560 483 201 877 623 254 9077 1032 539 145 232 8045 7978 7537 3981 3902 6588 3907 636 129
is_linear=0
shrinkage=0.05


Tree=42
num_leaves=31
num_cat=0
split_feature=13 11 13 11 13 19 27 21 10 20 40 20 11 19 23 10 41 37 11 5 19 7 33 37 21 18 36 0 20 37
split_gain=67.2912 33.8009 18.0634 18.2068 14.1466 11.1571 9.6409 10.9628 10.7854 9.40314 9.11331 8.30368 8.16096 9.50298 8.12265 7.95355 7.70533 9.17598 9.87651 9.36103 8.25619 7.51612 7.38794 11.8774 7.29681 7.75202 7.18254 7.10306 8.36366 9.98649
threshold=8275.0000000000018 3475.0000000000005 20575.000000000004 23775.000000000004 -11724.999999999998 31.500000000000004 4.8333333333333348 299.50000000000006 -2.4999999999999996 -253.49999999999997 1.0000000180025095e-35 247.50000000000003 31075.000000000004 109.50000000000001 -187.49999999999997 -3.4999999999999996 1.0000000180025095e-35 0.53290043290043798 9625.0000000000018 1.5000000000000002 423.50000000000006 35.500000000000007 0.31706349206349221 0.33333333333334036 -219.49999999999997 -2.2249999999999996 0.39444444444444454 0.11666666666666668 -200.49999999999997 0.28333333333334237
decision_type=2 2 2 2 2 2 2 2 2 2 2 2 2 2 2 2 2 2 2 2 2 2 2 2 2 2 2 2 2 2
left_child=1 -1 3 5 14 21 7 8 15 -4 16 -9 13 -10 -3 -5 27 18 26 -19 22 -2 23 -20 -21 -26 -18 28 -6 -30
right_child=2 4 9 6 10 -7 -8 11 12 -11 -12 -13 -14 -15 -16 -17 17 19 20 24 -22 -23 -24 -25 25 -27 -28 -29 29 -31
leaf_value=-0.037071381170146404 -0.054540507271496098 -0.032305788473064631 -0.048061622380126373 0.011831302346253269 -0.049575517686089129 0.034287140359034234 0.029574992624303582 -0.022368747878002984 0.020536995296396854 0.026108569262751759 -0.01125037097578949 0.0037568030872138138 0.025418849250588627 0.00031203646402980689 -0.0094573980850330489 -0.063223823977693883 0.042484697121193828 0.034197563427149295 -0.038056538993808529 0.015256206606088025 0.016520160338330588 0.034798936598216701 -0.024251922013753941 0.013484294380439209 -0.050392471742300049 -0.0044883594170434457 -0.017346148426202895 0.0007913651009770397 -0.049736493797337987 0.00045301264078074924
leaf_weight=73.215852618217468 6.2667974606156331 45.407960012555122 4.2257076725363723 5.473512887954711 13.560986310243605 83.459054045379162 35.580350525677204 66.213622465729713 76.574169792234898 212.55480201542377 232.16252648830414 55.617001853883266 59.392328388988972 241.6777478903532 281.19350303709507 9.2307855784893018 12.910423919558527 18.552626460790634 16.114478401839733 46.242471382021904 17.490998551249504 3.5822218134999275 162.14061921089888 35.790092557668686 9.6111560612916929 186.77223115414381 7.9478207379579535 2288.9884702712297 11.523276239633558 66.010633125901222
leaf_count=742 30 309 28 27 60 568 235 293 357 1606 959 275 269 1109 1698 46 55 75 70 204 81 23 691 149 44 819 34 10080 49 284
internal_value=-0.000411102 -0.00347093 0.0121282 0.00790687 -0.00275586 0.0283261 0.00442759 0.0026723 0.00674825 0.0246182 -0.00171923 -0.0104078 0.00839808 0.00519897 -0.0126583 -0.0350564 -0.000952444 -0.00650656 -0.0133033 4.50316e-05 -0.0162848 -0.0215208 -0.0189953 -0.00246352 -0.00255889 -0.00678489 0.0194742 0.000244142 -0.0134372 -0.00699632
internal_weight=4385.48 3525.64 859.848 643.068 3452.42 93.3081 549.76 514.179 392.349 216.781 3125.82 121.831 377.644 318.252 326.601 14.7043 2893.66 513.573 252.394 261.178 231.536 9.84902 214.045 51.9046 242.626 196.383 20.8582 2380.08 91.0949 77.5339
internal_count=21269 16403 4866 3232 15661 621 2611 2376 1808 1634 13654 568 1735 1466 2007 73 12695 2222 1080 1142 991 53 910 219 1067 863 89 10473 393 333
is_linear=0
shrinkage=0.05


Tree=43
num_leaves=31
num_cat=0
split_feature=13 13 12 11 24 23 13 18 11 33 20 19 6 10 21 8 29 19 19 8 12 37 13 38 19 28 10 18 16 10
split_gain=61.7088 35.6947 17.8838 17.0422 10.5086 11.7989 10.3545 10.2354 9.28241 10.3539 9.78062 8.55771 8.06163 11.1541 7.90355 9.71107 9.7304 8.85103 8.77008 8.35474 8.25517 7.4481 7.58651 8.09523 7.32661 8.33551 13.0229 10.8491 9.94421 9.40194
threshold=17325.000000000004 -11724.999999999998 4475.0000000000009 1550.0000000000002 -5.4999999999999991 -271.54999999999995 7925.0000000000009 -2.2249999999999996 23775.000000000004 0.69416666666666671 167.50000000000003 34.500000000000007 27.500000000000004 -2.4999999999999996 299.50000000000006 0.4451137884872825 0.16025641025641027 -12.499999999999998 112.50000000000001 0.78019323671497598 13725.000000000002 0.38888888888889922 12825.000000000002 0.37333333333333457 399.50000000000006 1.9000000000000001 2.5000000000000004 4.1000000000000005 3.5000000000000004 3.5000000000000004
decision_type=2 2 2 2 2 2 2 2 2 2 2 2 2 2 2 2 2 2 2 2 2 2 2 2 2 2 2 2 2 2
left_child=1 3 -2 -1 5 -3 24 -5 11 10 14 -8 13 -4 15 20 -17 -18 -19 -16 -10 22 -12 -24 25 28 -27 -28 29 -6
right_child=2 4 12 7 6 -7 8 -9 9 -11 21 -13 -14 -15 19 16 17 18 -20 -21 -22 -23 23 -25 -26 26 27 -29 -30 -31
leaf_value=-0.05377143217863533 0.037560193085380875 -0.0049121870387294937 -0.046925945256905563 -0.031371269460286996 -0.0012579128711124603 -0.062594438616659087 -0.025360107829223516 -0.0095882905618586544 0.016314824984604855 0.03749817328086192 0.0066243385230467314 0.028948992462835818 0.064709163485618101 0.012918517503840536 -0.014722162390829128 0.047864191812952678 -0.036995009379999437 0.03716292155938599 -0.00068449906383685169 -0.0743060080278896 -0.02651682950003369 0.015686275426276777 -0.0039982519995163364 -0.066982763316266278 0.0072446250541618688 -0.015058252419464443 -0.0031190325141045249 0.030117382622760293 0.010522277719079402 -0.023618174223203989
leaf_weight=28.395732276141644 98.034031130373478 23.835915915668011 7.9047878533601752 66.106549881398678 2040.4230124428868 14.237800545990465 8.0044791921973211 300.3331835642457 14.313981495797632 21.223713912069798 51.416748449206352 63.92450999468565 7.1486234217882147 252.28014689683914 31.302565962076187 13.122735470533369 12.482517436146734 19.63226442784071 67.144969284534454 7.2808344960212699 49.594286426901817 147.12113186717033 13.453468464314939 8.3188526257872564 223.35321149230003 286.78527500480413 244.25573369860649 27.193371944129467 178.24981502443552 48.05796106159687
leaf_count=305 1117 134 36 484 8716 94 39 1957 66 99 230 325 50 1369 132 59 64 87 296 31 215 705 69 40 1165 1284 1026 137 737 201
internal_value=-0.000391466 -0.00218532 0.0192759 -0.0164581 -0.000624518 -0.0267211 -0.000344581 -0.0135391 0.00611498 0.00346865 0.00178932 0.0228091 0.0125407 0.0110638 -0.00578508 -0.00126361 0.00755393 0.00213154 0.00785337 -0.0262581 -0.0168349 0.00919879 -0.00377742 -0.0284884 -0.00146596 -0.00215666 -0.00763009 0.000201995 -0.000806217 -0.00177594
internal_weight=4374.93 4009.56 365.368 394.835 3614.73 38.0737 3576.66 366.44 528.337 456.408 435.184 71.929 267.334 260.185 214.874 176.291 112.382 99.2598 86.7772 38.5834 63.9083 220.31 73.1891 21.7723 3048.32 2824.97 558.234 271.449 2266.73 2088.48
internal_count=21269 18697 2572 2746 15951 228 15723 2441 2457 2093 1994 364 1455 1405 950 787 506 447 383 163 281 1044 339 109 13266 12101 2447 1163 9654 8917
is_linear=0
shrinkage=0.05


Tree=44
num_leaves=31
num_cat=0
split_feature=13 13 12 11 40 13 19 10 34 30 12 6 10 15 5 12 21 34 32 36 32 0 33 21 23 13 41 29 35 12
split_gain=56.4054 32.6387 17.1368 16.5546 10.1544 7.97071 12.6071 15.5861 10.3673 9.13296 7.92423 7.68473 10.1429 7.45951 8.26492 10.7902 10.7572 10.7053 9.16811 8.5901 12.8985 7.62768 7.25943 7.25034 8.22426 8.19767 6.95561 9.32271 9.98113 8.53831
threshold=17325.000000000004 -11724.999999999998 4475.0000000000009 5425.0000000000009 1.0000000180025095e-35 8275.0000000000018 -6.4999999999999991 -1.4999999999999998 0.44097222222222227 0.70714285714285718 9975.0000000000018 27.500000000000004 -2.4999999999999996 -2.4999999999999996 14.500000000000002 25475.000000000004 -1.0000000180025095e-35 0.73863636363636376 0.66666666666667851 0.23611111111111113 0.40000000000000102 0.45000000000000007 0.50680555555555584 245.50000000000003 256.32500000000005 20375.000000000004 1.0000000180025095e-35 0.59166666666666679 0.5634920634920636 23225.000000000004
decision_type=2 2 2 2 2 2 2 2 2 2 2 2 2 2 2 2 2 2 2 2 2 2 2 2 2 2 2 2 2 2
left_child=1 3 -2 -1 5 26 8 -8 -7 10 -9 12 -4 -6 15 17 -16 19 -17 20 -15 -18 -14 25 -25 -24 29 -28 -29 -3
right_child=2 4 11 -5 13 6 7 9 -10 -11 -12 -13 22 14 16 18 21 -19 -20 -21 -22 -23 23 24 -26 -27 27 28 -30 -31
leaf_value=-0.033627207172990697 0.036778639734371482 -0.0044277132245652065 -0.044885704553020135 -0.0098289268489462484 -0.025409141909922162 0.02129823462159797 0.048714025643887091 0.031427807159153429 -0.034966479921491732 0.02226586474077881 0.0006266043375114216 0.063910468148743974 0.018171153783189339 -0.04619563673265184 0.063009205180103597 -0.02977923025398907 0.04263332777586757 -0.023472330178187339 0.03112077997164845 0.02479860064417154 0.01965765709996424 -0.035585957540078671 -0.007971525574093228 -0.039541625514335862 0.011817372175691603 0.033081505240196152 -0.001404935197224056 -0.027303496760409513 -0.0027249222843598844 0.0022075761489745937
leaf_weight=97.813230246305466 95.186493597924709 677.79021149128675 7.8566665500402442 293.04249473661184 60.886024311184883 10.983784310519694 23.163226753473282 22.404026858508587 30.500771582126617 74.734125129878521 295.49852268397808 6.8840216174721709 170.71714052557945 13.272271871566774 9.5600699707865733 65.073181301355362 4.8443023189902297 31.371526814997196 6.6673162728548041 45.886791929602623 16.547982960939407 8.2614540979266149 24.48526357114315 18.917949572205547 12.944477520883082 23.713742412626743 346.15360610187054 88.566292583942413 78.29691106826067 1701.4300768747926
leaf_count=1020 1117 3012 36 1726 254 55 98 128 160 349 1369 50 934 55 43 263 24 131 27 190 68 40 125 99 75 136 1500 380 342 7463
internal_value=-0.000372878 -0.00208069 0.0185602 -0.0158044 -0.000593821 0.000146821 0.00628144 0.00891312 -0.0199338 0.00654057 0.00282223 0.0119988 0.0105736 -0.0100646 -0.00539262 -0.00902076 0.0229254 0.000991035 -0.0240144 0.0112117 -0.00954137 -0.00619111 0.0123482 -1.2934e-05 -0.0185483 0.0121496 -0.000821562 -0.0061019 -0.015809 0.000315113
internal_weight=4363.45 4002.75 360.706 390.856 3611.89 3349.52 457.284 415.8 41.4846 392.637 317.903 265.519 258.635 262.371 201.485 178.819 22.6658 107.079 71.7405 75.707 29.8203 13.1058 250.779 80.0614 31.8624 48.199 2892.24 513.017 166.863 2379.22
internal_count=21269 18697 2572 2746 15951 14856 2159 1944 215 1846 1497 1455 1405 1095 841 734 107 444 290 313 123 64 1369 435 174 261 12697 2222 722 10475
is_linear=0
shrinkage=0.05


Tree=45
num_leaves=31
num_cat=0
split_feature=12 13 11 12 19 0 20 38 9 30 17 38 19 32 11 6 14 28 38 16 13 14 20 10 11 36 11 33 32 21
split_gain=52.0572 41.818 26.4819 17.0192 11.2004 10.7545 10.1917 9.29628 9.24247 8.86413 10.228 9.94015 9.33212 9.29088 15.1618 9.49654 7.85595 7.63695 9.25004 8.24875 7.37131 19.4371 8.20162 9.40967 8.15456 7.93037 8.12683 8.63003 8.98506 7.31111
threshold=3275.0000000000005 -5924.9999999999991 5825.0000000000009 27225.000000000004 512.50000000000011 0.38333333333333336 -104.49999999999999 0.20000000000000107 1.0000000180025095e-35 0.48529411764705888 -0.41666666666666657 0.72041666666666793 -189.49999999999997 0.36666666666667841 19925.000000000004 -7.4999999999999991 -2.4999999999999996 1.7750000000000001 0.38666666666666799 5.5000000000000009 6075.0000000000009 -3.4999999999999996 399.50000000000006 9.5000000000000018 30025.000000000004 0.88194444444444453 21025.000000000004 0.4599999999999998 0.80000000000000071 348.50000000000006
decision_type=2 2 2 2 2 2 2 2 2 2 2 2 2 2 2 2 2 2 2 2 2 2 2 2 2 2 2 2 2 2
left_child=-1 2 -2 6 20 -5 16 -6 -9 11 12 13 -11 14 -7 -15 -4 18 -8 -19 -3 -22 23 25 -25 -23 -27 -28 -29 -26
right_child=1 4 3 5 7 9 17 8 -10 10 -12 -13 -14 15 -16 -17 -18 19 -20 -21 21 22 -24 24 29 26 27 28 -30 -31
leaf_value=0.042911208095201721 -0.035332029846112001 -0.00049114861868311186 -0.040299293636652397 -0.0082206166357357696 -0.039828664641841843 -0.0099892013749289504 0.02266221163504345 -0.028644576616950412 0.031602035880858338 0.013599134000166378 0.032377583888363752 0.09114868333162314 -0.04041206967235126 0.11493285411971242 0.058895457647186449 0.028935640109910385 -0.015682136373067569 -0.035178507597710365 -0.0082621166856453078 0.033878152271917372 -0.041791638387143865 0.0070435539177972073 0.018599731497354843 -0.075790565416649358 0.017847755432363412 0.064642552394596584 0.0037995798805078975 -0.023285060145109546 0.038027818534813455 -0.058990360071758299
leaf_weight=69.270949497818947 103.12994419038296 2445.7744794338942 52.861664079129696 106.44245509058237 5.7527758181095114 32.355037622153759 28.144561104476452 6.9156625792384139 62.984264604747295 13.365852274000639 14.283984139561651 5.2727789208292952 19.286795303225521 4.2139596566557911 10.472414672374724 14.114823907613752 86.928678393363953 37.446640305221081 166.18638847023249 4.73411751538515 22.083079524338245 732.36625136435032 107.07730474323034 6.4301076903939274 9.1924329102039319 4.0243324637413016 96.034604392945766 74.2130291685462 6.3505954146385184 4.5160177648067465
leaf_count=895 1079 10503 310 563 36 166 141 35 491 69 72 28 97 22 45 69 461 193 819 32 132 3461 571 36 46 19 440 339 28 24
internal_value=-5.432e-05 -0.000751382 -0.0119362 -0.00787493 0.00142982 0.00315976 -0.014333 0.020455 0.0255376 0.013887 -0.00264938 0.0256327 -0.0181767 0.0197629 0.00683635 0.0494949 -0.025049 -0.00797026 -0.00374834 -0.0272479 0.00101754 0.00449553 0.00548691 0.00397501 -0.0297142 0.00472677 -0.00463806 -0.00628082 -0.0183488 -0.00734706
internal_weight=4352.23 4282.96 699.24 596.11 3583.71 219.808 376.302 75.6527 69.8999 113.366 46.9366 66.429 32.6526 61.1562 42.8275 18.3288 139.79 236.512 194.331 42.1808 3508.06 1062.29 1040.2 933.127 20.1386 912.989 180.623 176.598 80.5636 13.7085
internal_count=21222 20327 4166 3087 16161 1131 1956 562 526 568 238 330 166 302 211 91 771 1185 960 225 15599 5096 4964 4393 106 4287 826 807 367 70
is_linear=0
shrinkage=0.05


Tree=46
num_leaves=31
num_cat=0
split_feature=13 13 13 19 10 10 18 17 15 20 10 24 19 19 39 30 19 34 21 33 20 37 13 27 9 10 46 20 30 28
split_gain=42.7823 26.6382 11.5083 10.812 9.28281 11.3423 10.4524 9.46906 7.2011 10.0013 9.02525 13.8387 11.8728 9.12243 8.61758 10.084 13.0205 10.9555 8.77911 8.47259 7.80881 7.73437 14.5106 7.99131 11.6454 9.48797 7.70854 7.69902 7.55803 8.91945
threshold=-5924.9999999999991 18125.000000000004 -17224.999999999996 315.50000000000006 2.5000000000000004 5.5000000000000009 2.1000000000000005 -4.1666666666666652 3.5000000000000004 358.50000000000006 3.5000000000000004 1.0000000180025095e-35 56.500000000000007 73.500000000000014 1.0000000180025095e-35 0.37171052631578955 -171.49999999999997 0.21111111111111114 109.50000000000001 0.14666666666666686 -237.49999999999997 0.083333333333334744 3575.0000000000005 3.1666666666666674 1.0000000180025095e-35 -2.4999999999999996 1.0000000180025095e-35 179.50000000000003 0.26136363636363641 -3.0999999999999996
decision_type=2 2 2 2 2 2 2 2 2 2 2 2 2 2 2 2 2 2 2 2 2 2 2 2 2 2 2 2 2 2
left_child=2 8 -1 -3 6 -6 7 -4 9 10 14 12 -12 27 26 16 20 18 -18 -10 -16 22 -21 -23 25 -25 28 -13 29 -2
right_child=1 3 4 -5 5 -7 -8 -9 19 -11 11 13 -14 -15 15 -17 17 -19 -20 21 -22 23 -24 24 -26 -27 -28 -29 -30 -31
leaf_value=-0.022805353563885581 0.028158857340526235 0.009965611319595143 -0.042073019732851158 0.03027586413827555 0.058604085474843408 -0.025039552057704691 -0.040980843418388244 -0.0059476949668261512 0.052741520678435627 -0.051719803148653667 -0.064206365177090247 0.056443094269914333 0.014556323923148404 -0.0080230648243738122 0.026384691755510573 6.2547995508370938e-05 0.013852289671597724 0.035223452471740808 -0.051940255135007551 -0.05166785279480262 -0.020418219332812283 0.00067397117551826972 0.008020036475039384 0.023398731463934827 0.01542351417726185 -0.03559334223093015 0.0097123552630639966 -0.012686865225545785 0.0010510465304770045 -0.0064620812973832696
leaf_weight=168.68266316503286 18.981327712535858 226.0762627273798 18.841292046010494 93.041781820356846 11.005781672894956 6.2105517461895934 24.293008588254452 464.95912742614746 9.2456130981445295 9.3533189073204976 18.766464143991474 10.419898808002474 6.2391596138477317 216.47627702355385 12.557468086481093 182.42053742706776 25.328708924353126 85.271331422030926 6.2307697832584372 16.908826246857643 29.707460463047028 322.634731374681 25.037597343325615 9.8181160390377062 267.25167023390532 21.285390205681324 170.44326119124889 6.3110600709915152 1178.0176037326455 679.58705267310143
leaf_count=1502 93 1552 123 792 58 34 131 2318 45 41 78 44 28 920 61 813 108 371 27 75 127 1369 116 45 1422 133 730 26 5183 2857
internal_value=-5.14853e-05 0.00211251 -0.0114306 0.0159105 -0.00776492 0.0281717 -0.00899774 -0.00737331 0.000787604 -0.000380675 -0.000195412 -0.00907519 -0.0443754 -0.0052513 0.00076278 0.00811513 0.017311 0.025917 0.000581944 0.00541084 -0.00636498 0.00473534 -0.0159872 0.0061455 0.0120433 -0.0167964 -0.000461745 0.0301492 -0.00138895 -0.00551032
internal_weight=4341.4 3647.41 693.992 319.118 525.31 17.2163 508.093 483.8 3328.29 2656.11 2646.76 258.213 25.0056 233.207 2388.55 341.516 159.096 116.831 31.5595 672.182 42.2649 662.936 41.9464 620.99 298.355 31.1035 2047.03 16.731 1876.59 698.568
internal_count=21222 17056 4166 2344 2664 92 2572 2441 14712 11507 11466 1096 106 990 10370 1507 694 506 135 3205 188 3160 191 2969 1600 178 8863 70 8133 2950
is_linear=0
shrinkage=0.05


Tree=47
num_leaves=31
num_cat=0
split_feature=13 11 13 11 22 32 13 38 28 35 17 11 37 11 11 22 11 7 11 11 24 23 23 37 15 33 24 37 13 23
split_gain=38.8612 24.5641 24.3252 12.3711 10.3246 8.21102 9.57298 9.72662 9.43262 8.21771 7.77995 7.68878 7.66012 7.55813 6.85774 8.05148 6.69312 6.78353 7.74838 7.06507 6.55699 7.56055 15.9555 8.74716 6.52121 7.77986 7.08959 6.98746 13.0369 7.40391
threshold=-5924.9999999999991 5825.0000000000009 18125.000000000004 31425.000000000004 348.16666666666669 0.26666666666667388 23775.000000000004 0.73333333333333517 -0.54999999999999993 0.21111111111111114 -4.1666666666666652 19075.000000000004 0.59444444444445421 25825.000000000004 31575.000000000004 140.16666666666671 27825.000000000004 5.5000000000000009 30425.000000000004 29175.000000000004 4.5000000000000009 108.50000000000001 91.225000000000009 0.70000000000000728 3.5000000000000004 0.14666666666666686 5.5000000000000009 0.083333333333334744 3575.0000000000005 339.32500000000005
decision_type=2 2 2 2 2 2 2 2 2 2 2 2 2 2 2 2 2 2 2 2 2 2 2 2 2 2 2 2 2 2
left_child=1 -1 24 4 5 8 7 16 -4 -10 -3 20 -11 -9 -5 -16 -7 19 -19 -18 21 22 -12 -24 26 -26 -2 28 -27 -30
right_child=2 10 3 14 -6 6 -8 13 9 12 11 -13 -14 -15 15 -17 17 18 -20 -21 -22 -23 23 -25 25 27 -28 -29 29 -31
leaf_value=-0.034014482415235629 -0.00048261649351836328 -0.036400698214480241 0.071498877135100003 -0.067434247787670237 0.04225079452285406 0.033887052057225343 0.037927863419952274 0.052243612160427146 0.021692748571455398 -0.052920360804885214 -0.0084773796018703593 0.010246404849965921 0.003694398665272128 -0.03390341443656552 -0.058059059611264167 0.019936282147405403 0.038590187619571947 0.0059821918354692298 0.037582285748305466 -0.037609221062783277 0.025179327370365875 -0.023488873776010818 0.010668540104415659 0.080840711600313198 0.050815958021744816 -0.048883445778715742 0.055479054069408167 0.0058553952124163304 0.027049388288773846 -0.030239797266411579
leaf_weight=98.765149891376495 2650.6055661439896 21.730005368590355 3.3741181269288054 5.7850069850683239 38.103435903787613 41.518413178622723 47.500236451625824 2.8756075501441982 10.582137577235697 14.965083591639997 394.9494444206357 64.771370813250542 9.6206924840807897 16.527355752885342 4.6521962210535994 10.731191247701643 3.8601529747247723 65.793831676244736 27.751343488693237 12.534471288323401 14.281613379716871 76.16234302520752 11.63449613004923 7.3256738781929007 9.1230954974889737 16.982041001319885 5.5704759806394568 619.25952547043562 16.624723255634311 8.3596654161810857
leaf_count=1079 11453 146 23 31 356 399 509 35 71 95 2083 282 65 91 27 61 21 354 143 63 92 389 58 37 45 75 54 2969 72 44
internal_value=-4.87621e-05 -0.0109327 0.0020106 0.0152623 0.017922 0.0142791 0.0180398 0.0124626 -0.00688931 -0.0147333 -0.00706082 -0.00592559 -0.0306386 -0.0206772 -0.0214791 -0.00355054 0.0167519 0.0102105 0.0154403 -0.0192396 -0.00801401 -0.00899646 -0.00631265 0.0383253 0.00074915 0.00515598 -0.000361288 0.00451085 -0.0151773 0.00763722
internal_weight=4332.32 689.62 3642.7 316.175 295.007 256.903 218.361 170.861 38.542 35.1679 590.855 569.125 24.5858 19.403 21.1684 15.3834 151.458 109.94 93.5452 16.3946 504.354 490.072 413.91 18.9602 3326.53 670.349 2656.18 661.226 41.9664 24.9844
internal_count=21222 4166 17056 2344 2225 1869 1615 1106 254 231 3087 2941 160 126 119 88 980 581 497 84 2659 2567 2178 95 14712 3205 11507 3160 191 116
is_linear=0
shrinkage=0.05


Tree=48
num_leaves=31
num_cat=0
split_feature=12 11 11 24 46 19 38 12 41 12 7 19 12 12 33 37 32 6 20 14 17 20 23 23 34 11 27 30 34 37
split_gain=45.3855 34.1035 17.3225 14.9413 11.1605 9.14919 9.4266 8.26777 8.04784 8.02555 10.5827 17.6252 7.42297 8.27681 9.07742 10.3542 7.87828 7.43418 7.04617 7.24817 10.9061 8.55704 7.1401 13.3751 7.13141 6.99659 7.68481 8.94167 7.77428 6.95181
threshold=3275.0000000000005 3475.0000000000005 13525.000000000002 4.5000000000000009 1.0000000180025095e-35 512.50000000000011 0.22000000000000156 8025.0000000000009 1.0000000180025095e-35 12775.000000000002 27.500000000000004 31.500000000000004 5575.0000000000009 27225.000000000004 0.47067873303167435 0.76666666666667549 0.46666666666668183 1.0000000180025095e-35 -104.49999999999999 -2.4999999999999996 -1.4166666666666663 -168.49999999999997 112.10000000000001 57.225000000000009 0.48333333333333339 12025.000000000002 -1.0000000180025095e-35 0.64583333333333337 0.32051282051282054 0.53333333333334232
decision_type=2 2 2 2 2 2 2 2 2 2 2 2 2 2 2 2 2 2 2 2 2 2 2 2 2 2 2 2 2 2
left_child=-1 -2 3 12 5 8 -7 -6 9 10 11 -4 -3 18 15 16 -15 -16 19 -14 21 -21 23 25 -25 26 27 -20 -28 -10
right_child=1 2 4 -5 7 6 -8 -9 29 -11 -12 -13 13 14 17 -17 -18 -19 22 20 -22 -23 -24 24 -26 -27 28 -29 -30 -31
leaf_value=0.041593302451533115 -0.037077318046514228 -0.0020272032009410446 -0.052501933095197628 0.025747611069946365 0.050663350590469669 -0.038898658130861991 0.024992814513047929 0.0091210497091159127 -0.010487209312557734 0.0002906424122084286 0.030666203816193394 0.0081535062025297599 -0.042408206690831271 -0.024673311694468954 0.031483563311169513 0.065405459884466874 0.029612691376792573 -0.023337191412865381 -0.034711544673876694 -0.0095281896646631104 -0.039358694911680994 0.054836504575390556 -0.028775950264651851 -0.019699917876279865 0.037789827163937029 -0.046417590906727542 0.059411981369570502 0.0083979645875465626 -0.0014506576768188026 0.00048977351177220501
leaf_weight=64.364220511168242 63.288581646978855 220.61242421716452 12.562127642333506 31.64821944385767 12.554969422519205 6.2417054995894423 59.91269001737237 251.3538236618042 303.65851598232985 2366.0385051742196 47.848291583359241 216.96097563952208 47.165974035859108 51.529691614210606 27.622438222169876 3.8895017281174651 7.512097254395484 7.774139627814292 36.039220534265041 35.332288503646851 30.996163807809353 5.944429598748683 43.7257194891572 6.882458187639716 22.579405523836613 14.269708231091498 6.3246909305453292 17.733526222407818 27.818897344172001 273.045261323452
leaf_count=895 741 944 61 189 85 38 473 1094 1338 10314 312 1162 332 328 172 24 45 53 205 218 182 33 234 37 119 69 35 108 159 1223
internal_value=-4.5087e-05 -0.000676504 -0.00012535 -0.00766089 0.00124333 0.000447155 0.0188395 0.0111347 6.71739e-05 0.00123628 0.00928173 0.00479055 -0.00939566 -0.0135162 -0.000898981 -0.0123355 -0.0176434 0.0192706 -0.0177057 -0.0271001 -0.0169961 -2.77976e-05 -0.0112673 -0.0053966 0.0241696 -0.0139852 -0.00861749 -0.0204126 0.00981798 -0.00528221
internal_weight=4323.23 4258.87 4195.58 645.401 3550.18 3286.27 66.1544 263.909 3220.11 2643.41 277.371 229.523 613.753 393.14 98.3279 62.9313 59.0418 35.3966 294.812 119.439 72.2729 41.2767 175.374 131.648 29.4619 102.186 87.9163 53.7727 34.1436 576.704
internal_count=21222 20327 19586 3486 16100 14921 511 1179 14410 11849 1535 1223 3297 2353 622 397 373 225 1731 765 433 251 966 732 156 576 507 313 194 2561
is_linear=0
shrinkage=0.05


Tree=49
num_leaves=31
num_cat=0
split_feature=12 9 25 37 4 38 27 4 24 31 22 34 5 40 21 10 7 19 20 20 21 14 18 19 12 3 25 4 12 20
split_gain=42.457 17.769 16.6895 13.3157 12.7873 13.6109 11.7971 11.1395 10.5035 9.60612 12.9571 10.9482 11.047 9.47453 9.11123 8.85334 45.8591 16.9777 17.3888 12.6486 23.0604 13.7276 12.5688 12.3883 11.8532 10.3233 13.8043 9.43896 8.9001 8.64306
threshold=3275.0000000000005 1.0000000180025095e-35 4.5000000000000009 0.33333333333333726 67.500000000000014 0.89333333333333409 -2.4166666666666665 70.500000000000014 5.5000000000000009 0.86607142857142871 -159.83333333333329 0.65833333333333344 4.5000000000000009 1.0000000180025095e-35 546.50000000000011 -1.4999999999999998 30.500000000000004 18.500000000000004 96.500000000000014 -10.499999999999998 -15.499999999999998 1.5000000000000002 -0.89999999999999991 200.50000000000003 26175.000000000004 1.0000000180025095e-35 -2.4999999999999996 10.500000000000002 5325.0000000000009 -258.49999999999994
decision_type=2 2 2 2 2 2 2 2 2 2 2 2 2 2 2 2 2 2 2 2 2 2 2 2 2 2 2 2 2 2
left_child=-1 4 6 -4 5 9 -3 8 14 10 -2 29 -13 -14 -8 17 22 18 25 21 -21 -19 -17 -24 -22 28 -27 -28 -12 -11
right_child=1 2 3 -5 -6 -7 7 -9 -10 11 15 12 13 -15 -16 16 -18 19 -20 20 24 -23 23 -25 -26 26 27 -29 -30 -31
leaf_value=0.040939392278477205 -0.012114963393878176 0.036807320229085429 -0.0011291073344594411 0.022450794622425371 -0.029588704731535322 -0.040341314282140571 -6.2446622755392778e-05 0.031065163694083062 0.056441267548699714 0.033916908961366322 0.022600142322128737 0.014093721606142286 -0.014397501916441131 -0.084268283817418688 -0.058842297881637806 -0.021760366084593488 -0.048018736880941326 0.0076804810806943846 -0.048927770986282287 0.075476376193487335 0.025362910413629265 -0.058391064967833334 0.002079132962737451 -0.064325300404785318 -0.015139014946481819 0.072591638349905938 -0.052461109158281963 0.01851994088845018 -0.0042381963166741093 0.0071728597308229744
leaf_weight=62.180001404136419 403.17999007552862 22.530003823339939 90.645308330655098 173.97846479713917 47.132429085671902 24.385930597782135 1774.4161413833499 29.185247547924519 8.0981575809419137 37.183974452316761 32.752502426505089 36.405531778931618 60.712132476270199 5.230888068675994 6.5180630460381499 69.045070126652718 59.685773357748985 41.617534212768078 19.205075576901436 18.932069644331932 70.357668027281761 9.5713991001248342 463.46567904949188 7.0291623547673217 24.052344582974911 10.410578504204748 5.4852745831012717 28.433210417628288 507.42226251959801 164.55580274015665
leaf_count=895 2103 138 470 1093 279 123 7924 163 78 191 134 165 280 23 30 337 474 187 94 80 308 43 2023 35 106 44 22 118 2517 745
internal_value=-4.32225e-05 -0.000644718 0.00261743 0.0143574 -0.00384703 -0.00326528 0.000926302 0.000476941 -2.09712e-05 -0.00282516 -0.00423668 0.00537608 -0.00790903 -0.0201349 -0.000283675 -0.0019095 -0.00646598 0.00163843 -0.00223524 0.0158751 0.0251921 -0.00466597 -0.00185196 0.00106297 0.0149864 -0.000684402 0.0224719 0.00677348 -0.00259777 0.0121414
internal_weight=4313.8 4251.62 2105.37 264.624 2146.25 2099.12 1840.75 1818.22 1789.03 2074.73 1770.65 304.088 102.349 65.943 1780.93 1367.47 599.226 768.24 603.709 164.531 113.342 51.1889 539.54 470.495 94.41 584.504 44.3291 33.9185 540.175 201.74
internal_count=21222 20327 9896 1563 10431 10152 8333 8195 8032 10029 8625 1404 468 303 7954 6522 2869 3653 2929 724 494 230 2395 2058 414 2835 184 140 2651 936
is_linear=0
shrinkage=0.05


Tree=50
num_leaves=31
num_cat=0
split_feature=11 13 24 11 13 4 6 0 32 42 6 4 28 0 32 43 32 34 37 23 25 19 38 18 13 0 6 14 13 13
split_gain=28.5841 22.9487 13.9794 12.2848 10.5223 9.23308 9.53822 9.11825 8.817 10.929 8.92579 11.1915 8.50738 7.7649 8.73307 7.47031 7.35466 7.63213 14.3291 10.0619 7.2731 7.217 9.36026 9.38345 7.58605 7.17671 8.0155 8.78106 9.1211 10.4307
threshold=3125.0000000000005 18125.000000000004 -5.4999999999999991 27825.000000000004 -374.99999999999994 1.5000000000000002 -51.499999999999993 0.11666666666666668 0.45555555555555866 1.0000000180025095e-35 -2.4999999999999996 25.500000000000004 -3.8999999999999995 0.41666666666666674 0.48095238095238252 1.0000000180025095e-35 0.60000000000001263 0.23611111111111113 0.33333333333333726 28.450000000000003 2.5000000000000004 254.50000000000003 0.66580086580086772 2.7083333333333335 21175.000000000004 0.8500000000000002 18.500000000000004 2.5000000000000004 -974.99999999999989 -5924.9999999999991
decision_type=2 2 2 2 2 2 2 2 2 2 2 2 2 2 2 2 2 2 2 2 2 2 2 2 2 2 2 2 2 2
left_child=-1 2 12 -3 5 -4 -7 -8 9 -6 11 16 -2 -13 -15 21 17 18 19 -10 -11 22 23 -5 -25 26 27 -9 29 -29
right_child=1 3 4 15 8 6 7 25 10 20 -12 13 -14 14 -16 -17 -18 -19 -20 -21 -22 -23 -24 24 -26 -27 -28 28 -30 -31
leaf_value=-0.035507263603167728 -0.012285018131521733 0.032381265763669412 -0.013441727955475151 0.012206921332816853 0.0014501831062314376 -0.072398189886860809 -0.036433052004352463 -0.0020745657028145982 -0.0037134249908422068 -0.01502160551218395 0.0021846116599750719 0.05471225112949657 -0.058480554187061176 0.043763159292879029 -0.026764631460230393 0.024932446715853984 0.02311331891722947 0.013773715311996743 -0.03835265739004956 0.074686299518258267 0.0014556296648480013 0.01414082384785006 -0.034695002024446878 -0.055514476105102517 0.0089473990608975162 0.041267788962803177 -0.026046235449449142 0.00036671604923056841 -0.0087714931459018097 0.039356338529017466
leaf_weight=54.855353377759457 30.488553635776043 69.554414421319962 203.03152787685394 59.693988397717476 1182.4970970489085 4.6657303348183623 18.238671749830246 896.17951755225658 12.663000360131266 192.72717710584402 806.96437291055918 3.885973446071147 15.050066053867338 4.85639564692974 36.082000661641359 53.718727074563503 148.04174637049437 128.02821058034897 21.986386328935623 5.8655225187540045 101.78043026477098 88.602621767669916 21.382889531552792 10.735637448728086 7.6399095356464377 9.9074553251266462 31.547013647854328 29.539918482303619 31.881847895681858 41.696691118180752
leaf_count=670 200 785 1024 380 5253 28 97 4320 53 812 3589 22 104 34 201 365 641 561 91 25 449 633 123 54 46 45 185 180 145 233
internal_value=0.000321055 0.000783438 -0.000243678 0.0138521 7.6009e-05 -0.0036699 -0.00179886 -0.00147628 0.00187163 -0.000692768 0.00511748 0.0116498 -0.0277564 -0.0116509 -0.01819 0.00848967 0.0149673 0.00777309 -0.0110532 0.0211046 -0.00931162 0.0037554 -0.00545171 0.00252807 -0.0285395 -0.000855438 -0.0012691 -0.000479374 0.0133242 0.0232817
internal_weight=4323.79 4268.93 3957.61 311.328 3912.07 1266.69 1063.66 1058.99 2645.38 1477 1168.37 361.409 45.5386 44.8244 40.9384 241.774 316.585 168.543 40.5149 18.5285 294.508 188.055 99.4524 78.0695 18.3755 1040.75 1030.84 999.298 103.118 71.2366
internal_count=21348 20678 18292 2386 17988 6257 5233 5205 11731 6514 5217 1628 304 257 235 1601 1371 730 169 78 1261 1236 603 480 100 5108 5063 4878 558 413
is_linear=0
shrinkage=0.05


Tree=51
num_leaves=31
num_cat=0
split_feature=12 11 13 12 19 38 14 19 7 22 12 22 19 19 38 28 31 33 12 29 25 10 10 7 14 11 11 5 4 44
split_gain=32.258 25.8117 12.9355 13.5993 12.55 12.2009 12.2109 11.7818 12.8485 10.8361 9.09272 13.0857 8.23556 8.0223 7.97501 8.09697 7.36098 8.63318 10.7541 9.31896 14.8366 9.88425 17.9467 10.5183 9.30326 8.53733 7.93696 7.34615 12.5397 7.86337
threshold=3025.0000000000005 3125.0000000000005 -374.99999999999994 27175.000000000004 -200.49999999999997 0.58857142857142963 2.5000000000000004 -276.49999999999994 21.500000000000004 -130.83333333333329 10775.000000000002 348.16666666666669 -499.49999999999994 -93.499999999999986 0.38708333333333461 1.7083333333333337 0.14835164835164838 0.18000000000000033 27675.000000000004 0.86607142857142871 -1.4999999999999998 -2.4999999999999996 -5.4999999999999991 4.5000000000000009 -3.4999999999999996 27625.000000000004 28025.000000000004 11.500000000000002 4.5000000000000009 1.0000000180025095e-35
decision_type=2 2 2 2 2 2 2 2 2 2 2 2 2 2 2 2 2 2 2 2 2 2 2 2 2 2 2 2 2 2
left_child=13 -2 3 4 -3 6 27 8 -7 -9 11 -4 -12 -1 15 -6 -14 18 -18 21 24 22 -19 -24 25 -21 -22 29 -29 -5
right_child=1 2 10 5 14 7 -8 9 -10 -11 12 -13 16 -15 -16 -17 17 19 -20 20 26 -23 23 -25 -26 -27 -28 28 -30 -31
leaf_value=-0.048841908223230875 -0.03473081661200652 -0.020256517703967299 0.0057125576571738241 -0.013509288386610441 0.01699244296617014 0.056986002549458598 0.029247556011952516 -0.013706683536011883 -0.012349599529871235 0.015709933613595344 -0.035922847771047602 0.033954158677795512 -0.0040836961833815109 0.041741459459210248 -0.0074978644688802748 -0.014951182727625576 0.037136107646082592 0.016072099052758186 -0.035506330287442205 0.02883962051941032 -0.014684370450841731 0.002488801802494096 0.0084331536532371489 -0.023199453183217613 0.048004272184962046 -0.03737761210835238 0.015545895080849562 0.064762383862353473 0.00016464934177814745 0.018325736621575078
leaf_weight=2.427685670554637 53.319261826574802 170.65663173049688 423.70143069326878 215.16836652159691 71.401743054389954 25.54792807251215 26.842298962175846 45.464517652988434 8.8451018258929235 99.233857180923223 15.01191709935665 45.452722385525703 534.55239451676607 54.375699430704117 468.85909288749099 27.214954279363155 32.819237217307091 54.184559121727943 5.8769116774201384 14.586615368723871 41.982816472649574 1492.1465131007135 32.37444943189621 133.86371746659279 38.400334268808365 7.1481974720954886 44.715094365179539 8.0336202532052976 100.5180319994688 21.104752533137798
leaf_count=15 670 913 2219 986 345 115 158 216 49 483 92 347 2241 850 2378 130 146 242 26 62 173 6734 130 589 159 33 190 37 526 94
internal_value=0.000305645 -0.000192832 0.000244661 -0.00392528 -0.00836258 0.002013 -0.00314233 0.0127355 0.0390254 0.00642956 0.00208907 0.00846598 0.000864443 0.0377032 -0.00477398 0.00812019 0.00109498 0.0025562 0.0259117 0.00206609 0.014153 0.00102609 -0.00884968 -0.0170077 0.0332168 0.0067615 0.000849457 -0.00568591 0.00504658 -0.010638
internal_weight=4315.83 4259.03 4205.71 1288.89 738.132 550.758 371.667 179.091 34.393 144.698 2916.82 469.154 2447.66 56.8034 567.476 98.6167 2432.65 1898.1 38.6961 1859.4 146.833 1712.57 220.423 166.238 60.1351 21.7348 86.6979 344.825 108.552 236.273
internal_count=21348 20483 19813 6430 3766 2664 1801 863 164 699 13383 2566 10817 865 2853 475 10725 8484 172 8312 617 7695 961 719 254 95 363 1643 563 1080
is_linear=0
shrinkage=0.05


Tree=52
num_leaves=31
num_cat=0
split_feature=12 11 24 13 12 44 14 20 19 6 30 8 38 28 19 18 12 22 33 20 31 10 27 0 18 7 10 10 13 17
split_gain=30.1548 24.8469 13.6822 12.0468 12.6027 11.4425 10.4374 9.98644 9.92833 12.8383 9.42775 9.30071 9.25355 8.26767 8.20962 8.39743 7.87524 12.0806 7.79759 11.337 7.73336 7.63355 14.5231 15.1129 12.1059 10.8393 9.6854 10.6607 9.98995 8.81129
threshold=3025.0000000000005 1550.0000000000002 -5.4999999999999991 -374.99999999999994 27175.000000000004 1.0000000180025095e-35 3.5000000000000004 -177.49999999999997 -200.49999999999997 23.500000000000004 0.43650793650793657 0.54398864809081537 0.58047619047619148 -3.6333333333333329 -301.49999999999994 -1.2249999999999999 10775.000000000002 348.16666666666669 0.26015873015873042 135.50000000000003 0.24038461538461542 -2.4999999999999996 -0.41666666666666657 0.68333333333333346 -2.0999999999999996 68.500000000000014 2.5000000000000004 1.5000000000000002 -974.99999999999989 1.8333333333333337
decision_type=2 2 2 2 2 2 2 2 2 2 2 2 2 2 2 2 2 2 2 2 2 2 2 2 2 2 2 2 2 2
left_child=18 -2 13 4 8 6 12 20 -4 21 11 -9 -6 -3 15 -14 17 -5 19 -1 -7 22 23 24 -10 -24 27 29 -28 -23
right_child=1 2 3 16 5 7 -8 10 9 -11 -12 -13 14 -15 -16 -17 -18 -19 -20 -21 -22 26 25 -25 -26 -27 28 -29 -30 -31
leaf_value=-0.084177890411741133 -0.051916615181157047 -0.012237590153798531 -0.018734351259844489 0.0055135949991859112 -0.0067681801570877442 0.041644929136641751 0.034479807894742774 -0.00067368243241612102 -0.031903786738298488 -0.05890537363824673 0.069496513865141912 0.071760328064103276 0.0073901198413199145 -0.057497485759719129 0.0036244948207842724 0.072226903171250703 0.0010505966377299771 0.032894243919181512 0.043688678643344379 0.050549004145129153 -0.027618360151148255 -0.0029546334471580462 0.079791430419965767 0.083230961868663633 0.0067721146855537198 -0.0060932475033129672 0.033733161625074982 -0.028082888737699027 -0.015415160252246155 -0.029427296443309728
leaf_weight=2.9879049248993388 22.984625242650509 32.675603024661541 163.39486859738827 420.41299011558294 313.60746451467276 5.6961803808808353 20.555478043854237 17.041457191109661 27.656006574630737 10.661705404520033 14.739982418715952 5.8262191563844672 11.002824932336809 14.821735568344591 132.95663236826658 9.389635965228079 2427.3542252071202 44.596768651157618 48.923026457428932 3.0284225158393383 12.994541194289921 306.72697753459215 10.843566916882994 5.1567355319857588 74.221597999334335 5.3538822680711737 27.688101932406425 63.118193283677101 16.228446736931801 35.0269565731287
leaf_count=32 310 226 916 2202 1503 27 134 83 167 64 71 28 51 109 633 44 10693 347 785 48 65 1623 50 25 370 32 146 293 70 201
internal_value=0.000290972 -0.000183764 9.73931e-05 0.000401931 -0.00361481 0.00216666 -0.000289801 0.0234897 -0.00783532 -0.00476776 0.0383224 0.0177954 -0.00183812 -0.0265573 0.00820938 0.0376948 0.00219504 0.00815679 0.0370636 -0.0158256 -0.00613432 -0.00373984 0.00725917 0.000516322 -0.00369892 0.0512332 -0.00677212 -0.00919965 0.0154641 -0.0056903
internal_weight=4307.67 4252.73 4229.75 4182.25 1289.89 543.81 487.512 56.2984 746.077 582.682 37.6077 22.8677 466.957 47.4973 153.349 20.3925 2892.36 465.01 54.9394 6.01633 18.6907 572.02 123.232 107.034 101.878 16.1974 448.789 404.872 43.9165 341.754
internal_count=21348 20483 20173 19838 6596 2639 2365 274 3957 3041 182 111 2231 335 728 95 13242 2549 865 80 92 2977 644 562 537 82 2333 2117 216 1824
is_linear=0
shrinkage=0.05


Tree=53
num_leaves=31
num_cat=0
split_feature=12 11 13 12 20 17 14 19 33 20 14 16 37 0 12 20 44 30 13 5 22 23 16 37 23 19 19 26 12 12
split_gain=28.189 23.4819 12.4482 9.30877 9.38014 8.91348 8.08472 7.68433 7.41324 9.97863 6.77678 7.11619 6.55144 6.08788 7.84954 7.82929 7.0244 6.8442 6.74809 6.85318 7.58451 6.27596 6.10505 10.0395 5.84015 8.19851 7.59894 16.431 6.91545 6.58981
threshold=3025.0000000000005 1550.0000000000002 -5924.9999999999991 27225.000000000004 -388.49999999999994 -4.1666666666666652 -7.4999999999999991 -359.49999999999994 0.26015873015873042 135.50000000000003 6.5000000000000009 6.5000000000000009 0.83333333333333925 0.38333333333333336 27375.000000000004 -264.49999999999994 1.0000000180025095e-35 0.78888888888888908 -20974.999999999996 11.500000000000002 -192.16666666666666 -174.09999999999997 -2.4999999999999996 0.51322751322751559 202.90000000000003 -72.499999999999986 -40.499999999999993 1.0000000180025095e-35 26575.000000000004 19375.000000000004
decision_type=2 2 2 2 2 2 2 2 2 2 2 2 2 2 2 2 2 2 2 2 2 2 2 2 2 2 2 2 2 2
left_child=8 -2 3 5 -5 -3 -4 -6 9 -1 -8 -12 24 15 -15 22 17 18 -16 -20 -21 -17 -9 -24 25 29 27 -27 -28 -7
right_child=1 2 6 4 7 12 10 13 -10 -11 11 -13 -14 14 16 21 -18 -19 19 20 -22 -23 23 -25 -26 26 28 -29 -30 -31
leaf_value=-0.075853204659277806 -0.051574252679410619 -0.04537091034310925 -0.047203011005310207 -0.03518424279902814 0.043779792301108185 -0.035945585666512764 0.0010827896956305128 0.065279235301757638 0.043129676731191058 0.050224517435969798 0.049740770350253059 0.0086203444223000632 -0.03051157351434541 0.047030893210848662 -0.047910586414977072 -0.056123186695339146 0.053885348389319201 -0.029734791958608998 -0.0043698777383849299 0.092580010559142945 0.019015941527992533 -0.008290771883271977 0.039546252679964145 -0.065984499502113964 -0.030645145391314882 0.00018537402465921421 0.0012309044890998345 0.07725404042872884 -0.052479888745438186 -0.0082315292883265705
leaf_weight=3.1563534550368777 22.005781620740891 17.62970744818449 8.4804818667471391 15.717428319156168 11.796969205141066 24.099051408469677 3499.2281313240528 5.9131074771285048 47.126292962580919 2.8994983956217766 13.545672301203011 48.302700344473124 32.812262214720249 13.013526938855646 4.8679116442799488 7.5364260002970687 6.8295933157205573 14.407254345715044 30.813304439187057 3.9683162197470585 29.072416469454772 73.754269301891327 6.0483764708042127 3.4564030095934868 24.773098893463612 20.889767929911617 89.147730216383934 10.336950115859507 6.3151672929525366 202.01967467367649
leaf_count=32 310 158 52 96 72 119 15715 35 785 48 134 371 194 71 47 43 33 75 141 21 155 418 37 20 150 123 502 60 35 1296
internal_value=0.000276933 -0.000175345 9.24098e-05 -0.00624061 0.0019204 -0.0105836 0.00125642 0.00471705 0.0364193 -0.0148406 0.00137455 0.0177728 -0.00906633 0.00236347 0.0108376 -0.00660975 0.00549992 0.00140471 0.00803934 0.0124511 0.0282548 -0.0128502 0.0258417 0.000362088 -0.00718189 -0.00551199 0.00464057 0.0260221 -0.00232111 -0.0112219
internal_weight=4299.96 4246.78 4224.78 655.219 227.195 428.023 3569.56 211.478 53.1821 6.05585 3561.08 61.8484 410.394 199.681 102.972 96.7086 89.9588 83.1292 68.7219 63.854 33.0407 81.2907 15.4179 9.50478 377.581 352.808 126.69 31.2267 95.4629 226.119
internal_count=21348 20483 20173 3901 1264 2637 16272 1168 865 80 16220 505 2479 1096 543 553 472 439 364 317 176 461 92 57 2285 2135 720 183 537 1415
is_linear=0
shrinkage=0.05


Tree=54
num_leaves=31
num_cat=0
split_feature=12 11 24 13 12 44 19 20 19 6 30 8 17 38 5 31 6 9 19 5 32 42 6 6 22 24 33 12 6 28
split_gain=26.3448 22.1935 11.7964 10.2415 10.6698 10.0186 9.51978 8.92582 8.84797 11.6533 8.40537 8.39927 8.37253 8.07036 7.618 9.00691 7.5065 15.2383 7.4543 7.36203 7.10355 10.3489 9.25023 13.8501 12.2999 9.43442 8.00068 7.71154 7.60559 7.44468
threshold=3025.0000000000005 1550.0000000000002 -5.4999999999999991 -374.99999999999994 27175.000000000004 1.0000000180025095e-35 263.50000000000006 -177.49999999999997 -200.49999999999997 23.500000000000004 0.43650793650793657 0.54398864809081537 -5.833333333333333 0.58047619047619148 11.500000000000002 0.73863636363636376 18.500000000000004 1.0000000180025095e-35 -301.49999999999994 70.500000000000014 0.45555555555555866 1.0000000180025095e-35 11.500000000000002 12.500000000000002 180.41666666666671 5.5000000000000009 0.53007936507936515 4225.0000000000009 15.500000000000002 1.7083333333333337
decision_type=2 2 2 2 2 2 2 2 2 2 2 2 2 2 2 2 2 2 2 2 2 2 2 2 2 2 2 2 2 2
left_child=-1 -2 12 4 8 6 13 -7 -4 -10 11 -9 -3 14 -6 19 20 -18 -15 -16 21 -5 25 24 -24 29 27 -23 -25 -22
right_child=1 2 3 16 5 7 -8 10 9 -11 -12 -13 -14 18 15 -17 17 -19 -20 -21 22 26 23 28 -26 -27 -28 -29 -30 -31
leaf_value=0.035775987178400963 -0.051239270784851389 -0.010771326769093618 -0.017596761278824532 0.0013084215716293104 -0.011890559878687935 -0.0061191696743019683 0.029962618386789854 -0.0010784155100717657 -0.0033717385459184979 -0.056189085916335625 0.065139525413182006 0.067787812482921664 -0.057373068245141372 0.035408439931470928 0.0017378380444888241 0.03958705506904945 -0.0097903324383938877 0.028420931635866134 0.003028706998290759 -0.066987554738024507 0.0073690266506378629 0.061584299249298861 -0.01293846044190345 0.02145727163734816 -0.12144746283265827 0.037436028285492536 0.024969285248650875 -0.01166083333980223 -0.042419951410937039 -0.00094101306521340031
leaf_weight=51.495363302528858 21.066589172929525 32.273332074284554 161.61890658736229 1232.0290485061705 212.92863848060369 18.68345719575882 24.503727965056896 17.052456326782707 570.13748820498586 10.554973740130661 14.87162586301565 5.8155059963464728 13.916668500751255 20.538571804761887 77.152721114456654 15.664932519197462 40.483552016317844 72.294895049184561 132.04558621346951 3.9998401403427115 762.37074824795127 3.5197344422340384 5.2984827756881732 14.572255067527296 5.3356582932174206 22.012578126043081 16.374348267912865 293.46366295963526 6.7232343703508368 415.2961442694068
leaf_count=865 310 225 916 5560 989 92 157 83 2977 64 71 28 110 95 393 79 224 467 628 24 3355 25 22 84 28 181 70 1283 38 1905
internal_value=0.000262539 -0.000168167 8.67149e-05 0.000366179 -0.0033449 0.00197233 -0.000330899 0.0218992 -0.00724277 -0.00434989 0.0358816 0.016436 -0.0250137 -0.00195341 -0.00659788 0.00499086 0.00201891 0.0146636 0.00744026 -0.00166623 0.00150308 -0.000751725 0.00433623 -0.0221548 -0.0684726 0.00504725 -0.00886539 -0.0107555 0.000952785 0.00443447
internal_weight=4294.09 4242.6 4221.53 4175.34 1285.57 543.257 486.834 56.423 742.311 580.692 37.7396 22.868 46.19 462.33 309.746 96.8175 2889.77 112.778 152.584 81.1526 2777 1545.39 1231.61 31.9296 10.6341 1199.68 313.358 296.983 21.2955 1177.67
internal_count=21348 20483 20173 19838 6596 2639 2365 274 3957 3041 182 111 335 2208 1485 496 13242 691 723 417 12551 6938 5613 172 50 5441 1378 1308 122 5260
is_linear=0
shrinkage=0.05


Tree=55
num_leaves=31
num_cat=0
split_feature=12 13 25 20 13 0 30 8 28 15 32 35 10 12 15 12 0 10 21 8 6 21 20 20 36 33 8 8 33 6
split_gain=27.1921 24.3645 13.8245 10.67 11.6138 10.1261 8.12824 13.8529 8.71599 7.72642 7.72397 7.34337 8.60902 14.6605 8.01383 10.4865 9.30804 10.7458 9.94246 9.07802 7.76072 7.66 7.64404 10.0604 8.97461 7.45074 10.1632 7.40256 7.299 9.10115
threshold=3025.0000000000005 -15474.999999999998 4.5000000000000009 173.50000000000003 6475.0000000000009 0.11666666666666668 0.11805555555555557 0.25290697674418611 1.1000000000000003 3.5000000000000004 0.67777777777778481 0.34848484848484856 5.5000000000000009 22475.000000000004 -2.4999999999999996 27575.000000000004 0.41666666666666674 -6.4999999999999991 -165.49999999999997 0.11324786324786326 7.5000000000000009 316.50000000000006 -270.49999999999994 -278.49999999999994 0.69375000000000009 0.31706349206349221 0.45260557053009892 0.63686313686313689 0.15089285714285736 2.5000000000000004
decision_type=2 2 2 2 2 2 2 2 2 2 2 2 2 2 2 2 2 2 2 2 2 2 2 2 2 2 2 2 2 2
left_child=-1 2 10 11 5 9 7 -7 -9 -5 -2 -3 14 -14 15 16 17 -13 19 -19 -15 -22 23 -18 25 26 -24 -17 -10 -30
right_child=1 3 -4 4 -6 6 -8 8 28 -11 -12 12 13 20 -16 27 22 18 -20 -21 21 -23 24 -25 -26 -27 -28 -29 29 -31
leaf_value=0.036772223774078704 -0.022136943740937651 -0.0059595030847969478 0.061159209138949983 -0.040743661950082541 0.010120859014324374 -0.057913726016355353 0.00064073164181212142 0.047358239587515692 0.071470849437988052 -0.0024489565528663208 0.0052503005357418088 -0.049009372817341634 -0.055006813309878035 -0.024106519679907332 0.0029663418692745672 0.012593373458843546 0.003964476190794165 0.040432115853837214 -0.019689413488005066 -0.0047708107727368818 0.065922380197636798 -0.015136076908383304 -0.034239880963812468 0.056419466403441622 0.011536198619251307 -0.026840769115270613 0.040517390939173087 -0.040950376823517473 -0.024614570298951133 0.024624675544974592
leaf_weight=50.1246352866292 186.82165950536728 635.75326608121395 5.4817050695419303 24.757987037301064 512.29484230652452 5.421389788389205 835.96561471745372 25.475819431245327 4.254952333867549 28.680130377411842 29.487829636782408 20.609430104494095 18.692369244992733 11.938275039196016 1281.4691691212356 108.47645350173116 110.63554522395134 13.177286818623541 130.21478433161974 67.384347822517157 6.9906260669231397 4.7525558918714523 7.6840751394629505 9.9021837860345823 34.855615518987179 63.222675554454327 10.744539894163607 6.7295621037483206 16.584494560956955 21.286717645823956
leaf_count=874 1646 2805 39 105 2707 23 3841 107 23 132 285 116 85 49 5752 488 542 56 575 325 31 20 35 43 158 291 53 32 69 89
internal_value=0.000197328 -0.000234758 -0.0163646 0.000654749 0.0040391 0.000795905 0.00204531 0.0180335 0.0242746 -0.0203273 -0.0183796 -0.00130582 0.000242837 -0.0220118 0.00075228 -0.00410016 -0.0074298 -0.014562 -0.0111485 0.0026019 0.00394347 0.0328444 -0.000443533 0.0083583 -0.00959212 -0.0186757 0.00905986 0.00938954 0.0101172 0.0029222
internal_weight=4289.87 4239.75 221.791 4017.95 1474.72 962.427 908.989 73.0234 67.602 53.4381 216.309 2543.23 1907.48 42.3738 1865.11 583.636 468.43 231.386 210.776 80.5616 23.6815 11.7432 237.045 120.538 116.507 81.6513 18.4286 115.206 42.1262 37.8712
internal_count=21396 20522 1970 18552 7096 4389 4152 311 288 237 1931 11456 8651 185 8466 2714 2194 1072 956 381 100 51 1122 585 537 379 88 520 181 158
is_linear=0
shrinkage=0.05


Tree=56
num_leaves=31
num_cat=0
split_feature=12 11 10 5 10 5 10 0 15 38 10 17 5 0 4 10 24 4 28 11 32 29 20 21 20 10 10 18 15 19
split_gain=25.3775 20.0814 14.192 18.7682 32.4064 16.619 22.1726 15.3984 11.4093 10.1284 8.70581 9.6946 13.0842 8.34291 15.4986 14.4863 18.9675 17.2498 15.344 11.2421 9.66726 10.7671 8.73741 11.0467 8.01806 21.6683 10.0263 15.0864 15.6369 13.0572
threshold=3025.0000000000005 1550.0000000000002 1.0000000180025095e-35 22.500000000000004 -1.4999999999999998 29.500000000000004 1.5000000000000002 0.38333333333333336 6.5000000000000009 0.89333333333333409 -11.499999999999998 -1.8333333333333333 34.500000000000007 0.31666666666666671 5.5000000000000009 -1.4999999999999998 -1.4999999999999998 7.5000000000000009 -0.89999999999999991 10625.000000000002 0.75000000000000056 0.78888888888888908 15.500000000000002 15.500000000000002 173.50000000000003 1.5000000000000002 1.5000000000000002 -2.5499999999999994 -2.4999999999999996 27.500000000000004
decision_type=2 2 2 2 2 2 2 2 2 2 2 2 2 2 2 2 2 2 2 2 2 2 2 2 2 2 2 2 2 2
left_child=-1 -2 3 9 7 24 -7 -5 -8 13 -9 -12 -13 14 19 16 18 -17 -16 20 -3 -22 -18 -24 26 -26 27 -4 -29 -28
right_child=1 2 5 4 -6 6 8 10 -10 -11 11 12 -14 -15 15 17 22 -19 -20 -21 21 -23 23 -25 25 -27 29 28 -30 -31
leaf_value=0.036091933074995676 -0.050691793145468116 -0.02420444023032382 0.052776416096567171 -0.03180877898089806 -0.053875499535280494 0.056419480044383012 0.004469117614925462 0.039742376717396624 0.038994636405703609 -0.038452304201817999 -0.017704129152996288 0.028372230244827625 -0.007090195120996616 0.0022694168825077971 -0.0090460527536744152 -0.0043972730367517988 -0.011149181209956151 -0.067072888314505627 -0.067511179539831587 0.0017936512670842558 0.068054194599889206 -0.015804929159146237 0.096241163798962845 0.016256920144497318 0.064853481400270904 0.0039627368106565459 -0.030890678332494231 -0.0094473274507207595 0.0067828465874166834 -0.004224460389003106
leaf_weight=48.557923942804337 19.519250992685556 78.208439081907272 14.309623103588818 52.058197077363729 44.379240367561579 29.310237910598516 160.42656566947699 12.018220193684099 28.143036443740129 17.743153303861618 76.64861960336566 39.812883637845516 74.249063991010189 1056.4469115063548 31.443054154515266 18.349567897617817 19.981721088290215 27.962637558579445 17.598197177052498 511.23711163550615 6.4060426056385014 9.0703503638505936 5.3234915882349041 22.725140944123268 14.789438318461178 822.49203360080719 53.617510132491589 229.43751237168908 419.43715542182326 321.45016571134329
leaf_count=874 307 610 89 296 428 309 847 63 231 87 471 176 356 4752 182 82 88 165 85 2150 48 74 22 100 106 3911 238 955 1859 1435
internal_value=0.000187799 -0.000223574 1.01457e-05 -0.0028705 -0.0144765 0.00293205 0.0160017 -0.00757583 0.00966631 -0.00096192 -0.00131585 -0.00394894 0.00525804 -0.000588458 -0.00462961 -0.0194057 -0.00834638 -0.0424106 -0.0302224 -0.00111636 -0.0170346 0.0187994 0.0139026 0.0319031 0.00141031 0.00505188 -0.00152176 0.00216744 0.0010357 -0.00805705
internal_weight=4283.15 4234.59 4215.08 2121.66 299.166 2093.41 217.88 254.787 188.57 1822.5 202.729 190.711 114.062 1804.75 748.306 143.384 97.0716 46.3122 49.0413 604.922 93.6848 15.4764 48.0304 28.0486 1875.53 837.281 1038.25 663.184 648.875 375.068
internal_count=21396 20522 20215 10235 1790 9980 1387 1362 1078 8445 1066 1003 532 8358 3606 724 477 247 267 2882 732 122 210 122 8593 4017 4576 2903 2814 1673
is_linear=0
shrinkage=0.05


Tree=57
num_leaves=31
num_cat=0
split_feature=12 11 9 7 7 0 38 28 34 20 0 7 19 23 37 37 30 5 12 20 31 0 42 22 23 0 37 31 7 38
split_gain=23.6743 18.9857 12.8685 20.0942 16.4266 13.8961 7.77982 10.1816 8.64242 8.64641 8.00902 11.7925 15.1874 10.4487 8.4573 9.32388 9.56366 8.06367 7.51992 8.74639 7.1299 7.69959 7.83679 8.80765 14.0536 11.3876 7.53948 7.12949 7.32713 7.35913
threshold=3025.0000000000005 1550.0000000000002 1.0000000180025095e-35 28.500000000000004 60.500000000000007 0.31666666666666671 0.78037433155080393 -2.5499999999999994 0.78888888888888908 -377.49999999999994 0.18333333333333338 8.5000000000000018 -159.49999999999997 -305.69999999999999 0.8000000000000077 0.82916666666667138 0.19090909090909094 5.5000000000000009 23575.000000000004 -6.4999999999999991 1.0000000180025095e-35 0.15000000000000002 1.0000000180025095e-35 172.41666666666671 -103.29166666666664 0.91666666666666685 0.11111111111111115 0.68333333333333346 55.500000000000007 0.26666666666666855
decision_type=2 2 2 2 2 2 2 2 2 2 2 2 2 2 2 2 2 2 2 2 2 2 2 2 2 2 2 2 2 2
left_child=-1 -2 3 6 20 -5 10 -8 -9 -10 11 -3 -13 -12 -15 16 -16 -14 19 -19 -4 -22 23 24 -23 27 -26 28 29 -25
right_child=1 2 4 5 -6 -7 7 8 9 -11 13 12 17 14 15 -17 -18 18 -20 -21 21 22 -24 25 26 -27 -28 -29 -30 -31
leaf_value=0.035408376893543307 -0.050370805340863571 -0.0015940395373209054 -0.0044783374112994214 -0.032662205237117506 0.015445904898223371 -0.0083919510872157484 0.057625895713118352 -0.00046408780467806785 0.10701997013096871 -0.035737522267958545 0.068215175797393987 -0.050207516823883962 -0.040846132887794699 0.00095447781873202523 -0.0069441853474191823 0.0073029269204257403 0.073742400433619376 -0.018564208009070892 -0.012450190339390538 0.07559677841750484 0.016082573890426621 0.022348908516365236 -0.0060411778209172318 0.031096782320545649 -0.060361262642691718 -0.045044575252440322 -0.0027169868204493797 -0.0036644900232380827 -0.029289769659313972 0.010589496753695636
leaf_weight=47.060815121978521 18.68325337022543 222.16744266450405 421.33601451665163 71.184959448873997 228.44771518930793 349.6684744246304 4.5077086091041556 37.857674613595009 0.9737754836678495 47.103080973029137 5.8609100282192221 32.101273164153099 9.2186528816819173 1252.5605274736881 4.9885567128658321 42.598614543676376 12.61429590731859 3.540550708770752 12.121787726879118 7.2838117480278033 103.0446798838675 59.23168408498168 251.95057130977511 49.932612828910351 5.6494470387697211 9.6659324020147306 491.41439137235284 86.615620847791433 10.316586181521414 371.63154661655426
leaf_count=874 307 1098 1828 427 1471 2006 20 177 5 220 34 199 47 5625 21 184 59 21 59 33 530 280 1146 231 24 41 2174 419 71 1765
internal_value=0.000178205 -0.000213925 8.89947e-06 -0.00273787 0.00279371 -0.0125158 -0.000307266 -0.0145689 -0.0184766 -0.0325261 0.000494094 -0.00707853 -0.0259288 0.00214323 0.00183927 0.0201334 0.0506837 -0.00146246 0.0142516 0.0444519 0.00123697 0.00291354 0.00189327 0.00374166 -0.000640702 0.00836617 -0.00339422 0.00938 0.012008 0.0130372
internal_weight=4271.33 4224.27 4205.59 2116.35 2089.24 420.853 1695.5 90.4422 85.9345 48.0769 1605.06 286.434 64.2661 1318.62 1312.76 60.2015 17.6029 32.1648 22.9462 10.8244 1860.79 1439.45 1336.41 1084.46 556.296 528.162 497.064 518.496 431.881 421.564
internal_count=21396 20522 20215 10235 9980 2433 7802 422 402 225 7380 1457 359 5923 5889 264 80 160 113 54 8509 6681 6151 5005 2478 2527 2198 2486 2067 1996
is_linear=0
shrinkage=0.05


Tree=58
num_leaves=31
num_cat=0
split_feature=12 13 24 20 13 0 30 8 18 38 35 33 12 34 19 13 13 32 13 35 20 32 19 37 6 27 22 22 29 4
split_gain=22.4201 20.479 9.64882 9.41621 10.943 7.9063 7.38068 12.9304 8.60265 8.65573 7.01619 8.89956 15.876 13.3617 7.93794 7.37743 7.34637 14.6058 9.21158 6.96055 8.18945 6.86914 7.13916 9.33989 9.11319 15.7386 6.84517 12.6978 7.63323 7.56944
threshold=2025.0000000000002 -16874.999999999996 4.5000000000000009 173.50000000000003 6475.0000000000009 0.11666666666666668 0.11805555555555557 0.25290697674418611 0.77500000000000013 0.59023809523809645 0.34848484848484856 0.68166666666666664 24575.000000000004 0.44097222222222227 -78.499999999999986 1.0000000180025095e-35 23475.000000000004 0.40000000000001057 2875.0000000000005 0.88194444444444453 352.50000000000006 0.67777777777778481 -220.49999999999997 0.71428571428571497 1.0000000180025095e-35 -0.41666666666666657 286.83333333333343 280.41666666666669 0.32291666666666669 3.5000000000000004
decision_type=2 2 2 2 2 2 2 2 2 2 2 2 2 2 2 2 2 2 2 2 2 2 2 2 2 2 2 2 2 2
left_child=-1 2 21 10 5 19 7 -7 9 -9 16 -12 13 14 -13 -15 18 -18 -3 20 -5 -2 -23 24 25 -24 27 29 -29 -6
right_child=1 3 -4 4 26 6 -8 8 -10 -11 11 12 -14 15 -16 -17 17 -19 -20 -21 -22 22 23 -25 -26 -27 -28 28 -30 -31
leaf_value=0.042132199065677084 -0.023577531422837646 -0.0098944626808295522 0.057633088274518386 -0.054271942715029643 0.026603276057435184 -0.055695056688119804 0.00036197395917138297 0.070676841455961439 0.010813145192863596 0.00068788320204894249 -0.00077033695932401177 -0.013647071839351557 0.030156405828092505 -0.037183439178842426 0.040952178823759185 -0.0014414583247452685 -0.13166971319257467 0.013434675905153032 0.002447763919459613 0.0023591145226058447 -0.0012606910064068728 -0.031585135184377944 0.029293566346310942 -0.040618517022508932 -0.014614757961718561 0.18604017800124015 0.01723562427468333 -0.091164794269916444 -0.011335353560854612 0.0040975296393282474
leaf_weight=31.495353896170855 137.94697933271527 398.03436638787389 4.0463477075099936 18.634885460138324 43.442621167749166 5.5371017307043067 836.83786839619279 14.608616784214975 46.900001987814903 6.5243502557277671 1781.1959559135139 9.2859634160995501 66.642211809754372 23.750489562749863 22.074231412261724 37.386625830084085 3.2680719606578341 3.4260216169059277 242.78048611059785 23.618460580706596 12.250959120690821 7.9631356149911907 5.0716013945639133 3.6731990650296202 3.5276669226586819 2.3459201678633672 187.96330841258168 4.9914551787078363 7.7679766267538071 270.83768099173903
leaf_count=609 1363 1758 27 83 230 24 3869 62 204 27 8193 42 303 143 113 182 29 34 1082 103 59 91 51 42 32 21 1192 24 40 1364
internal_value=0.000169128 -0.000142951 -0.0174299 0.000555631 0.00373748 0.000590593 0.0017038 0.0168776 0.0229306 0.0494097 -0.00126212 0.000239441 0.0115663 -0.00179148 0.0246341 -0.0154462 -0.00576878 -0.057565 -0.00521101 -0.0178813 -0.0334782 -0.0193878 0.00597754 0.0268545 0.0501138 0.0813478 0.00962253 0.00522775 -0.0434193 0.00723185
internal_weight=4263.83 4232.33 164.575 4067.76 1479.92 964.912 910.408 73.5701 68.033 21.133 2587.84 1940.34 159.14 92.4973 31.3602 61.1371 647.509 6.69409 640.815 54.5043 30.8858 160.529 22.5815 14.6184 10.9452 7.41752 515.003 327.04 12.7594 314.28
internal_count=21396 20787 1627 19160 7281 4431 4186 317 293 89 11879 8976 783 480 155 325 2903 63 2840 245 142 1600 237 146 104 72 2850 1658 64 1594
is_linear=0
shrinkage=0.05


Tree=59
num_leaves=31
num_cat=0
split_feature=12 13 23 11 40 42 31 38 11 32 22 10 10 27 10 7 13 41 6 36 7 23 38 21 21 10 37 32 18 27
split_gain=21.0406 18.8089 12.6999 8.28905 8.18596 8.00065 10.6052 9.97767 8.54299 8.26529 8.19615 10.1431 13.5456 9.76165 9.36756 10.3124 10.1039 8.14684 9.29297 9.08686 9.07914 11.315 7.78374 8.45175 7.83898 8.29076 7.76517 7.65858 8.35945 7.89406
threshold=2025.0000000000002 -15474.999999999998 263.10000000000008 1550.0000000000002 1.0000000180025095e-35 1.0000000180025095e-35 0.70714285714285718 0.65365079365079504 13225.000000000002 0.93333333333333435 172.41666666666671 1.0000000180025095e-35 1.5000000000000002 2.8333333333333335 -1.4999999999999998 8.5000000000000018 8275.0000000000018 1.0000000180025095e-35 11.500000000000002 0.55050505050505061 3.5000000000000004 194.90000000000003 0.52031746031746151 333.50000000000006 231.50000000000003 3.5000000000000004 0.33333333333333576 0.67777777777778481 -1.4499999999999997 1.0000000180025095e-35
decision_type=2 2 2 2 2 2 2 2 2 2 2 2 2 2 2 2 2 2 2 2 2 2 2 2 2 2 2 2 2 2
left_child=-1 2 3 -2 5 10 7 -7 -8 -10 -3 13 -13 -12 16 -16 -15 20 22 -20 21 -14 24 -24 -19 -26 -23 29 -29 -5
right_child=1 4 -4 27 -6 6 8 -9 9 -11 11 12 17 14 15 -17 -18 18 19 -21 -22 26 23 -25 25 -27 -28 28 -30 -31
leaf_value=0.041572772489256463 -0.049844310266943248 0.00070458701821816407 0.056447284394911534 -0.012496623355091935 -0.0075326929547494779 -0.0031008799446608139 -0.02410169843037191 -0.019155501292258556 0.0094422075743262335 0.063198864396779506 0.0054091624282293005 0.035461735059269847 -0.041747607456182334 -0.021421742428424029 0.025601387461527115 -0.056310305898075008 0.03445410788452926 -0.031263762024112352 -0.11033369220676621 -0.0088144890149047146 0.011749206244724567 -0.038572205007027585 0.024972974913001565 -0.020839093102788 0.036484301126759065 -0.01358989129624349 0.020031547993157969 -0.025004912746113807 0.032577561898818212 -0.041288035058130786
leaf_weight=30.353641010820866 17.307407904416323 2094.7367575354874 5.9844652414321891 134.26415271311998 284.93885464966297 466.26794581860304 17.903960518538952 122.44099748134613 130.33362899720669 7.5193410143256179 89.383902423083782 44.984118692576885 18.277014922350645 25.498018883168697 4.4764422178268459 22.508143041282892 11.704857677221296 29.192138481885195 3.8233300745487195 5.347088910639286 511.12855291739106 7.1018072180449954 40.630638100206852 13.174038674682377 12.416060816496609 24.131171301007271 25.759737126529217 9.8747129477560538 16.803425941616297 29.205714594572783
leaf_count=609 304 9561 40 1152 1252 2100 88 581 577 33 410 297 94 118 18 163 60 135 20 34 2684 33 185 71 59 123 121 96 141 237
internal_value=0.000160803 -0.000136357 -0.0145969 -0.0166966 0.000631728 0.00125715 -0.00337686 -0.00645113 0.00820746 0.0124544 0.00241492 0.00643636 0.00887765 -0.00522871 -0.0201056 -0.0424931 -0.00366268 0.00713486 -0.00418264 -0.0524128 0.00973484 -0.0102847 -0.000400316 0.0136453 -0.0119752 0.00333834 0.00713622 -0.0136286 0.0110633 -0.0176932
internal_weight=4257.47 4227.12 213.44 207.455 4013.68 3728.74 744.466 588.709 155.757 137.853 2984.27 889.537 735.966 153.571 64.1875 26.9846 37.2029 690.982 128.714 9.17042 562.267 51.1386 119.544 53.8047 65.7394 36.5472 32.8615 190.148 26.6781 163.47
internal_count=21396 20787 1970 1930 18817 17565 3379 2681 698 610 14186 4625 3856 769 359 181 178 3559 627 54 2932 248 573 256 317 182 154 1626 237 1389
is_linear=0
shrinkage=0.05


Tree=60
num_leaves=31
num_cat=0
split_feature=11 12 33 11 19 14 29 4 0 25 23 4 12 13 29 6 44 6 0 26 23 4 31 7 5 31 31 29 31 6
split_gain=23.9685 18.5063 11.1979 10.7397 8.28998 6.58517 11.3668 10.6177 9.14768 7.09909 11.9901 8.99688 8.45298 7.93772 7.58112 7.46 7.41585 7.20455 7.17544 7.00312 6.81912 9.48694 6.75928 6.75131 8.87439 8.10733 10.3212 10.6212 6.35483 6.32347
threshold=3475.0000000000005 3275.0000000000005 0.26015873015873042 29275.000000000004 383.50000000000006 4.5000000000000009 0.16025641025641027 2.5000000000000004 0.61666666666666681 -3.4999999999999996 -152.54999999999998 9.5000000000000018 23825.000000000004 -17524.999999999996 0.24038461538461542 -2.4999999999999996 1.0000000180025095e-35 -18.499999999999996 0.78333333333333355 -1.0000000180025095e-35 -13.899999999999999 8.5000000000000018 0.48529411764705888 84.500000000000014 65.500000000000014 0.48529411764705888 0.59166666666666679 0.39444444444444454 0.54195804195804198 -8.4999999999999982
decision_type=2 2 2 2 2 2 2 2 2 2 2 2 2 2 2 2 2 2 2 2 2 2 2 2 2 2 2 2 2 2
left_child=-1 2 3 -2 5 9 -7 -8 28 10 12 20 14 16 15 -3 -11 -16 -13 -18 21 -12 -10 25 -25 -14 -27 -28 -9 -29
right_child=1 4 -4 -5 -6 6 7 8 22 13 11 18 23 -15 17 -17 19 -19 -20 -21 -22 -23 -24 24 -26 26 27 29 -30 -31
leaf_value=-0.033436264053022906 0.032125154755848463 0.059602877698064619 0.040205384647118481 -0.10744314858821646 0.0077000297904321127 -0.091460307799391447 -0.070226817037820174 0.01376159988917877 -0.085321654429414695 -0.023614907000125543 -0.016890643428364997 -0.042315026012324036 0.00029716144726396951 0.001175867624215351 0.031407326180702466 -0.021031374789825089 0.079468614637256102 -0.035618688587753966 0.00025518104562204216 -0.010155865125836267 0.0090746898992606177 0.053693123475753939 -0.0045025989756241978 -0.049595741642343899 0.030837214326071755 0.061043894298608563 -0.023098506703124504 0.07042026553858953 -0.018867027933757791 0.016564391973433717
leaf_weight=51.641691010445356 2.6845667138695708 5.806090421974659 42.67550066486001 2.5832694359123707 359.34247977659106 4.3844332545995703 6.5416119992732993 43.867570053786039 5.4721897244453412 54.463740881532431 120.95306910574436 40.197793729603291 52.270910073071718 3237.1836858429015 4.4781559444963923 5.3824437409639341 3.4966985210776329 29.546346910297871 12.81186370551586 5.2817585542798025 42.090669512748718 4.8290605768561354 5.1083383709192276 9.5908159986138326 5.1458418369293204 16.440824501216412 12.988736584782599 7.5176304504275313 22.433710217475891 20.909981772303585
leaf_count=768 46 30 860 33 2039 20 29 234 27 461 541 219 293 14614 34 30 24 182 58 47 193 21 24 65 34 91 65 43 111 105
internal_value=0.000383748 0.000802913 0.0316581 -0.0361122 0.000443503 -0.000245342 -0.0137704 -0.00952282 -0.00420826 7.53913e-05 -0.00629305 -0.0139787 0.00366138 0.000831464 -0.0147962 0.0205267 -0.0166927 -0.0265843 -0.031951 0.0254738 -0.00825812 -0.0141006 -0.0471774 0.0103913 -0.0211541 0.0146732 0.0275521 0.0140215 0.00263429 0.0311787
internal_weight=4238.12 4186.48 47.9433 5.26784 4138.54 3779.19 87.8079 83.4234 76.8818 3691.39 390.96 220.882 170.078 3300.43 45.213 11.1885 63.2422 34.0245 53.0097 8.77846 167.873 125.782 10.5805 124.865 14.7367 110.128 57.8572 41.4163 66.3013 28.4276
internal_count=21341 20573 939 79 19634 17595 445 425 396 17150 2004 1032 972 15146 276 60 532 216 277 71 755 562 51 696 99 597 304 213 345 148
is_linear=0
shrinkage=0.05


Tree=61
num_leaves=31
num_cat=0
split_feature=11 12 33 11 19 10 10 24 32 24 29 7 23 13 19 5 13 22 12 10 10 5 20 10 15 27 24 21 33 20
split_gain=22.2444 17.256 10.435 9.02886 7.5025 6.68647 13.7529 6.41483 6.36404 6.29151 11.2008 8.93437 9.88998 6.67284 8.90547 7.0189 6.27379 14.549 14.4061 9.87164 14.9739 13.8973 9.2072 10.2532 19.5414 9.81107 8.28972 13.4328 8.18133 8.92057
threshold=3475.0000000000005 3275.0000000000005 0.26015873015873042 29275.000000000004 383.50000000000006 5.5000000000000009 6.5000000000000009 -6.4999999999999991 0.30555555555556696 4.5000000000000009 0.16025641025641027 6.5000000000000009 185.22500000000002 5475.0000000000009 337.50000000000006 11.500000000000002 -1424.9999999999998 -395.49999999999994 25025.000000000004 2.5000000000000004 1.5000000000000002 44.500000000000007 -171.49999999999997 -2.4999999999999996 1.0000000180025095e-35 -0.83333333333333315 -4.4999999999999991 -165.49999999999997 0.47067873303167435 -18.499999999999996
decision_type=2 2 2 2 2 2 2 2 2 2 2 2 2 2 2 2 2 2 2 2 2 2 2 2 2 2 2 2 2 2
left_child=-1 2 3 -2 7 -6 8 -3 -7 16 -11 12 -12 -13 -15 -16 19 18 -18 20 22 -22 -9 24 26 -26 27 -24 -28 -30
right_child=1 4 -4 -5 5 6 -8 9 -10 10 11 13 -14 14 15 -17 17 -19 -20 -21 21 -23 23 -25 25 -27 28 -29 29 -31
leaf_value=-0.032668736877652517 0.031425267293722338 -0.026181643692791901 0.039613189482052558 -0.095067128929286537 0.010982718315651613 -0.085300285460226832 0.0058376178404450051 -0.0097279762254837421 -0.021716172589465281 -0.087834502253946733 -0.089939758708497269 0.014033348608225062 -0.0087318638808621812 0.011089769193665657 -0.017636937852006245 -0.085272721475900065 2.5969690370641735e-05 0.0012157019421688954 0.098778699941797152 0.027360470217515517 -0.036000952853388002 0.055313999663125106 0.10037844891956541 -0.0032606909230583816 0.0055038905934205948 0.091213047852320983 -0.0066945698718484693 -0.0062027847561354791 0.024628648169372075 -0.023389253447778389
leaf_weight=50.25031116977334 2.6112464033067218 23.570907570421696 41.187253825366497 2.7810609415173531 279.00850041210651 6.0553752928972271 61.346353579312563 290.88122745230794 12.078966803848742 4.6857853308320037 6.4402478188276282 35.115867145359516 9.2075469866394979 14.454845674335958 11.254498183727266 5.990666337311267 7.3562524095177633 2675.3196020722389 7.5281073823571205 25.613652631640434 52.771239995956421 4.3941073864698401 5.724464550614357 416.33635312691331 5.0538608059287062 10.62447466701269 92.67711116373539 5.8137171044945699 55.215725503861904 11.535227783024309
leaf_count=768 46 177 860 33 1472 36 453 1588 78 21 28 178 39 83 56 36 46 11916 39 117 247 20 24 2128 24 52 436 27 259 54
internal_value=0.000364494 0.000763324 0.0309949 -0.0334454 0.000420911 0.007333 -0.00541382 -0.000233896 -0.0435736 -6.89483e-05 -0.0133397 -0.00894486 -0.0428314 -0.000882001 -0.017554 -0.0417768 0.000245446 0.00149284 0.050632 -0.00318525 -0.00401597 -0.0288102 -0.00242166 0.00109568 0.0108365 0.0641119 0.00588707 0.0466541 0.00287792 0.0162333
internal_weight=4232.88 4182.63 46.5796 5.39231 4136.05 358.489 79.4807 3777.57 18.1343 3753.99 87.1495 82.4637 15.6478 66.8159 31.7 17.2452 3666.85 2690.2 14.8844 976.641 951.028 57.1653 893.862 602.981 186.645 15.6783 170.966 11.5382 159.428 66.751
internal_count=21341 20573 939 79 19634 2039 567 17595 114 17418 441 420 67 353 175 92 16977 12001 85 4976 4859 267 4592 3004 876 76 800 51 749 313
is_linear=0
shrinkage=0.05


Tree=62
num_leaves=31
num_cat=0
split_feature=13 12 33 32 29 20 36 40 32 36 8 20 10 20 16 13 19 32 10 10 37 32 33 24 33 34 38 32 37 32
split_gain=18.6497 15.9269 9.73675 8.8602 10.4683 8.36405 13.7124 8.25679 8.57045 12.7815 14.0359 6.67418 7.85538 12.6173 12.5792 8.32266 7.97976 7.27077 7.94041 11.5476 9.83093 9.42282 7.17763 8.56874 7.95762 6.37428 7.05409 6.87154 12.2992 7.51999
threshold=-18524.999999999996 3275.0000000000005 0.26015873015873042 0.75000000000001898 0.78888888888888908 167.50000000000003 0.39444444444444454 1.0000000180025095e-35 0.33333333333333526 0.19090909090909094 0.56773440106773443 800.50000000000011 5.5000000000000009 120.50000000000001 3.5000000000000004 3975.0000000000005 383.50000000000006 0.30000000000000476 8.5000000000000018 7.5000000000000009 0.33095238095238377 0.26666666666667105 0.22222222222222232 -6.4999999999999991 0.29045454545454558 0.70714285714285718 0.38000000000000078 0.7000000000000105 0.55000000000000626 0.66666666666667851
decision_type=2 2 2 2 2 2 2 2 2 2 2 2 2 2 2 2 2 2 2 2 2 2 2 2 2 2 2 2 2 2
left_child=3 2 5 -1 -5 6 -2 11 9 -9 -11 12 16 14 15 -14 22 18 19 20 -15 -22 -3 -24 -25 27 -27 29 -29 -10
right_child=1 7 -4 4 -6 -7 -8 8 25 10 -12 -13 13 17 -16 -17 -18 -19 -20 -21 21 -23 23 24 -26 26 -28 28 -30 -31
leaf_value=-0.025114021201738147 0.025532827056766062 0.0081022617531213842 0.039015132442400381 0.10617788020982706 -0.010941104391300572 0.048198642155810108 -0.16612882800222223 -0.052621300363245686 0.0055897776940611963 -0.020203968341864349 0.031421664275358079 0.041104389792534043 -0.048895673542259828 -0.078788237908895373 -0.06846447441869942 0.017136261076877463 0.010003310310179508 0.0023228064487076571 0.01054705524247769 -0.10125407460257235 0.020841466933824677 -0.052223481754813783 -0.034153778761369095 -0.0070895618329058843 0.0013210891274611865 0.050100962638763215 -0.022360948562295369 -0.049850456181474226 0.029630838460480136 0.065326676286935531
leaf_weight=94.097631607204676 1.6482002027332776 318.78380636870861 39.765483718365431 2.7598830647766572 5.4997306689620018 1.9774429984390733 1.879520311951637 22.226651560515165 122.79120749235153 65.259148925542831 16.334977794438601 10.345386151224373 7.6768473684787777 5.4933766424655976 15.750476345419882 12.132138624787329 264.70088898018003 151.92318350821733 13.734641157090662 5.3389610871672621 13.099313504993917 6.5147481560707083 17.932776637375355 314.87484844401479 2619.916879478842 3.495618872344493 45.298066783696413 13.975621819496157 7.275762364268302 5.4313815683126441
leaf_count=1090 20 1447 860 27 65 38 21 96 540 286 71 84 32 25 67 55 1402 857 88 30 65 35 137 1403 12152 17 215 61 31 24
internal_value=0.000346469 0.00087093 0.0303339 -0.0207237 0.0283971 -0.0310587 -0.0769681 0.00054208 -0.00740863 -0.0190429 -0.00978161 0.00117928 0.00106725 -0.00784662 -0.0352175 -0.00831991 0.00165283 -0.00284258 -0.0206826 -0.0349227 -0.0202736 -0.003315 0.000975372 0.000203993 0.000416793 -0.00128471 -0.0169756 0.00381186 -0.0223932 0.00820807
internal_weight=4227.93 4125.58 45.2706 102.357 8.25961 5.50516 3.52772 4080.31 302.088 103.821 81.5941 3778.22 3767.87 231.664 35.5595 19.809 3536.21 196.104 44.181 30.4464 25.1074 19.6141 3271.51 2952.72 2934.79 198.268 48.7937 149.474 21.2514 128.223
internal_count=21341 20159 939 1182 92 79 41 19220 1341 453 357 17879 17795 1254 154 87 16541 1100 243 155 125 100 15139 13692 13555 888 232 656 92 564
is_linear=0
shrinkage=0.05


Tree=63
num_leaves=31
num_cat=0
split_feature=11 12 33 20 36 10 10 4 15 10 4 21 2 13 37 15 32 29 32 46 14 16 5 6 13 6 19 11 10 20
split_gain=19.8313 14.9865 9.06352 7.28681 8.99941 6.61819 13.104 14.6597 12.7418 12.2373 27.1551 11.158 9.56427 9.66963 9.71446 8.50479 6.53892 7.67271 9.16885 6.42367 6.39365 10.191 9.51196 6.08615 6.30524 13.3007 5.62065 5.60917 5.60342 10.8658
threshold=3475.0000000000005 3275.0000000000005 0.26015873015873042 167.50000000000003 0.48333333333333339 -6.4999999999999991 -5.4999999999999991 9.5000000000000018 1.0000000180025095e-35 -4.4999999999999991 11.500000000000002 -97.499999999999986 1.0000000180025095e-35 -6574.9999999999991 0.5333333333333361 -1.4999999999999998 0.72222222222222499 0.39444444444444454 0.31666666666667087 1.0000000180025095e-35 6.5000000000000009 6.5000000000000009 29.500000000000004 24.500000000000004 2875.0000000000005 14.500000000000002 -299.49999999999994 27775.000000000004 5.5000000000000009 28.500000000000004
decision_type=2 2 2 2 2 2 2 2 2 2 2 2 2 2 2 2 2 2 2 2 2 2 2 2 2 2 2 2 2 2
left_child=-1 2 3 4 -2 8 7 15 12 10 19 -10 -3 -14 26 -7 17 18 -9 -8 28 -22 23 24 25 -23 -15 -26 -11 -30
right_child=1 5 -4 -5 -6 6 9 16 11 20 -12 -13 13 14 -16 -17 -18 -19 -20 -21 21 22 -24 -25 27 -27 -28 -29 29 -31
leaf_value=-0.031510823573077489 0.0043272383358209749 -0.023501360635410203 0.038411084969027322 0.047853289275978664 -0.1466266342981577 0.018979587150780144 -0.0070801238344175999 0.061703836246866761 0.087854781884358468 0.0010725064460406159 -0.063393583498944139 -0.0099431441706691083 -0.030475945975696469 0.094493153650074171 -0.0068851547625666228 -0.022669676013980639 -0.0049754571625853887 0.084492308100488536 -0.028424072577062962 0.043527741195021473 0.052532276401538729 -0.014365325996432594 0.030708858539977041 0.04373289932221755 0.044671735036705532 -0.14073179640723019 0.027039815749193005 -0.022137201665438259 -0.054173614965840167 -0.0045264790126710464
leaf_weight=48.235997308045626 1.9158176034688943 91.779551394283772 38.407520506531 1.8949401862919328 1.7995400987565515 35.789254933595657 88.79714884236455 7.4359148889780098 5.9394452422857285 3493.2651641257107 23.547022491693497 5.4465199708938581 15.376443311572073 4.0685582906007793 20.861309736967087 18.454465374350548 4.6493429392576209 13.37654311954975 4.3477455377578735 6.6308746859431258 14.950488623231648 7.0338379889726692 21.238201297819614 3.8683566115796557 4.4251616597175589 2.9421088621020317 14.086666300892828 10.141254108399151 11.593304991722105 201.56591446325183
leaf_count=768 24 498 860 38 17 161 387 37 25 16238 139 25 101 21 95 78 26 67 22 29 159 51 180 32 40 20 60 78 49 1016
internal_value=0.0003297 0.000699458 0.0296882 -0.0287788 -0.0694038 0.000388693 0.000788418 0.0203099 -0.00965585 0.00036481 -0.0154146 0.0409582 -0.0136579 0.00287237 0.0161871 0.00470228 0.0484329 0.0584808 0.0280698 -0.00346938 0.000864368 0.0164497 0.00540016 -0.0133851 -0.0227319 -0.0531564 0.0428647 -0.00133406 0.000590945 -0.00727427
internal_weight=4223.86 4175.63 44.0178 5.6103 3.71536 4131.61 3974.05 84.0533 157.558 3890 118.975 11.386 146.173 54.393 39.0165 54.2437 29.8095 25.1602 11.7837 95.428 3771.02 64.5994 49.6489 28.4107 24.5424 9.97595 18.1552 14.5664 3706.42 213.159
internal_count=21341 20573 939 79 41 19634 18809 391 825 18418 555 50 775 277 176 239 152 126 59 416 17863 560 401 221 189 71 81 118 17303 1065
is_linear=0
shrinkage=0.05


Tree=64
num_leaves=31
num_cat=0
split_feature=11 13 19 18 29 33 39 21 33 30 31 33 29 34 40 32 36 8 21 31 31 11 32 8 7 25 38 22 25 37
split_gain=18.382 9.0462 11.6687 11.7661 9.79019 19.2133 8.64891 7.96807 11.0226 8.94175 8.29586 8.08697 6.75881 7.08713 6.2133 7.22507 10.9885 11.9405 6.49806 6.08212 9.45306 6.26833 9.92395 6.07144 8.66827 10.0722 6.78197 6.3537 5.85141 6.13828
threshold=3475.0000000000005 20575.000000000004 100.50000000000001 -1.0000000180025095e-35 0.5634920634920636 0.26709956709956689 1.0000000180025095e-35 47.500000000000007 0.47999999999999982 0.42261904761904767 0.19090909090909094 0.30690476190476218 0.16025641025641027 0.73863636363636376 1.0000000180025095e-35 0.33333333333333526 0.19090909090909094 0.56773440106773443 -21.499999999999996 0.24038461538461542 0.81666666666666676 30625.000000000004 0.72500000000000642 0.30860805860805868 11.500000000000002 -3.4999999999999996 0.43000000000000121 -128.16666666666666 -3.4999999999999996 0.80000000000000993
decision_type=2 2 2 2 2 2 2 2 2 2 2 2 2 2 2 2 2 2 2 2 2 2 2 2 2 2 2 2 2 2
left_child=-1 14 3 -3 7 -6 12 8 9 10 -4 -12 -5 -14 -2 16 -16 -18 -19 -7 21 22 -21 24 25 -17 -27 -28 -25 -30
right_child=1 2 4 6 5 19 -8 -9 -10 -11 11 -13 13 -15 15 23 17 18 -20 20 -22 -23 -24 28 -26 26 27 -29 29 -31
leaf_value=-0.030746223289295667 0.0007377861525026683 0.034415555945297889 0.0046025854494593336 -0.12393297859649666 -0.16318263624906984 0.036958482658514057 0.025572146978510419 0.035338077590517457 0.047550541722545969 0.030164838329828126 0.011593486999061165 -0.099962850669674322 -0.01369014757562944 -0.093991675403012745 -0.048872507561394225 0.064518816942815943 -0.018389522298251335 -0.014460264634765053 0.052572321233340928 0.006740265843885547 0.044463081214823647 -0.066320919660585939 -0.096982754501553983 -0.04096862497069842 0.035156238426205813 0.020997619879897688 -0.058728690519637652 -0.0050241106943446304 -0.00014584783503698647 -0.038257371959868156
leaf_weight=46.998080316931009 3698.494484115392 7.6774056032300022 6.2598287425935331 2.8376031592488351 1.6752513088285912 10.822513196617363 4.1354333050549021 70.524948973208666 10.211544837802647 7.0578013695776454 2.0781120955944044 6.043113436549902 9.4250995740294439 3.9234064482152453 21.905520498752594 4.6858670562505713 65.076493550091982 5.2784667275846013 10.50555685907602 17.329602722078569 7.0769304893910876 5.6779984869062892 2.5498521625995627 11.56447686627507 24.16177074611187 9.9338535889983159 9.6698874756693822 13.193848956376316 111.18582681193948 11.606456514447926
leaf_count=768 17597 62 63 16 12 119 33 607 136 80 18 60 69 26 95 23 292 23 47 178 85 42 27 55 106 43 43 58 502 56
internal_value=0.000313408 0.000665178 0.0117792 -0.0176754 0.0174198 -0.00187067 -0.0376722 0.025983 0.00493455 -0.0152583 -0.0379502 -0.0710151 -0.0541954 -0.0381876 0.00017622 -0.00675668 -0.0174911 -0.00887815 0.0298907 0.00459344 -0.00606712 -0.0203727 -0.00673241 -0.00109693 0.0118528 -0.00308904 -0.0130671 -0.0281123 -0.0070801 -0.00381707
internal_weight=4219.57 4172.57 175.306 27.9989 147.307 45.1321 20.3215 102.175 31.6504 21.4389 14.3811 8.12123 16.1861 13.3485 3997.26 298.768 102.766 80.8605 15.784 43.4569 32.6344 25.5575 19.8795 196.002 61.6452 37.4835 32.7976 22.8637 134.357 122.792
internal_count=21341 20573 1633 206 1427 463 144 964 357 221 141 78 111 95 18940 1343 457 362 70 451 332 247 205 886 273 167 144 101 613 558
is_linear=0
shrinkage=0.05


Tree=65
num_leaves=31
num_cat=0
split_feature=11 12 11 33 13 40 41 11 33 12 18 31 6 0 38 27 18 13 19 27 38 36 32 38 11 29 20 4 33 8
split_gain=15.1947 12.3204 8.26298 10.845 7.58456 8.90618 8.60716 9.99319 8.13738 7.99104 7.96005 7.68076 7.43091 8.75811 7.29018 7.19752 7.18691 7.1949 6.98554 7.01894 6.28023 6.59287 6.24401 6.10282 6.37402 6.00592 5.96986 7.33032 8.54552 8.83581
threshold=1725.0000000000002 3275.0000000000005 29275.000000000004 0.36039215686274539 -8574.9999999999982 1.0000000180025095e-35 1.0000000180025095e-35 16425.000000000004 0.20000000000000032 24575.000000000004 0.77500000000000013 0.19090909090909094 -17.499999999999996 0.31666666666666671 0.42666666666666719 -2.4166666666666665 -0.89999999999999991 -3274.9999999999995 -110.49999999999999 -0.83333333333333315 0.46000000000000069 0.70714285714285718 0.88888888888890072 0.71662210338681021 13225.000000000002 0.78888888888888908 -84.499999999999986 1.5000000000000002 0.69416666666666671 0.34564720953547962
decision_type=2 2 2 2 2 2 2 2 2 2 2 2 2 2 2 2 2 2 2 2 2 2 2 2 2 2 2 2 2 2
left_child=-1 2 -2 14 9 6 12 20 11 15 16 -7 13 -6 -4 -3 17 -10 19 -18 -8 -22 -11 24 -17 -20 -9 -28 -29 -30
right_child=1 4 3 -5 5 8 7 26 10 22 -12 -13 -14 -15 -16 23 18 -19 25 -21 21 -23 -24 -25 -26 -27 27 28 29 -31
leaf_value=-0.044675080524144775 0.039935867626717386 -0.036799124402846377 0.0035033167194664355 0.033490197528929677 -0.02117343201893767 -0.051802870459893291 0.042378609251636452 0.00093978613944990753 -0.052168138475196385 -0.002224255977028754 -0.017320119188916055 0.0094634586096860804 0.0018901452977106354 0.032434998651070232 -0.12171557046816797 -0.0030497937643436781 0.016390240114362912 -0.003342937264796406 -0.0040196273445429693 0.081122599324780303 -0.01342697637745003 0.033479078173231612 0.056627333868508802 -0.032358516713738295 -0.06456896510211553 0.042197189174388368 -0.039947683335688218 -0.0061364171037136114 0.039961603830519513 -0.048824692755810625
leaf_weight=19.101389646530151 30.992299038916826 30.590489838272333 1.8937418311834315 5.7127397544682026 9.3146954551339132 18.829436555504802 16.484410058706999 186.42435437440872 8.6846783608198148 297.60386725515127 88.04960673302412 6.7961890399456015 2773.2318999394774 38.259068887680769 2.610033392906189 116.85524686798453 12.628767699003221 55.794279038906097 43.53568784147501 6.4283198267221442 19.672612726688389 11.91314337402582 4.4723835103213778 25.323988061398268 4.2835864275693885 8.2576355859637243 19.392621219158173 318.45950476825237 3.0935951173305538 20.930753830820322
leaf_count=374 713 280 30 132 53 78 71 821 38 1883 384 29 12799 225 36 755 52 232 187 26 88 57 28 171 19 35 80 1460 14 100
internal_value=-0.000297726 -9.29937e-05 0.0270765 -0.0114572 -0.000364941 0.000407011 0.00107365 -0.00438056 -0.00871818 -0.00628101 -0.00562201 -0.0353864 0.00222866 0.0218115 -0.0690452 -0.0147149 0.0019594 -0.0100672 0.0129737 0.0387962 0.0174284 0.00415652 -0.00131793 -0.0100463 -0.00531788 0.00331969 -0.00630452 -0.0100495 -0.00833084 -0.0370662
internal_weight=4205.62 4186.52 41.2088 10.2165 4145.31 3666.18 3417.18 596.371 249.005 479.13 223.379 25.6256 2820.81 47.5738 4.50378 177.053 135.329 64.479 70.8504 19.0571 48.0702 31.5858 302.076 146.463 121.139 51.7933 548.301 361.876 342.484 24.0243
internal_count=21250 20876 911 198 19965 16829 15768 2691 1061 3136 954 107 13077 278 66 1225 570 270 300 78 216 145 1911 945 774 222 2475 1654 1574 114
is_linear=0
shrinkage=0.05


Tree=66
num_leaves=31
num_cat=0
split_feature=11 12 20 23 34 11 41 40 37 33 44 13 33 19 29 23 0 8 11 19 19 33 0 29 36 24 28 36 12 32
split_gain=14.3076 11.458 7.5791 18.9471 10.2945 7.13115 9.44568 9.14651 8.85179 9.06469 8.66909 8.64515 9.70745 8.51982 10.6904 11.2004 12.423 13.8633 8.42607 11.8271 9.83294 8.2402 8.00882 7.67768 7.378 7.28622 8.2458 7.17668 6.9781 7.78882
threshold=1725.0000000000002 3025.0000000000005 -44.499999999999993 38.100000000000009 0.65833333333333344 19075.000000000004 1.0000000180025095e-35 1.0000000180025095e-35 0.53290043290043798 0.55055555555555558 1.0000000180025095e-35 -4574.9999999999991 0.63062500000000032 -315.49999999999994 0.16025641025641027 -155.89999999999998 0.48333333333333339 0.53313373253493024 26775.000000000004 319.50000000000006 206.50000000000003 0.46249999999999986 0.25000000000000006 0.78888888888888908 0.65833333333333344 -4.4999999999999991 -1.8999999999999997 0.84523809523809534 25575.000000000004 0.1111111111111122
decision_type=2 2 2 2 2 2 2 2 2 2 2 2 2 2 2 2 2 2 2 2 2 2 2 2 2 2 2 2 2 2
left_child=-1 2 3 -2 -5 10 7 11 9 21 -3 12 27 14 -13 16 -16 -18 22 20 24 23 -11 -8 -20 -12 -27 28 -7 -30
right_child=1 5 -4 4 -6 6 8 -9 -10 18 25 13 -14 -15 15 -17 17 -19 19 -21 -22 -23 -24 -25 -26 26 -28 -29 29 -31
leaf_value=-0.044208628234226832 0.045988003777404328 -0.0067273154928302568 0.039820774431823573 -0.018644640011910164 -0.20256858165430436 -0.046425108037448426 -0.0088386189493581818 -0.0077112551546872745 0.0011306653173485056 -0.0092476485113363576 0.06706313121743411 0.0052681995322757151 0.06752224521151616 0.0028592351361191558 -0.025328828608042777 -0.045534121212444809 0.083772566369043275 -0.025127028930559875 -0.023471323406557346 0.037254616390784957 -0.070301331908614081 0.011062924522187267 -0.067119450970303293 -0.052019691382491108 0.0433007941953093 -0.034226407470908903 0.0090319807004693772 0.052748082791992702 0.06280224572667506 0.0055957435296818256
leaf_weight=18.35773554444313 4.8714286424219599 694.71295389905572 28.538483209908009 1.6661734655499458 1.4529192224144936 5.5327078253030768 140.87690489366651 227.90118017792702 267.3221052326262 9.1261442154645938 4.8124043233692637 57.252307631075382 8.8483187705278379 2335.142393566668 23.867490138858557 31.861640546470881 6.7239390909671766 4.9515904262661934 20.733451612293724 9.0840140134096128 9.2730058915913087 51.341905564069748 18.727626021951437 11.089036446064709 5.0301486775279036 12.048890814185141 115.25796361267567 9.645813621580599 6.5587007626891127 59.43252344802022
leaf_count=374 84 3977 702 31 32 26 633 976 1216 41 35 246 39 10866 133 166 35 31 92 44 41 229 90 48 22 77 624 40 29 271
internal_value=-0.000283439 -8.84507e-05 0.0277521 -0.0146933 -0.109504 -0.000335545 0.000697832 0.00187787 -0.00533308 -0.0116262 -0.00449092 0.00273717 0.0179553 0.00217751 -0.0105448 -0.0240381 -0.00455464 0.0373425 -0.0268841 -0.0130852 -0.0263481 -0.0061895 -0.0484378 -0.0120546 -0.0101242 0.00722693 0.00487492 0.012414 0.00683865 0.0114434
internal_weight=4202.04 4183.68 36.529 7.99052 3.11909 4147.16 3320.32 2777.72 542.604 275.282 826.832 2549.82 90.0181 2459.8 124.657 67.4047 35.543 11.6755 71.9744 44.1206 35.0366 203.308 27.8538 151.966 25.7636 132.119 127.307 81.1697 71.5239 65.9912
internal_count=21250 20876 849 147 63 20027 15314 12858 2456 1240 4713 11882 405 11477 611 365 199 66 330 199 155 910 131 681 114 736 701 366 326 300
is_linear=0
shrinkage=0.05


Tree=67
num_leaves=31
num_cat=0
split_feature=11 19 4 0 10 10 13 0 11 23 35 20 34 29 37 37 10 6 20 13 14 30 13 5 28 37 0 13 38 34
split_gain=13.4693 7.83041 9.7875 8.94439 10.0761 15.5806 11.9433 8.2072 13.9852 9.42055 8.91939 9.40068 8.62069 8.12945 9.21535 7.95605 6.94585 6.68149 9.03051 8.24726 7.77753 7.74624 6.48066 7.96417 6.73582 6.38427 6.50945 7.97818 9.76148 7.41803
threshold=1725.0000000000002 -61.499999999999993 5.5000000000000009 0.35000000000000003 1.0000000180025095e-35 1.5000000000000002 -874.99999999999989 0.55000000000000016 9125.0000000000018 -64.299999999999997 0.23611111111111113 179.50000000000003 0.73863636363636376 0.13392857142857145 0.73333333333334461 0.58333333333334048 1.0000000180025095e-35 -11.499999999999998 -12.499999999999998 -574.99999999999989 -2.4999999999999996 0.42261904761904767 -324.99999999999994 6.5000000000000009 0.90000000000000013 0.11111111111111115 0.18333333333333338 -15074.999999999998 0.7657142857142869 0.36931818181818188
decision_type=2 2 2 2 2 2 2 2 2 2 2 2 2 2 2 2 2 2 2 2 2 2 2 2 2 2 2 2 2 2
left_child=-1 2 7 4 -4 -6 -7 9 -9 10 -2 13 -10 14 -12 17 -15 18 19 20 -5 -21 -17 -24 -25 -11 29 -28 -29 -27
right_child=1 -3 3 15 5 6 -8 8 12 25 11 -13 -14 16 -16 22 -18 -19 -20 21 -22 -23 23 24 -26 26 27 28 -30 -31
leaf_value=-0.043737548255682539 -0.022272515231013559 0.0015436257731472624 -0.024080113608979742 -0.033600475305376888 0.070743874868076012 -0.065947420722164946 0.017829002428052614 0.12964815642604285 0.028874150577799913 -0.067141115246542621 0.014436492648926392 -0.045408634315491483 -0.027961726131142669 -0.0095028618168329446 -0.027698637178323712 -0.018557464759847229 0.048568178925379589 -0.001470303029923027 -0.042420143303573077 0.016798172995824843 0.060954907433384511 0.096613228983348606 0.023520518582022851 -0.0017271200282082122 -0.031035208669546552 -0.036684894154997309 -0.019634062916041747 0.017501030581631414 -0.025792161584066303 0.0022683780501757747
leaf_weight=17.64683124423027 64.508928511291742 2668.5241102837026 119.08768589794636 5.8246246352791786 7.4714720882475403 6.8767921179533067 10.683354988694186 2.7969714999198905 27.213048383593559 2.8023712486028662 111.69794961065054 11.726551905274389 8.6590649336576444 151.51274105906487 14.518471196293829 136.10280448198318 5.2082020789384833 369.88047965243459 4.0733807235956183 5.5185757726430875 3.3337028361856991 7.3339472189545631 23.189090013504028 84.038605190813541 25.645640190690756 14.872374799102543 18.455970443785191 189.49395009875298 13.803861007094381 65.525274220854044
leaf_count=374 305 13456 675 41 46 35 48 22 115 12 528 56 38 749 74 731 26 1754 29 27 21 38 93 411 129 78 155 781 58 345
internal_value=-0.000269684 -8.39531e-05 -0.00295995 -0.00671016 -0.0180091 0.0106555 -0.0148835 0.00135052 0.0237124 3.75876e-05 -0.00544132 -0.0017333 0.0149761 7.45956e-05 0.00953208 -0.00425137 -0.0075114 0.000244433 0.0246635 0.03744 0.000564987 0.0631228 -0.0108859 -0.00298231 -0.00864731 0.00650667 0.00722826 0.0116525 0.0145256 -0.00491191
internal_weight=4198.03 4180.38 1511.86 809.06 144.119 25.0316 17.5601 702.796 38.6691 664.127 359.173 294.664 35.8721 282.937 126.216 664.941 156.721 395.965 26.0842 22.0109 9.15833 12.8525 268.976 132.873 109.684 304.954 302.151 221.754 203.298 80.3976
internal_count=21250 20876 7420 4078 804 129 83 3342 175 3167 1738 1433 153 1377 602 3274 775 1910 156 127 62 65 1364 633 540 1429 1417 994 839 423
is_linear=0
shrinkage=0.05


Tree=68
num_leaves=31
num_cat=0
split_feature=11 12 11 33 23 11 41 40 37 33 13 21 13 32 38 44 20 10 10 14 11 14 32 21 21 14 0 36 32 28
split_gain=12.6764 10.6148 7.90535 9.4803 6.54265 6.1584 8.68722 8.40787 8.09898 8.25071 8.21233 8.09466 7.91115 9.03699 8.49649 7.85794 7.7437 7.95311 7.66302 10.4845 7.63759 8.72855 7.65951 7.88229 7.12914 6.93388 6.77279 6.60035 6.57797 7.03213
threshold=1725.0000000000002 3275.0000000000005 29275.000000000004 0.36039215686274539 158.45000000000002 19075.000000000004 1.0000000180025095e-35 1.0000000180025095e-35 0.53290043290043798 0.55055555555555558 -1574.9999999999998 -126.49999999999999 -4574.9999999999991 0.66666666666668162 0.31666666666666793 1.0000000180025095e-35 170.50000000000003 -3.4999999999999996 3.5000000000000004 1.0000000180025095e-35 26775.000000000004 3.5000000000000004 0.75000000000000056 127.50000000000001 416.50000000000006 -3.4999999999999996 0.55000000000000016 0.58578431372549034 0.13333333333333761 0.77500000000000013
decision_type=2 2 2 2 2 2 2 2 2 2 2 2 2 2 2 2 2 2 2 2 2 2 2 2 2 2 2 2 2 2
left_child=-1 2 -2 4 -4 15 7 12 9 10 25 -12 13 14 -7 24 18 -18 -14 27 22 -22 23 -11 -3 -8 -26 -20 -9 -30
right_child=1 5 3 -5 -6 6 8 28 -10 20 11 -13 16 -15 -16 -17 17 -19 19 -21 21 -23 -24 -25 26 -27 -28 -29 29 -31
leaf_value=-0.043261315427294868 0.038940738250651426 -0.0073245245265105468 -0.10382427738325309 0.032232309404645783 0.019254459646711408 -0.035577902639778676 -0.022935246075634741 -0.035973014812954063 0.0010324616181018125 -0.083066112099899558 -0.029085494712255675 -0.0039883705181613096 0.00079186478022381023 0.074246529987889845 0.017917428215769842 0.006951619509704788 0.045524747292888482 0.0049728699312762206 -0.028049425361043823 -0.0058659795787785809 -0.025318635092498733 0.026224551510518446 -0.0066406940157643568 -0.0086894422022709399 0.030409529985959527 0.030715916168072829 -0.043509294992638031 -0.09590311014623859 0.0025127406210681937 -0.016209861943085081
leaf_weight=16.967410061508417 29.189563360065222 666.66866923496127 3.1689265109598619 5.3901851549744606 1.4786048419773576 8.0819835960865003 7.8505564033985165 18.500312983989716 266.77238057926297 14.085821203887468 43.080077491700649 128.23741456493735 1357.4328699894249 6.3724117018282405 75.587429624050856 132.17891166359186 12.178971067070959 972.98867662250996 13.740469694137575 93.265710487961769 33.223859615623951 10.727412402629851 8.6872226521372777 4.9987978339195243 21.501248784363273 23.905643898993731 3.4782072491943827 5.0104422867298117 126.38883084058762 82.63993326574564
leaf_count=374 713 3821 40 132 26 36 33 77 1211 62 185 585 6086 28 341 736 54 4805 59 409 146 51 42 26 128 104 25 21 534 360
internal_value=-0.000257697 -8.07756e-05 0.0257714 -0.012038 -0.064033 -0.000327698 0.000632828 0.00176573 -0.00515632 -0.0111808 -0.00599371 -0.0103418 0.00259066 0.0171461 0.0126541 -0.00419699 0.00205401 0.00548383 -0.000242267 -0.0128081 -0.0257687 -0.0125937 -0.0463199 -0.0639922 -0.00633549 0.0172653 0.0197851 -0.0468585 -0.00743525 -0.00486958
internal_weight=4193.78 4176.81 39.2273 10.0377 4.64753 4137.58 3313.76 2772.19 541.569 274.797 203.074 171.317 2544.66 90.0418 83.6694 823.827 2454.62 985.168 1469.45 112.017 71.7231 43.9513 27.7718 19.0846 691.648 31.7562 24.9795 18.7509 227.529 209.029
internal_count=21250 20876 911 198 66 19965 15255 12810 2445 1234 907 770 11839 405 377 4710 11434 4859 6575 489 327 197 130 88 3974 137 153 80 971 894
is_linear=0
shrinkage=0.05


Tree=69
num_leaves=31
num_cat=0
split_feature=11 12 20 23 12 15 13 19 35 20 24 6 12 6 13 4 13 38 38 9 37 37 33 23 12 20 35 25 41 11
split_gain=11.9276 9.87277 7.15476 16.3855 8.36491 5.97852 6.92563 6.81329 6.81354 10.2413 5.74985 5.6403 5.51871 5.46648 5.92057 7.1471 6.7014 5.29715 9.30161 7.87092 6.40587 8.40657 7.11275 6.54508 6.22087 13.9759 10.3213 8.62851 5.77697 8.21231
threshold=1725.0000000000002 3025.0000000000005 -44.499999999999993 38.100000000000009 1475.0000000000002 -4.4999999999999991 3575.0000000000005 300.50000000000006 0.26136363636363641 -351.49999999999994 -5.4999999999999991 -17.499999999999996 13075.000000000002 -43.499999999999993 175.00000000000003 35.500000000000007 6675.0000000000009 0.78037433155080393 0.78750000000000187 1.0000000180025095e-35 0.91666666666667618 0.83333333333333659 0.19999999999999979 40.100000000000009 27125.000000000004 -84.499999999999986 0.9545454545454547 -2.4999999999999996 1.0000000180025095e-35 15975.000000000002
decision_type=2 2 2 2 2 2 2 2 2 2 2 2 2 2 2 2 2 2 2 2 2 2 2 2 2 2 2 2 2 2
left_child=-1 2 3 -2 -5 6 7 8 9 -3 -7 13 -8 14 15 -12 -16 20 -19 24 21 28 -23 -22 -20 27 -27 -26 29 -13
right_child=1 5 -4 4 -6 10 12 -9 -10 -11 11 17 -14 -15 16 -17 -18 18 19 -21 23 22 -24 -25 25 26 -28 -29 -30 -31
leaf_value=-0.042779450405635716 0.04536315590042244 -0.056876787409529651 0.038841203616120208 0.0088028605851643762 -0.15281977132438088 -0.050362897592234085 0.01687040588045978 0.043981499051956099 -0.0022723284201215626 0.017438466106976223 0 -0.0044813716842769967 -0.040268849873762974 0.020052179228780314 0.051835002763592791 -0.085339907815224658 -0.028855897443680729 -0.046147990584176075 -0.021792211117981103 0.0032461762094172309 -0.018719981220097468 0.04485963760140501 -0.017195897313697785 0.03256362845931806 -0.0069508383043450266 0.031196193268248126 -0.059613538774726686 0.082094750662726354 -0.0041021693224847638 0.0026372300795610227
leaf_weight=16.318236634135246 4.6102794930338851 14.420492038130762 26.742938466370106 1.1245528981089594 2.2041406221687794 5.5379438921809188 4.8589757457375553 6.7106681838631621 112.42808025330305 6.6238154768943778 5.7353748381137866 484.9420543462038 25.72909501940012 64.473910473287106 5.8282955139875394 4.242476798593998 4.379351943731308 14.316388472914694 79.924024235457182 134.42528070881963 7.7681935466825953 4.718969263136386 94.762978944927454 28.223856333643198 4.255654476583004 4.7029919959604713 8.6821395419538021 6.9276932924985903 555.04298929125071 2449.2306264340878
leaf_count=374 84 81 702 24 39 53 26 42 659 33 36 2753 144 389 34 28 28 71 409 700 40 21 444 139 21 22 43 33 2600 11178
internal_value=-0.000245379 -7.68563e-05 0.026449 -0.0146369 -0.0980953 -0.000300972 -0.00945877 -0.00470323 -0.00721951 -0.0332773 9.21097e-05 0.000165154 -0.0310038 0.0129251 -0.00957937 -0.0369483 0.0167873 -0.000112447 -0.0071034 -0.00472453 0.00037477 0.000162569 -0.01416 0.0213353 -0.0150196 0.00680877 -0.0273412 0.0480054 0.00057275 0.00145889
internal_weight=4189.89 4173.57 34.6819 7.93897 3.32869 4138.89 170.771 140.183 133.472 21.0443 3968.12 3962.58 30.5881 84.6594 20.1855 9.97785 10.2076 3877.92 253.234 238.918 3624.69 3588.7 99.4819 35.992 104.493 24.5685 13.3851 11.1833 3489.22 2934.17
internal_count=21250 20876 849 147 63 20027 985 815 773 114 19042 18989 170 515 126 64 62 18474 1299 1228 17175 16996 465 179 528 119 65 54 16531 13931
is_linear=0
shrinkage=0.05


Tree=70
num_leaves=31
num_cat=0
split_feature=11 12 9 6 31 38 36 0 32 8 36 35 6 15 10 25 6 10 36 8 6 0 36 22 15 12 32 12 32 32
split_gain=12.9789 11.7911 9.13874 20.1032 11.5913 10.4046 11.1161 11.4528 11.1894 13.9569 9.89532 9.22125 9.16575 8.49428 10.0952 11.7835 9.5237 10.3316 8.60469 9.85389 8.93095 8.04398 7.76232 9.78568 7.62125 7.42708 7.07499 9.03683 8.54805 7.0475
threshold=1550.0000000000002 2575.0000000000005 1.0000000180025095e-35 16.500000000000004 0.081250000000000017 0.78037433155080393 0.72077922077922085 0.71666666666666667 0.16666666666667182 0.21498599439775914 0.84523809523809534 0.65833333333333344 34.500000000000007 6.5000000000000009 5.5000000000000009 1.0000000180025095e-35 15.500000000000002 10.500000000000002 0.84523809523809534 0.37965517241379315 -4.4999999999999991 0.58333333333333337 0.69375000000000009 251.16666666666671 -1.0000000180025095e-35 25975.000000000004 0.6333333333333373 21725.000000000004 0.63412698412699264 0.33333333333333592
decision_type=2 2 2 2 2 2 2 2 2 2 2 2 2 2 2 2 2 2 2 2 2 2 2 2 2 2 2 2 2 2
left_child=-1 -2 3 5 -4 6 26 8 9 25 24 -12 13 14 18 -16 17 -17 22 20 -20 -11 -6 -24 -9 -8 -3 -28 -29 -10
right_child=1 2 4 -5 12 -7 7 10 29 21 11 -13 -14 -15 15 16 -18 -19 19 -21 -22 -23 23 -25 -26 -27 27 28 -30 -31
leaf_value=-0.051411981111472133 0.031651921246818863 -0.0046626470023062253 -0.0050278970273050167 -0.029840782829784293 0.0047479979886181651 -0.016509579964946935 0.029007057444077194 -0.027535585203997032 -0.012580221809839399 0.053270653848606325 0.068260832224686138 0.0051178316001804997 0.030887276873117122 0.023585696855804222 -0.058540964726974593 -0.0055387772132815868 -0.038146747384403205 0.032612177598142375 -0.0033009558031527383 0 -0.055634198430155372 -0.00063307559363603777 0.012363987221344982 0.052742495089142062 0.036495459577330532 -0.045988229935190521 -0.012389818133555313 0.06955463421003695 0.0079850948476219569 0.0038677203027548293
leaf_weight=12.195351582020519 29.181548887863755 1159.9587318636477 441.10068937391043 65.222044415771961 951.25675307959318 111.15617680549622 5.1326819211244574 10.211339876055719 82.913593601435423 29.229046605527401 18.705729387700561 8.6301007419824582 31.278599113225937 51.300850739702582 10.704782627522944 143.7882083132863 19.003083076328039 20.135177228599787 16.799652837216854 228.45503948256373 16.170112147927284 8.8169889003038389 125.18491835519671 17.106801256537437 8.350441634654997 8.655910059809683 59.421813137829304 5.7443665824830523 185.54393261671066 301.88183091208339
leaf_count=307 735 5653 1983 406 4536 572 23 46 387 130 80 38 221 445 47 686 115 112 77 1056 69 42 599 108 35 41 333 27 938 1415
internal_value=-0.000116111 3.38988e-05 -0.000188418 -0.00253964 0.00215732 -0.00164732 -0.000771233 0.00577536 0.00326174 0.0250478 0.02952 0.0485997 0.00410359 0.00357494 0.00290733 -0.00775969 -0.00473031 -0.000805077 0.00443584 -0.00370023 -0.0292098 0.0406787 0.00638559 0.0172872 0.00104352 -0.017704 -0.00301433 0.00459081 0.00989552 0.00030827
internal_weight=4183.24 4171.04 4141.86 2069.57 2072.28 2004.35 1893.2 482.528 436.63 51.8346 45.8976 27.3358 1631.18 1599.91 1548.6 193.631 182.926 163.923 1354.97 261.425 32.9698 38.046 1093.55 142.292 18.5618 13.7886 1410.67 250.71 191.288 384.795
internal_count=21262 20955 20220 10166 10054 9760 9188 2237 2038 236 199 118 8071 7850 7405 960 913 798 6445 1202 146 172 5243 707 81 64 6951 1298 965 1802
is_linear=0
shrinkage=0.05


Tree=71
num_leaves=31
num_cat=0
split_feature=11 10 6 5 10 0 20 38 36 0 32 8 10 17 36 5 38 35 10 7 0 18 19 34 18 19 20 18 32 8
split_gain=12.3151 9.49921 17.7987 12.714 27.8685 15.7145 9.29504 9.21146 9.92422 10.3369 10.2659 12.5846 8.91625 9.17417 8.87958 8.69041 8.62778 8.2482 7.2505 24.4887 18.0803 10.6385 10.5883 9.49179 13.1738 10.205 9.34936 8.87037 10.8327 17.2045
threshold=1550.0000000000002 1.0000000180025095e-35 16.500000000000004 14.500000000000002 1.5000000000000002 0.71666666666666667 319.50000000000006 0.78037433155080393 0.72077922077922085 0.71666666666666667 0.16666666666667182 0.21498599439775914 17.500000000000004 1.8333333333333337 0.84523809523809534 25.500000000000004 0.52958333333333518 0.65833333333333344 -1.4999999999999998 30.500000000000004 1.1166666666666669 1.3666666666666669 -6.4999999999999991 0.64642857142857157 -1.0000000180025095e-35 -40.499999999999993 120.50000000000001 -1.0999999999999999 0.13333333333333533 0.20135135135135138
decision_type=2 2 2 2 2 2 2 2 2 2 2 2 2 2 2 2 2 2 2 2 2 2 2 2 2 2 2 2 2 2
left_child=-1 2 7 6 5 -5 -3 8 18 10 11 -10 13 -6 -11 -7 -8 -16 21 22 -21 23 -20 24 26 -26 -2 28 29 -25
right_child=1 3 -4 4 12 15 16 -9 9 14 -12 -13 -14 -15 17 -17 -18 -19 19 20 -22 -23 -24 27 25 -27 -28 -29 -30 -31
leaf_value=-0.051261366570543476 0.0041309059303747146 -0.001241180122574699 -0.02814028834307521 0.056295213552320006 -0.0054998299760506478 -0.0032778423170937636 0.0014600502276923774 -0.015521753039569396 -0.016913125416653019 0.00097880210545492363 0.00025210835449103426 0.038548064757716341 -0.070467738347958317 0.011547543108543244 0.06456306656151653 0.055639905543015858 0.01888864800996503 0.0048621113825129715 -0.00084370188179582742 -0.055971913707723024 0.029843746232028741 0.015604444849111748 -0.022894590149559198 0.086925702461515736 -0.024442579561711766 0.0045348257888227677 0.055910911687358525 -0.00071735247531397078 -0.025269788952625549 -0.027750057396085444
leaf_weight=11.63409094698727 466.05861922726035 1385.04099842906 64.807279825210571 45.115509234368801 129.47517890110612 25.537830375134945 176.50489439815283 111.05556539818645 13.709707170724867 18.532788783311844 385.33453453332186 38.474386662244797 3.8700148761272422 200.74470140226185 18.791509285569195 8.1308947242796403 119.51254472695291 8.6349293291568738 367.72397171705961 38.833128947764635 7.1398029625415793 94.781067527830601 63.917943354696035 5.7376061305403692 76.890933960676193 49.72231625020504 8.8045384809374792 118.28720575198531 107.51228038594127 7.2691040523350239
leaf_count=307 2331 6500 411 475 605 105 908 578 64 81 1808 173 24 1348 80 89 680 38 1656 360 35 451 289 27 398 236 39 567 561 38
internal_value=-0.000110217 3.26578e-05 -0.00236623 0.00240883 0.0102699 0.037008 0.00047465 -0.00153021 -0.00070733 0.00547166 0.00308619 0.0238773 0.00394046 0.0048487 0.0280161 0.0109252 0.00851747 0.0460344 -0.00282582 -0.00783751 -0.0425 -0.000260015 -0.00412515 -0.00205707 0.00128429 -0.0130288 0.00511307 -0.0104908 -0.0200333 0.0227322
internal_weight=4177.59 4165.95 2072.02 2093.93 412.874 78.7842 1681.06 2007.21 1896.16 483.478 437.519 52.1841 334.09 330.22 45.9592 33.6687 296.017 27.4264 1412.68 477.615 45.9729 935.064 431.642 840.283 601.476 126.613 474.863 238.806 120.519 13.0067
internal_count=21262 20955 10221 10734 2646 669 8088 9810 9232 2244 2045 237 1977 1953 199 194 1588 118 6988 2340 395 4648 1945 4197 3004 634 2370 1193 626 65
is_linear=0
shrinkage=0.05


Tree=72
num_leaves=31
num_cat=0
split_feature=13 14 12 6 12 4 9 0 21 6 5 19 32 30 19 4 13 24 13 0 20 0 5 0 4 13 0 18 35 38
split_gain=11.1441 11.118 8.23862 8.5639 7.23112 9.90742 8.71044 9.67897 12.0081 9.01026 8.98213 8.29691 7.61715 10.6876 8.07009 7.39586 7.201 6.97919 6.96278 12.8737 10.0416 10.0277 8.707 9.31501 8.08609 6.79641 6.7998 6.77925 6.30872 9.06596
threshold=6075.0000000000009 -3.4999999999999996 4675.0000000000009 -1.4999999999999998 27175.000000000004 15.500000000000002 1.0000000180025095e-35 0.51666666666666672 -363.49999999999994 1.0000000180025095e-35 32.500000000000007 466.50000000000006 0.66666666666667362 0.73863636363636376 -152.49999999999997 27.500000000000004 -18874.999999999996 -5.4999999999999991 -2424.9999999999995 0.58333333333333337 -72.499999999999986 1.1166666666666669 23.500000000000004 0.45000000000000007 18.500000000000004 -874.99999999999989 0.28333333333333338 1.1000000000000003 0.48333333333333339 0.24000000000000124
decision_type=2 2 2 2 2 2 2 2 2 2 2 2 2 2 2 2 2 2 2 2 2 2 2 2 2 2 2 2 2 2
left_child=4 -2 3 -3 5 17 7 -7 9 -9 -10 12 13 -6 -15 16 -14 -1 24 22 27 -22 23 25 -8 -20 -27 -21 -4 -30
right_child=1 2 28 -5 11 6 18 8 10 -11 -12 -13 15 14 -16 -17 -18 -19 19 20 21 -23 -24 -25 -26 26 -28 -29 29 -31
leaf_value=-0.041453069643714292 -0.03397072464699951 -0.0086643589118475597 0.0086323890186621247 0.03326690560271979 0.001836184769069567 -0.027956686501457963 -0.080611133495840426 0.09687026110529115 0.010895177632273344 -0.0088240222697128223 -0.025639200460838053 0.042006684154395478 0.069561158172822726 0.0032030896542641716 -0.0260907173732172 0.049410800744740573 0.0052687992636593836 -0.0014365153769513009 0.075544513377922756 0.056962735875154338 -0.019265738122744458 -0.10223016657425388 0.02802775419660013 -0.067406091034192872 -0.012631666815978238 0.02673801329642167 -0.019221170759580491 -0.028256181856142301 0.048970043825796908 -0.00016518323650556904
leaf_weight=10.878184944391249 18.616497118026018 16.167494023218751 404.35272655263543 46.795916736125946 793.97849927842617 109.01576417312026 4.8585190773010245 4.6711719185113898 27.145508337765932 3.3259117342531681 43.361698411405087 12.594757504761217 4.5474043376743785 36.547020815312862 64.31818899512291 13.262215644121168 75.736277624964714 1676.1099006012082 3.0749215781688681 6.7178658433258516 41.429368741810322 3.9514690339565268 49.221842534840107 4.8521216064691535 41.146330039948225 13.21740787103772 20.211838025599718 3.3844627290964127 9.4328269362449628 606.99258825182915
leaf_count=96 124 265 1969 912 3753 716 24 27 157 26 284 96 40 175 283 83 328 7762 17 43 215 17 319 30 243 74 122 17 44 3001
internal_value=-0.000104958 0.00420538 0.00486886 0.022424 -0.00165564 -0.00334597 -0.0106457 -0.0183138 -0.00484101 0.0527294 -0.011507 0.00182911 0.00130788 -0.00010644 -0.0154344 0.0148761 0.00905464 -0.00169996 -0.00312751 0.00218744 -0.0167203 -0.0268086 0.0138301 -0.00297401 -0.0200786 0.00561443 -0.000874946 0.0279257 0.00377904 0.000586418
internal_weight=4169.92 1102.36 1083.74 62.9634 3067.56 2066.57 379.586 187.52 78.5043 7.99708 70.5072 1000.98 988.39 894.844 100.865 93.5459 80.2837 1686.99 192.066 146.061 55.4832 45.3808 90.5781 41.3563 46.0048 36.5042 33.4292 10.1023 1020.78 616.425
internal_count=21262 6315 6191 1177 14947 10189 2331 1210 494 53 441 4758 4662 4211 458 451 368 7858 1121 854 292 232 562 243 267 213 196 60 5014 3045
is_linear=0
shrinkage=0.05


Tree=73
num_leaves=31
num_cat=0
split_feature=11 12 13 15 10 10 10 7 9 7 11 32 35 41 32 11 38 38 11 10 11 34 4 30 12 13 32 44 12 12
split_gain=11.6624 10.3311 7.09887 8.90611 10.5375 9.1934 13.2787 8.23386 9.38052 9.42529 8.87515 8.16683 7.66088 8.58135 7.3197 7.73834 10.4603 6.99712 9.60889 8.79649 8.50222 8.8831 9.30794 7.67175 7.08894 6.78703 10.0723 6.71095 11.1763 11.5637
threshold=1550.0000000000002 2575.0000000000005 6075.0000000000009 1.5000000000000002 2.5000000000000004 -2.4999999999999996 -3.4999999999999996 27.500000000000004 1.0000000180025095e-35 77.500000000000014 23075.000000000004 0.60000000000001263 0.53589743589743599 1.0000000180025095e-35 0.60000000000001508 30575.000000000004 0.62440476190476379 0.3750000000000005 29875.000000000004 11.500000000000002 29975.000000000004 0.26136363636363641 4.5000000000000009 0.30384615384615393 24675.000000000004 27275.000000000004 0.35555555555555762 1.0000000180025095e-35 16675.000000000004 21625.000000000004
decision_type=2 2 2 2 2 2 2 2 2 2 2 2 2 2 2 2 2 2 2 2 2 2 2 2 2 2 2 2 2 2
left_child=-1 25 -3 4 5 6 -4 10 9 -9 -7 17 13 -6 -13 -16 -17 -5 19 -19 -20 22 -22 -23 -25 -2 -27 -12 -29 -30
right_child=1 2 3 11 12 7 -8 8 -10 -11 27 14 -14 -15 15 16 -18 18 20 -21 21 23 -24 24 -26 26 -28 28 29 -31
leaf_value=-0.051108567491936797 0.046877025328999469 -0.0013973047606328339 0.012699735369019336 0.019369289083096444 0.0043208625279218616 0.021977832939378245 -0.057025924240391129 0.020566402401293805 0.051508029749857409 -0.043374111586056738 0.00025304284540084431 -0.075839598131988845 -0.042767280116058327 -0.06854978750154514 0.0039393936387347147 -0.010011866212939502 -0.098681853712154433 0.016857349055143144 -0.041922353565902515 -0.047875146429304724 -0.056858949084058252 -0.0073925329592022006 -0.0053633424106383897 0.019613257846596878 -0.020534875493243277 -0.057725666408304566 0.049624406512140146 -0.046225664493418167 0.023177018362389529 -0.059623296183426849
leaf_weight=11.07573148421943 19.177742585539821 3053.8798643685877 11.824419870972633 132.781129848212 28.288044080138206 39.714675448834896 15.657322399318218 24.996158491820097 17.336378466337919 7.3589607477188101 219.07095953449607 3.6302476078271857 25.07985108718276 4.5961277335882178 63.790572794154286 12.887500233948233 4.4738979414105406 173.63319741934538 11.647668473422526 5.2794300876557818 10.810077328234909 56.580779664218426 46.52020612731576 99.07784678041935 12.164817556738852 4.4790933057665807 4.0605346597731113 22.087156504392624 17.617639750242237 5.4254711717367163
leaf_count=307 543 14638 60 693 132 198 85 128 146 40 1009 19 118 22 379 63 21 1005 61 45 51 287 216 538 56 79 113 115 73 22
internal_value=-9.97212e-05 3.63085e-05 -0.000167217 0.00333108 -0.00213244 0.000877952 -0.0269069 0.00305847 0.0219059 0.00578066 -1.28969e-05 0.00712658 -0.021978 -0.00588942 -0.00727597 -0.00405774 -0.0335821 0.00936286 0.00615084 0.0148936 -0.000437042 0.00170454 -0.0152424 0.0075292 0.0151635 0.030406 -0.00611915 -0.00334452 -0.0208803 0.00329235
internal_weight=4165 4153.93 4126.21 1072.33 439.053 381.089 27.4817 353.607 49.6915 32.3551 303.916 633.277 57.964 32.8842 84.7822 81.152 17.3614 548.495 415.714 178.913 236.801 225.154 57.3303 167.823 111.243 27.7174 8.53963 264.201 45.1303 23.0431
internal_count=21262 20955 20220 5582 2148 1876 145 1731 314 168 1417 3434 272 154 482 463 84 2952 2259 1050 1209 1148 267 881 594 735 192 1219 210 95
is_linear=0
shrinkage=0.05


Tree=74
num_leaves=31
num_cat=0
split_feature=11 12 14 46 11 10 10 4 2 37 25 37 6 32 14 11 19 22 11 23 10 36 30 37 11 13 32 18 25 6
split_gain=11.0676 9.63558 7.25322 7.08599 8.36324 6.89701 9.48222 20.5825 15.9235 13.0374 10.2797 8.51651 7.96109 6.69865 14.2697 6.69345 8.17983 7.14494 6.67468 8.57816 10.6336 6.70795 6.70556 9.3094 6.52583 6.51567 9.06614 6.46954 6.86925 8.03368
threshold=1550.0000000000002 2575.0000000000005 6.5000000000000009 1.0000000180025095e-35 19075.000000000004 -4.4999999999999991 -5.4999999999999991 14.500000000000002 1.0000000180025095e-35 0.55433455433455781 1.0000000180025095e-35 0.66666666666667362 2.5000000000000004 0.466666666666671 -2.4999999999999996 29425.000000000004 369.50000000000006 -84.166666666666643 28075.000000000004 -211.77499999999998 -8.4999999999999982 0.59411764705882364 0.59166666666666679 0.37777777777778437 27825.000000000004 27275.000000000004 0.35555555555555762 3.7083333333333335 2.5000000000000004 9.5000000000000018
decision_type=2 2 2 2 2 2 2 2 2 2 2 2 2 2 2 2 2 2 2 2 2 2 2 2 2 2 2 2 2 2
left_child=-1 25 3 5 13 6 8 11 10 18 24 -8 -11 -5 -15 16 -6 -17 19 21 -21 -10 23 -22 -3 -2 -27 28 29 -19
right_child=1 2 -4 4 15 -7 7 -9 9 12 -12 -13 -14 14 -16 17 -18 27 -20 20 22 -23 -24 -25 -26 26 -28 -29 -30 -31
leaf_value=-0.05096555785189355 0.046523689478000313 -0.024079852149946099 0.016715360759373129 -0.026709984791885185 0.01361807356542582 -0.0003345894143436277 -0.0022663292041045632 -0.065181816158961972 0.081273576533517369 0.0037012756424988913 0.034795682342119556 -0.042164990620395776 -0.058277906871290877 -0.044501249858531156 0.033017212724348335 -0.07311391983027514 0.054044987208971024 -0.017657517056692978 0.077131123927098699 -0.047436424122443761 -0.0087373133527026258 0.0017357312739989658 -0.018862285352457861 0.081742834105170442 0.00059375669421096126 -0.052693582561868083 0.04941506679983601 -0.045776780168214765 0.021342877098858862 0.045896048363537868
leaf_weight=10.564655339345334 18.378251468762759 88.981011167168617 62.599580213427544 29.578987374901772 140.83888153731823 3422.088915431872 74.603173520416021 20.321694072335958 8.9036665484309179 41.900303401052952 10.346189387142656 16.28833644837141 5.7975193671882144 8.6810345351696032 18.115119975060225 3.1178112477064124 13.780873760581015 33.205387748777866 7.4143927097320548 6.4652353674173346 4.3744643628597313 3.9476692192256442 5.2444631457328788 7.4710341840982437 37.763274505734444 4.6659540012478811 3.8788660764694214 6.2236334383487693 39.850381784141064 5.7195886969566336
leaf_count=307 543 503 570 158 631 16494 335 133 52 208 45 72 38 65 98 15 73 146 31 32 20 22 25 32 176 79 113 34 186 26
internal_value=-9.465e-05 3.48552e-05 -0.000158955 -0.000420704 0.00698284 -0.00101086 -0.00780428 -0.019777 -0.00195187 0.0141639 -0.0127494 -0.00950985 -0.00383366 -0.0103068 0.00764591 0.0110215 0.0172861 0 0.0338318 0.0246895 0.0064486 0.0574293 0.0272819 0.0481171 -0.0166943 0.0297952 -0.0057282 0.00278718 0.00674053 -0.00809723
internal_weight=4161.11 4150.55 4123.62 4061.02 299.112 3761.91 339.822 111.213 228.609 91.5187 137.09 90.8915 47.6978 56.3751 26.7962 242.737 154.62 88.1168 43.8209 36.4065 23.5552 12.8513 17.09 11.8455 126.744 26.9231 8.54482 84.999 78.7754 38.925
internal_count=21262 20955 20220 19650 1432 18218 1724 540 1184 460 724 407 246 321 163 1111 704 407 214 183 109 74 77 52 679 735 192 392 358 172
is_linear=0
shrinkage=0.05


Tree=75
num_leaves=31
num_cat=0
split_feature=12 38 11 13 28 11 44 4 20 13 28 35 11 31 10 20 6 6 6 11 14 13 31 34 4 27 4 30 13 36
split_gain=11.26 9.87414 9.8422 9.48462 10.6079 7.59104 6.73235 6.1383 11.0818 6.51583 10.4233 6.02643 5.6748 7.38383 5.58677 7.71608 7.94172 8.1126 17.2387 7.92978 6.60166 5.51034 10.4717 7.64124 7.34272 7.38003 6.7859 7.41791 6.62943 6.01567
threshold=4325.0000000000009 0.76035714285714373 26075.000000000004 -74.999999999999986 2.9000000000000004 1550.0000000000002 1.0000000180025095e-35 74.500000000000014 441.50000000000006 3875.0000000000005 1.4500000000000002 0.59411764705882364 29875.000000000004 0.5634920634920636 5.5000000000000009 19.500000000000004 20.500000000000004 15.500000000000002 16.500000000000004 26475.000000000004 6.5000000000000009 20375.000000000004 0.81666666666666676 0.77350427350427364 22.500000000000004 2.5833333333333335 4.5000000000000009 0.42261904761904767 22975.000000000004 0.59411764705882364
decision_type=2 2 2 2 2 2 2 2 2 2 2 2 2 2 2 2 2 2 2 2 2 2 2 2 2 2 2 2 2 2
left_child=3 5 7 -1 6 -2 -5 8 9 -3 -11 12 13 -4 20 -16 17 -17 -19 -18 21 -7 23 24 25 26 28 -28 -23 -26
right_child=1 2 11 4 -6 14 -8 -9 -10 10 -12 -13 -14 -15 15 16 19 18 -20 -21 -22 22 -24 -25 29 -27 27 -29 -30 -31
leaf_value=0.045709766052574208 -0.045226776914121587 -0.015530227376908604 0.023684202567971893 -0.0031260000539593512 0.045617428576016368 0.00038109613579680575 0.03538752971172178 -0.072367195779288893 0.050657115958929869 -0.010432191103704205 -0.089772743258199131 0.0026116698289446239 -0.059386274598243298 -0.047510707662670258 -0.051106052135051871 -0.006921871020585244 -0.029968783659585191 -0.15361962893121445 0.0030977036518418312 0.035327827323253069 0.02828606816951397 -0.029088052427262829 0.054531593317434873 0.030118558794771461 0.062374311595838998 0.010764318806221361 -0.036066177789118387 0.021534732009157329 -0.11910483094848018 -0.021119166969745275
leaf_weight=20.468786153942347 9.0271936897188407 104.15272945165634 8.4351635724306124 81.967172190546989 16.426840431988239 3402.5555430352688 13.048335531726478 5.2059054300189009 5.6340312063693991 8.7391534447670001 8.1055234894156438 146.08364383876324 7.8006021231412879 6.2162234187126151 9.5862191990017873 169.93325576558709 5.871202893555167 2.8664944246411315 4.1384143903851509 20.152691856026649 21.778098031878471 6.2001785710454005 12.684516102075575 24.065360225737095 6.8795538097619993 24.359458334743977 12.413370169699194 9.9101700484752637 3.1996171399950981 2.9529951512813568
leaf_count=93 276 583 37 914 309 16056 181 39 48 41 42 735 34 26 41 874 42 18 29 131 206 35 80 145 52 147 68 58 20 21
internal_value=8.08429e-05 -0.000386474 -0.00910817 0.0144522 0.00863042 0.000311286 0.00214208 -0.0193381 -0.0170632 -0.020297 -0.0492098 -0.00106943 -0.0251475 -0.0063004 0.000423757 -0.00744432 -0.00533333 -0.00914792 -0.0615887 0.0203467 0.000899528 0.000727146 0.0121358 0.00604991 -0.00269401 -0.00976658 -0.0256731 -0.0102902 -0.0611866 0.0368353
internal_weight=4180.86 4048.95 300.373 131.911 111.442 3748.57 95.0155 131.837 126.631 120.997 16.8447 168.536 22.452 14.6514 3739.55 212.548 202.962 176.938 7.00491 26.0239 3527 3505.22 102.665 89.9807 65.9153 56.0828 31.7233 22.3235 9.3998 9.83255
internal_count=21381 19884 1585 1497 1404 18299 1095 753 714 666 83 832 97 63 18023 1135 1094 921 47 173 16888 16682 626 546 401 328 181 126 55 73
is_linear=0
shrinkage=0.05


Tree=76
num_leaves=31
num_cat=0
split_feature=38 13 4 11 11 34 38 11 20 21 29 19 4 19 8 10 20 6 6 37 11 13 34 14 11 14 38 33 21 38
split_gain=7.80245 7.90422 11.5423 7.68906 7.26294 7.65654 9.84302 7.10194 6.68608 6.54341 6.25549 6.06996 5.96674 6.83907 5.79393 5.71091 6.42078 6.78503 8.76915 7.80479 7.78569 6.6397 6.69442 5.99983 5.72928 5.72786 5.58993 7.53163 5.99298 5.41914
threshold=0.76035714285714373 18325.000000000004 24.500000000000004 26075.000000000004 27975.000000000004 0.59411764705882364 0.24000000000000124 1550.0000000000002 640.00000000000011 -355.49999999999994 0.27922077922077926 247.50000000000003 74.500000000000014 440.50000000000006 0.85540069686411158 5.5000000000000009 15.500000000000002 20.500000000000004 15.500000000000002 0.33333333333333348 27675.000000000004 4875.0000000000009 0.32051282051282054 5.5000000000000009 31775.000000000004 5.5000000000000009 0.33333333333333515 0.34694444444444467 167.50000000000003 0.57045454545454666
decision_type=2 2 2 2 2 2 2 2 2 2 2 2 2 2 2 2 2 2 2 2 2 2 2 2 2 2 2 2 2 2
left_child=1 7 4 8 9 6 10 -1 12 -3 -6 -7 13 -2 -13 25 -17 18 19 21 23 -18 -23 -19 -21 -9 27 -8 -29 -4
right_child=3 2 29 -5 5 11 26 15 -10 -11 -12 14 -14 -15 -16 16 17 20 -20 24 -22 22 -24 -25 -26 -27 -28 28 -30 -31
leaf_value=-0.044867139234957137 -0.018355679571419585 -0.10530838804316965 0.053530177532309701 -0.00042869495971457872 -0.011310809847691299 0.0011146502143408593 0.014967470051094953 0.00046991449402238988 0.038266915486315452 0.028346149642201574 0.062878191163549882 0.041579668146471661 -0.075228147476158039 0.05336977094252824 -0.018998566639052368 -0.049777045003445361 -0.057429861389410031 -0.068824462221502999 -0.06545906685353263 0.0010737877137650901 0.039492780956074287 0.0068247977506146716 -0.059693201639997966 0.023896714376476308 -0.049975236115297632 0.020092807515187168 -0.0077417789690303737 -0.10373704776199855 -0.026579348158537248 0.0078423028227879842
leaf_weight=8.6548210792243463 125.93034553900361 0.8277595080435266 19.960311582311991 171.25954582542181 4.3668822180479747 39.32312254793942 4.084628600627183 3394.475791843608 5.2512819152325383 37.184654384851456 7.4028854109346867 23.685693418607119 4.4351592250168315 3.2852756641805163 4.5479561984539023 8.8026738464832288 12.574167571961882 3.5314548313617733 6.6970955803990355 113.77163859084249 15.280841648578642 14.28603562526405 4.9928263723850241 3.1789279729127884 5.6692565605044356 37.518538361415267 76.781986307352781 4.9419186841696483 5.6645666062831879 10.060046652331947
leaf_count=276 721 14 206 887 30 263 30 15956 61 576 50 188 32 33 25 38 61 18 42 568 93 72 26 28 27 331 527 41 35 126
internal_value=7.74044e-05 0.000690471 0.00949954 -0.00755026 0.00529523 0.000860513 -0.00766941 0.000109173 -0.0162882 0.0250358 0.0350676 0.0139622 -0.0184961 -0.0164536 0.0316125 0.000219298 -0.00824297 -0.00615732 -0.00980245 -0.00726414 0.0197298 -0.029221 -0.0103631 -0.0244593 -0.0013472 0.000686468 -0.0132552 -0.0414856 -0.0636299 0.0384627
internal_weight=4178.43 3868.27 238.832 310.162 208.812 170.8 103.243 3629.43 138.902 38.0124 11.7698 67.5568 133.651 129.216 28.2336 3620.78 188.785 179.982 157.991 151.294 21.9912 31.853 19.2789 6.71038 119.441 3431.99 91.4731 14.6911 10.6065 30.0204
internal_count=21381 19647 2111 1734 1779 1189 713 17536 847 590 80 476 786 754 213 17260 973 935 796 754 139 159 98 46 595 16287 633 106 76 332
is_linear=0
shrinkage=0.05


Tree=77
num_leaves=31
num_cat=0
split_feature=11 38 13 7 19 30 11 34 38 38 5 19 18 20 32 13 13 20 19 36 11 32 6 38 4 11 16 33 38 37
split_gain=7.36371 7.05892 7.0385 11.3984 6.8596 7.16019 6.70679 7.68431 9.73257 6.28795 7.50002 6.22076 6.44536 9.73087 6.06833 5.95689 6.05822 8.69929 7.8229 6.91111 6.3223 5.67592 8.32415 9.22291 6.88271 11.4786 6.77363 6.7062 6.49247 6.29256
threshold=1550.0000000000002 0.76035714285714373 18325.000000000004 36.500000000000007 191.50000000000003 0.39444444444444454 27975.000000000004 0.59411764705882364 0.24000000000000124 0.57045454545454666 57.500000000000007 -349.49999999999994 -1.6333333333333331 -253.49999999999997 0.4500000000000034 -14674.999999999998 2175.0000000000005 312.50000000000006 -52.499999999999993 0.73863636363636376 23375.000000000004 0.66666666666666963 -2.4999999999999996 0.39500000000000007 9.5000000000000018 1725.0000000000002 -2.4999999999999996 0.23076923076923087 0.4600000000000013 0.52777777777778268
decision_type=2 2 2 2 2 2 2 2 2 2 2 2 2 2 2 2 2 2 2 2 2 2 2 2 2 2 2 2 2 2
left_child=-1 2 21 6 5 11 -4 8 -8 -5 -11 -3 -13 -14 -15 -7 18 -18 19 -17 -21 27 23 -23 25 -25 -27 -2 -26 -24
right_child=1 4 3 9 -6 15 7 -9 -10 10 -12 12 13 14 -16 16 17 -19 -20 20 -22 22 29 24 28 26 -28 -29 -30 -31
leaf_value=-0.045012225418421634 0.0055383945142620707 -0.074676739183367424 0.024097051706065336 0.052144922477724523 0.002216612796627636 -0.058073080226736899 0.034443713301982731 0.013833564476914861 -0.013686290215327166 0.026217512175223757 -0.073497015695857204 0.040338497862965894 -0.075576838862502715 -0.005794482680635156 0.037344273423822731 -0.055610488247043947 -0.04159031374607941 0.019936800134038174 0.015063623268270907 -0.028028720677019871 0.017009550032374861 -0.011033051499553739 -0.0070880387721275516 0.27498773729881221 -0.062840257142951453 0.037500201188948437 0.013334734002533107 -0.0014599600147276284 0.0060807063680599254 0.0071178888652508434
leaf_weight=8.9357847459614259 391.11594917625189 2.6122311651706687 36.311984743922949 21.618016004562378 119.93656325340271 9.7312160879373533 11.733602441847323 65.170693259686232 90.860033635050058 9.3071292918175441 2.2495443075895301 9.5904874354600889 4.2563120722770682 44.228543035686016 9.8727844282984716 10.484627939760683 35.886305931955576 6.6553718764334908 24.078054182231426 17.984207555651668 13.47144704684615 31.518711358308792 152.69937814213336 0.35756750777363677 3.7931837961077717 48.204550664871931 75.528518855571747 2730.8638556487858 27.517197977751493 159.006939958781
leaf_count=296 1841 14 575 233 740 94 81 460 619 112 31 47 19 218 46 50 176 37 116 98 59 159 711 6 24 228 340 12961 170 820
internal_value=7.40911e-05 0.000173061 0.000756543 0.0090982 -0.00709839 -0.0130387 0.00464322 0.000390876 -0.00810481 0.0362567 0.00591481 -0.000358217 0.00253099 -0.00365514 0.0020399 -0.0205536 -0.0170941 -0.0318234 -0.00749323 -0.0205672 -0.00858905 0.000208314 0.00516242 0.0135022 0.0185145 0.0238 0.0228123 -0.000581468 -0.00228321 0.000142581
internal_weight=4175.58 4166.65 3857.86 237.251 308.788 188.852 204.076 167.764 102.594 33.1747 11.5567 70.5604 67.9481 58.3576 54.1013 118.291 108.56 42.5417 66.0183 41.9403 31.4557 3620.61 498.626 186.92 155.401 124.091 123.733 3121.98 31.3104 311.706
internal_count=21381 21085 19371 2111 1714 974 1735 1160 700 376 143 344 330 283 264 630 536 213 323 207 157 17260 2458 927 768 574 568 14802 194 1531
is_linear=0
shrinkage=0.05


Tree=78
num_leaves=31
num_cat=0
split_feature=12 44 18 11 4 18 33 33 19 37 13 18 31 13 7 20 18 22 21 31 11 11 34 11 13 29 12 19 37 20
split_gain=9.76169 9.98856 10.5966 6.95406 6.7147 9.05808 6.4267 6.37953 6.3314 8.95966 7.81227 6.44135 6.95649 6.18906 8.82375 8.91785 7.89537 8.2233 7.26145 6.14346 6.13905 6.03433 8.99046 5.98651 6.01438 5.96146 5.94641 6.43063 5.81957 5.82395
threshold=4375.0000000000009 1.0000000180025095e-35 3.6333333333333337 10425.000000000002 71.500000000000014 3.7750000000000004 0.63062500000000032 0.22222222222222232 -368.49999999999994 0.39940476190476842 -1924.9999999999998 -1.6333333333333331 0.39444444444444454 -14274.999999999998 23.500000000000004 -284.49999999999994 0.90000000000000013 -48.166666666666664 -75.499999999999986 0.32291666666666669 23675.000000000004 26375.000000000004 0.59411764705882364 29125.000000000004 1075.0000000000002 0.81666666666666676 8025.0000000000009 272.50000000000006 0.34444444444445366 161.50000000000003
decision_type=2 2 2 2 2 2 2 2 2 2 2 2 2 2 2 2 2 2 2 2 2 2 2 2 2 2 2 2 2 2
left_child=1 2 6 4 5 -2 -1 8 9 -5 -11 12 20 14 15 -9 17 18 19 -17 -10 22 -22 24 -13 -8 27 28 -15 -30
right_child=3 -3 -4 7 -6 -7 25 13 11 10 -12 23 -14 26 -16 16 -18 -19 -20 -21 21 -23 -24 -25 -26 -27 -28 -29 29 -31
leaf_value=-0.00080198860283824287 -0.0072430762855269105 0.044471970607194232 0.056051236578692647 -0.035111585943078061 -0.054548200712479102 0.041590193411630318 0.059284496948877601 0.087189652874519047 -0.039985665327528924 0.10264465202486611 0.023967073280528765 0.0064921518252621727 0.043346762711033431 -0.028517035065690696 -0.021052128919510089 -0.041927627440372761 0.07531318399235444 -0.039045870942349827 0.073647186957769728 0.029824861982126017 0.071387254332269112 -0.017537571982688283 -0.017764741573871177 -0.00010151288000044223 0.026648033531027238 -0.002736316601336556 -0.0010678765910196873 0.027401090037115761 -0.0063035358886768759 0.027742926991921629
leaf_weight=112.58472527936101 357.67720166966319 20.810384536162019 10.226136898621915 3.3797984942793873 7.1766793970018616 9.6302571296691877 9.0800008904188854 5.639497190713878 17.248867750167847 5.1501443907618532 8.7017789483070338 90.66459434479475 5.397205062210559 12.8162544965744 11.006429120898245 4.5440561324358031 5.005975902080535 6.9046494364738527 5.2428808361291894 8.1850825548171979 5.5437150262296182 24.1614237613976 5.4690687134861946 117.16539566963911 63.597473207861185 6.4326471183449021 3145.5280844308436 38.200153067708015 27.372695125639439 22.798974581062794
leaf_count=969 2732 274 190 16 71 59 136 32 88 25 44 403 24 78 76 25 26 37 28 44 25 111 25 535 295 54 14357 287 166 149
internal_value=7.04853e-05 0.0122129 0.00729484 -0.000409918 -0.00689739 -0.00593816 0.00332288 0.000256363 0.00670982 0.0362151 0.0541038 0.0051399 -0.00996111 -0.000421265 0.0176615 0.0298226 0.0185747 0.00670116 0.0246721 0.00369372 -0.0156167 -0.0034453 0.026902 0.00837766 0.0148461 0.0333932 -0.000682484 0.0112377 0.00132793 0.00909278
internal_weight=4173.34 159.134 138.324 4014.21 374.484 367.307 128.097 3639.72 346.479 17.2317 13.8519 329.248 57.8203 3293.24 46.5286 35.5221 29.8826 24.8767 17.972 12.7291 52.4231 35.1742 11.0128 271.427 154.262 15.5126 3246.72 101.188 62.9879 50.1717
internal_count=21381 1623 1349 19758 2862 2791 1159 16896 1591 85 69 1506 273 15305 268 192 160 134 97 69 249 161 50 1233 698 190 15037 680 393 315
is_linear=0
shrinkage=0.05


Tree=79
num_leaves=31
num_cat=0
split_feature=11 38 11 13 7 38 5 11 34 38 20 21 4 19 11 35 21 26 34 38 33 38 29 38 6 31 33 37 28 37
split_gain=6.87451 6.42103 6.38713 5.96083 10.6345 6.10968 6.80964 6.05092 6.87635 8.93803 5.8252 5.75531 5.52128 5.59695 6.02171 6.04114 5.87868 7.83877 6.41167 5.44155 5.69168 5.42598 12.6543 7.05866 10.2106 6.86115 6.73787 5.34927 7.28772 7.47988
threshold=1550.0000000000002 0.76035714285714373 26075.000000000004 18325.000000000004 36.500000000000007 0.57045454545454666 57.500000000000007 27975.000000000004 0.59411764705882364 0.24000000000000124 640.00000000000011 18.500000000000004 74.500000000000014 383.50000000000006 25125.000000000004 0.55050505050505061 5.5000000000000009 2.5000000000000004 0.73863636363636376 0.33333333333333515 0.34694444444444467 0.51666666666666861 0.59166666666666679 0.6996323529411782 5.5000000000000009 0.81666666666666676 0.31706349206349221 0.41666666666667357 7.9000000000000012 0.45000000000000512
decision_type=2 2 2 2 2 2 2 2 2 2 2 2 2 2 2 2 2 2 2 2 2 2 2 2 2 2 2 2 2 2
left_child=-1 3 10 27 7 -6 -7 -5 9 11 12 -9 13 14 15 -3 -17 -18 -19 20 -11 25 -23 24 -24 26 -10 -2 29 -29
right_child=1 2 -4 4 5 6 -8 8 21 19 -12 -13 -14 -15 -16 16 17 18 -20 -21 -22 22 23 -25 -26 -27 -28 28 -30 -31
leaf_value=-0.044586817027593713 -0.0025540966352868826 0.021982931805555245 -0.00031876928617003433 0.022941034614566952 0.051175304914916411 0.02487665026765231 -0.070158958976674735 -0.033315773795183058 0.039178838981958286 0.010518262710767421 0.036934468206406057 0.051671672548354391 -0.072507078727599511 0.030500543227279128 -0.046035999148123202 -0.029805217851585453 0.015063993047966021 0.0096896389875842648 -0.044294714301180642 -0.0076826809078598766 -0.059383047922802003 0.042475460013274104 0.042483174558226949 -0.082366260662135191 -0.079343095405888103 0.060058050937494473 -0.029372411289410788 0.0098538181422319106 0.056876628230517694 0.00050139634216109957
leaf_weight=8.5003832001239044 1176.0488200746477 10.890942255035041 171.01843092963099 35.296578353270888 20.817145090550184 9.0855814740061742 2.2628759182989588 2.3926740586757651 4.3551408685743871 3.7759813573211423 5.0748735871165982 9.0985197499394399 4.2713688015937796 6.2685614917427293 15.94669798389077 46.064560001716018 24.394271872937679 8.2832800224423409 15.357189141213894 76.634386003017426 10.848674567416309 28.09724272787571 5.5073386281728727 3.1519528422504663 2.3743570782244205 3.3803768884390584 17.536793079227209 236.88861890137196 5.8420998789370051 2201.0658895671368
leaf_count=296 5489 57 887 575 233 112 31 20 29 28 61 61 32 55 75 274 135 51 87 517 74 211 49 21 13 25 112 1119 52 10600
internal_value=6.75129e-05 0.000160984 -0.00678858 0.000716989 0.00843919 0.0351201 0.00504256 0.00416016 0.000153094 -0.00784311 -0.0148487 0.0334096 -0.016912 -0.0149504 -0.0173709 -0.0129298 -0.0170426 -0.00466315 -0.0252076 -0.0131232 -0.0410466 0.0129803 0.0246422 -0.0202949 0.00462238 -0.00490548 -0.0153915 0.000214884 0.00154952 0.00141256
internal_weight=4170.53 4162.03 307.57 3854.46 234.616 32.1656 11.3485 202.45 167.153 102.75 136.552 11.4912 131.477 127.206 120.937 104.99 94.0993 48.0347 23.6405 91.259 14.6247 64.4032 39.1309 11.0336 7.8817 25.2723 21.8919 3619.85 2443.8 2437.95
internal_count=21381 21085 1714 19371 2111 376 143 1735 1160 700 827 81 766 734 679 604 547 273 138 619 102 460 294 83 62 166 141 17260 11771 11719
is_linear=0
shrinkage=0.05


Tree=80
num_leaves=31
num_cat=0
split_feature=12 11 10 10 5 22 7 20 35 12 20 30 34 22 14 12 28 25 30 33 35 22 11 0 7 12 29 35 32 22
split_gain=9.34183 6.7474 4.75428 11.6627 14.6192 9.66847 8.87178 9.88015 11.0075 9.81708 10.042 6.92989 7.11166 7.03919 6.71754 6.44768 6.27936 8.92164 8.29515 6.1454 6.03734 5.87621 12.28 8.922 7.72294 10.8205 9.36071 7.6942 6.86335 6.09581
threshold=3275.0000000000005 1550.0000000000002 -4.4999999999999991 -3.4999999999999996 11.500000000000002 -13.166666666666666 90.500000000000014 19.500000000000004 0.44097222222222227 24525.000000000004 -49.499999999999993 0.11805555555555557 0.48333333333333339 -209.16666666666666 -5.4999999999999991 25575.000000000004 -1.2249999999999999 -1.0000000180025095e-35 0.42261904761904767 0.364040404040404 0.54195804195804198 -209.16666666666666 27475.000000000004 0.51666666666666672 9.5000000000000018 25075.000000000004 0.39444444444444454 0.78888888888888908 0.44444444444445769 -128.16666666666666
decision_type=2 2 2 2 2 2 2 2 2 2 2 2 2 2 2 2 2 2 2 2 2 2 2 2 2 2 2 2 2 2
left_child=-1 -2 6 4 5 21 7 9 -9 11 -11 12 -3 -14 -5 -8 18 -18 20 -10 -6 22 23 24 26 -26 -4 29 -29 -23
right_child=1 2 3 14 16 -7 15 8 19 10 -12 -13 13 -15 -16 -17 17 -19 -20 -21 -22 27 -24 -25 25 -27 -28 28 -30 -31
leaf_value=0.02686696535694709 -0.044512929486443052 0.054685178455816455 0.029295799703800692 -0.035516472449859747 0.057300742520186937 0.067580957542591608 -0.0024790893000785964 0.075298732284889258 -0.028940562960386485 0.003104354641860315 -0.028076102748424953 -0.03166540436358381 -0.056470647329317315 0.024929618405195437 -0.00013277239392840243 -0.047678283371071217 0.001113937715371026 0.046420958250228607 0.076294142191356218 0.028181876136998293 -0.017144086970074045 -0.013730866865091729 0.080370512432789934 -0.049278601932745199 0.002102013051387045 0.1024128005652728 -0.056416041754308713 -0.073026528142107888 -0.0070318437889392085 0.016405749357662276
leaf_weight=31.947449726983905 8.4860574919730407 5.0416412055492392 6.8636090531945282 13.366670336574314 4.9087056294083613 5.2809046730399123 13.251556314527987 7.8395750522613552 7.741237677633765 201.74184965714812 29.498930048197508 50.644806817173958 5.3786403462290755 4.974548712372779 3543.8690507635474 20.368647646158934 27.497106455266476 18.127384670078754 13.963439732789992 11.591872334480284 5.7477956861257553 38.977376095950603 6.0433173030614844 6.372342385351657 6.1141641885042173 4.8560720011591911 5.7310515642166138 7.6906689330935505 8.3942086771130544 29.281250465661287
leaf_count=921 307 23 42 117 27 23 81 35 34 981 130 328 30 23 17155 125 130 81 79 49 38 186 25 32 29 23 33 34 41 131
internal_value=-2.26678e-05 -0.000233055 -0.000139358 0.000384648 0.0122608 0.001996 -0.00564418 -0.00308912 0.0256817 -0.00574346 -0.000862079 -0.0227331 0.00634378 -0.0170164 -0.00026813 -0.0300713 0.0305153 0.0192867 0.0509591 0.00502076 0.0168965 -0.000894668 0.0159493 0.00255413 0.0169309 0.0474811 -0.00944967 -0.00814983 -0.0391511 -0.000724778
internal_weight=4151.59 4119.64 4111.16 3753.09 195.849 125.605 358.073 324.453 27.1727 297.28 231.241 66.0396 15.3948 10.3532 3557.24 33.6202 70.2444 45.6245 24.6199 19.3331 10.6565 120.324 35.9806 29.9372 23.5649 10.9702 12.5947 84.3435 16.0849 68.2586
internal_count=21293 20372 20065 18226 954 599 1839 1633 118 1515 1111 404 76 53 17272 206 355 211 144 83 65 576 184 159 127 52 75 392 75 317
is_linear=0
shrinkage=0.05


Tree=81
num_leaves=31
num_cat=0
split_feature=19 11 6 38 32 38 5 4 13 28 13 5 17 5 11 35 13 38 7 31 35 19 38 35 21 36 33 16 11 10
split_gain=6.65523 6.26365 5.66648 8.11883 7.92343 9.05877 8.23835 7.02834 7.26295 6.96224 6.91812 7.31765 6.82978 9.04347 6.51685 6.3435 5.65591 8.66571 7.21515 11.0368 10.7053 7.10489 7.21461 6.94586 6.33256 6.9857 6.77564 6.18247 5.80423 5.64505
threshold=399.50000000000006 1550.0000000000002 -2.4999999999999996 0.42333333333333428 0.66666666666666874 0.39857142857142958 24.500000000000004 27.500000000000004 -374.99999999999994 5.3000000000000016 6475.0000000000009 27.500000000000004 4.8333333333333348 26.500000000000004 28125.000000000004 0.32051282051282054 -5924.9999999999991 0.43333333333333396 12.500000000000002 0.19090909090909094 0.62019230769230782 -81.499999999999986 0.45000000000000195 0.9545454545454547 359.50000000000006 0.48333333333333339 0.34694444444444467 -2.4999999999999996 13525.000000000002 3.5000000000000004
decision_type=2 2 2 2 2 2 2 2 2 2 2 2 2 2 2 2 2 2 2 2 2 2 2 2 2 2 2 2 2 2
left_child=1 -1 4 10 -3 14 -7 -8 -9 12 -4 -12 16 -14 15 -6 18 -18 19 -5 -20 22 -22 -23 25 26 -21 28 -24 -19
right_child=-2 2 3 9 5 6 7 8 -10 -11 11 -13 13 -15 -16 -17 17 29 20 24 21 23 27 -25 -26 -27 -28 -29 -30 -31
leaf_value=-0.044151361834250766 0.0070387885933022006 0.0005168181922879044 -0.00070167305693270615 -0.01848717465769268 -0.0010181786381888351 0.021471044987303983 -0.022638164061633208 0.076691250672910438 -0.0030113793950433221 0.034817726971622144 0.0074691793574188058 0.043695245758730877 -0.0053037179917397228 -0.10061120485743767 0.028061255697078381 -0.053762034543119945 -0.027791514762628085 -0.00049731731251215271 -0.031047835696176952 0.030970623262810682 0.073597616716254866 -0.0004876833374596648 -0.014465375140217215 0.053070051971774605 0.066898608472604024 0.0170117994530424 -0.048117797630684619 -0.031907708272473898 0.065780233531514548 -0.0085385816170444953
leaf_weight=8.137437926605342 308.67652048170567 1125.856590596959 483.48597572371364 50.778620488941669 12.025806210935121 134.2629539873451 22.251200962811708 4.2107582353055468 8.1332487724721414 11.545275341719387 207.50520097278059 14.939272686839102 6.3434400558471662 4.1416777595877647 6.9352528899908057 11.095987264066933 33.088472593575716 1218.5556260570884 74.902544520795345 3.6979503296315661 1.9854767806828011 20.200153835117817 6.2538729235529882 8.4346337914466876 4.8928215205669394 46.683451015502214 8.9857067018747312 32.007631562650204 3.3482368886470795 266.22166032157838
leaf_count=307 2030 5474 2215 355 61 634 146 28 50 86 1107 107 40 29 33 59 149 5834 469 22 12 125 51 45 28 292 55 197 16 1237
internal_value=-2.21488e-05 -0.000591075 -0.000496137 -0.00189443 0.00214722 0.0113453 0.0158603 -0.00576985 0.0241726 -0.00367607 0.00264644 0.00994311 -0.003929 -0.0440179 -0.0138225 -0.0266674 -0.00368759 -0.00251154 -0.0104739 -0.00104463 -0.0178066 -0.0039824 -0.0167314 0.015244 0.0126682 0.00800966 -0.0246064 -0.0213275 0.0133904 -0.00194297
internal_weight=4149.58 3840.91 3832.77 2508 1324.77 198.915 168.858 34.5952 12.344 1802.07 705.93 222.444 1790.52 10.4851 30.057 23.1218 1780.04 1517.87 262.171 115.039 147.133 72.23 43.5952 28.6348 64.2599 59.3671 12.6837 41.6097 9.60211 1484.78
internal_count=21293 19263 18956 12471 6485 1011 858 224 78 9042 3429 1214 8956 69 153 120 8887 7220 1667 752 915 446 276 170 397 369 77 264 67 7071
is_linear=0
shrinkage=0.05


Tree=82
num_leaves=31
num_cat=0
split_feature=13 27 11 10 33 36 36 33 29 20 37 22 22 36 19 46 11 25 33 14 32 19 20 19 32 32 18 11 18 26
split_gain=6.17704 9.45447 7.44407 7.34646 8.7152 9.22554 6.58182 10.1444 8.7528 14.6892 6.27788 6.06449 13.8583 6.74468 8.28334 8.15685 7.48415 10.8411 9.0754 9.00615 8.00258 6.9279 6.55956 6.09659 6.03626 13.2659 5.86938 5.82433 5.74802 5.44439
threshold=8725.0000000000018 5.166666666666667 23375.000000000004 9.5000000000000018 0.41666666666666652 0.48333333333333339 0.19090909090909094 0.2870833333333333 0.55050505050505061 -284.49999999999994 0.083333333333334744 180.41666666666671 169.83333333333334 0.48333333333333339 31.500000000000004 1.0000000180025095e-35 27925.000000000004 -1.4999999999999998 0.41999999999999993 1.5000000000000002 0.50476190476190996 144.50000000000003 120.50000000000001 183.50000000000003 0.43333333333334012 0.33333333333334814 3.3666666666666671 1550.0000000000002 3.1000000000000005 -1.4999999999999998
decision_type=2 2 2 2 2 2 2 2 2 2 2 2 2 2 2 2 2 2 2 2 2 2 2 2 2 2 2 2 2 2
left_child=27 2 -2 6 26 -6 7 -4 11 -10 -9 12 13 23 -15 16 17 -16 -18 -20 22 -22 -21 29 25 -25 -5 -1 -11 -8
right_child=1 -3 3 4 5 -7 8 10 9 28 -12 -13 -14 14 15 -17 18 -19 19 20 21 -23 -24 24 -26 -27 -28 -29 -30 -31
leaf_value=-0.043782539950686837 0.019846482914532095 0.031598714680163793 -0.035738893792705902 0.05206606706621536 -0.12840084864003662 -0.020241511407354404 0.06281684396215248 0.031617608954584389 -0.095756999243458707 0.0010847597800944884 -0.0050234466002345443 0.018692512441485433 -0.054647980570772338 -0.024027737090408716 -0.028526511528961379 0.066048921233307051 0.011939568946365806 0.043752289548680899 0.034145235309126457 -0.024749603871230541 -0.068567168600551079 0.016597950500687183 -0.088514954594458725 0.014385314034308897 0.039059801525330409 -0.090106066788471328 -0.03495762467238215 -0.00080129637164193593 -0.033004761678715688 0.019226212625455479
leaf_weight=7.8049668725579968 59.721654687076807 30.1203503459692 25.36631634645164 3.6046362966299048 3.4790561702102405 4.7896155174821615 12.245472040027382 13.061831869184969 4.2242926247417918 128.72724664211273 103.92130660824478 119.82389492541552 9.3453251589089614 25.632909266278148 6.6744793634861734 5.547824637964367 41.909331789240241 21.389435214921832 5.7354497108608475 8.695572150871163 3.0321058277040711 9.8660783693194372 8.1133357826620323 9.9650156423449534 7.202408241108059 4.2240568269044152 3.9271965567022562 3426.8027448877692 13.556298939511178 18.544756596907973
leaf_count=307 538 379 134 20 22 32 79 80 28 778 594 757 51 143 36 43 222 161 34 45 16 54 50 57 46 24 28 16349 79 107
internal_value=-2.15928e-05 0.00421378 0.00299313 0.00136556 -0.0321639 -0.0673377 0.00225202 -0.00713613 0.00514105 -0.00494556 -0.00086605 0.0098047 0.00439746 0.00737432 0.00148857 0.00744425 0.00425294 0.0263443 -0.00372111 -0.0223614 -0.0335166 -0.00341149 -0.0561651 0.0226536 0.00187959 -0.0167845 0.00617212 -0.000901697 -0.00214896 0.0368716
internal_weight=4147.05 712.447 682.327 622.605 15.8005 8.26867 606.805 142.349 464.455 146.508 116.983 317.947 198.124 188.778 136.597 110.964 105.416 28.0639 77.3519 35.4425 29.7071 12.8982 16.8089 52.1817 21.3915 14.1891 7.53183 3434.61 142.284 30.7902
internal_count=21293 4637 4258 3720 102 54 3618 808 2810 885 674 1925 1168 1117 804 661 618 197 421 199 165 70 95 313 127 81 48 16656 857 186
is_linear=0
shrinkage=0.05


Tree=83
num_leaves=31
num_cat=0
split_feature=12 11 19 6 32 11 42 8 15 33 20 46 12 35 19 35 21 12 12 29 12 22 33 39 8 30 19 32 27 7
split_gain=8.32222 5.67192 4.55513 4.34437 6.45636 7.23847 8.21681 8.36289 7.81118 6.43859 5.81725 6.82809 9.4352 8.39957 6.76326 8.6594 7.5266 6.35754 10.4998 6.10953 8.74657 6.92956 6.93991 6.53134 12.1154 9.65036 9.81971 8.7912 7.47462 7.15433
threshold=3275.0000000000005 1550.0000000000002 -633.49999999999989 -2.4999999999999996 0.66666666666666874 25925.000000000004 1.0000000180025095e-35 0.29963503649635043 -1.4999999999999998 0.60690476190476172 436.50000000000006 1.0000000180025095e-35 25475.000000000004 0.13392857142857145 -55.499999999999993 0.39444444444444454 234.50000000000003 27125.000000000004 26325.000000000004 0.55050505050505061 4225.0000000000009 -199.83333333333329 0.32857142857142868 1.0000000180025095e-35 0.87206764866339348 0.36038961038961043 -125.49999999999999 0.52380952380952583 3.8333333333333335 3.5000000000000004
decision_type=2 2 2 2 2 2 2 2 2 2 2 2 2 2 2 2 2 2 2 2 2 2 2 2 2 2 2 2 2 2
left_child=-1 -2 -3 4 -4 -6 7 -7 -8 -10 11 19 13 -13 -14 -16 -17 18 -12 20 -5 -21 -23 -22 25 -25 -27 -26 29 -28
right_child=1 2 3 10 5 6 8 -9 9 -11 17 12 14 -15 15 16 -18 -19 -20 21 23 22 -24 24 27 26 28 -29 -30 -31
leaf_value=0.025826269135836102 -0.043406109701092016 -0.036315737210483284 0.00079560104153631882 0.035978377033309722 0.0013609602117112896 0.043354330134840163 0.025222282287754236 0.010343393832310858 0.0071070506834882601 -0.069394856801422919 0.0073866639166841235 0.024957004831772312 0.038433688595471853 -0.0063698118151509775 -0.027485150964878559 0.044661095513565868 -0.015086198334305757 0.038388296002654997 -0.060783613451261688 -0.02543522150571724 -0.0026675877131485393 -0.02245730553638384 -0.0036420903552326837 0.019054476475591445 -0.063212662658549176 -0.024080180576241214 -0.052558672374773185 0.010535633509868464 -0.043960996849243567 0.013301857491637079
leaf_weight=30.809846591204405 7.4879349749535313 8.5809471718966943 1162.1217282004654 15.856372330337761 106.7301198579371 40.50611624866724 9.2950949892401713 37.446577329188585 4.6153524592518789 6.2755439504981041 143.61812180280685 26.191017091274261 32.87350444868207 114.71198635920882 11.985349521040915 15.510457478463652 7.7404262498021117 15.424737773835657 5.7690911404788485 44.687993388622999 1331.0904729776084 53.167800396680832 637.42620428279042 117.60576882958412 10.450750395655634 33.193168696016073 4.1843751184642306 6.3398933112621298 6.6083270758390418 96.160301428288221
leaf_count=921 307 80 5665 116 595 168 40 180 20 27 941 124 149 551 53 70 33 90 35 255 6301 244 3010 563 46 172 22 28 36 451
internal_value=-1.97209e-05 -0.000215137 -0.000134102 -5.62275e-05 0.00224339 0.0104272 0.0202248 0.0275943 -0.00798344 -0.0367502 -0.00120933 -0.00179593 0.00685677 -0.00049776 0.0221233 0.00669936 0.0245771 0.00788797 0.00468169 -0.00256568 -0.00084769 -0.00634687 -0.00510093 -0.0012167 0.005798 0.00849895 -0.000330494 -0.0351729 0.00700919 0.0104561
internal_weight=4144.47 4113.66 4106.17 4097.59 1366.99 204.869 98.1387 77.9527 20.186 10.8909 2730.6 2565.78 209.013 140.903 68.1097 35.2362 23.2509 164.812 149.387 2356.77 1621.49 735.282 690.594 1605.63 274.543 257.752 140.146 16.7906 106.953 100.345
internal_count=21293 20372 20065 19985 6695 1030 435 348 87 47 13290 12224 980 675 305 156 103 1066 976 11244 7735 3509 3254 7619 1318 1244 681 74 509 473
is_linear=0
shrinkage=0.05


Tree=84
num_leaves=31
num_cat=0
split_feature=19 7 10 13 37 9 7 5 23 23 11 11 18 33 6 29 37 43 21 11 30 11 8 36 37 19 22 20 20 29
split_gain=5.67947 5.39862 5.40255 7.09156 10.5497 6.80139 11.501 7.72813 8.27979 8.52796 6.43888 6.07067 6.02433 5.76847 6.81945 7.82167 9.30625 9.29983 6.10756 5.26661 5.23643 4.84681 4.69425 5.40572 5.64306 8.57307 6.09988 5.93053 6.1585 4.77608
threshold=399.50000000000006 4.5000000000000009 5.5000000000000009 8725.0000000000018 0.1944444444444525 1.0000000180025095e-35 28.500000000000004 1.5000000000000002 100.90000000000002 110.22500000000001 29425.000000000004 31975.000000000004 -1.0000000180025095e-35 0.63904761904761942 7.5000000000000009 0.59166666666666679 0.72301587301588 1.0000000180025095e-35 416.50000000000006 1550.0000000000002 0.29285714285714287 23075.000000000004 0.41486424298205254 0.19090909090909094 0.30000000000000099 454.50000000000006 263.16666666666669 383.50000000000006 170.50000000000003 0.32291666666666669
decision_type=2 2 2 2 2 2 2 2 2 2 2 2 2 2 2 2 2 2 2 2 2 2 2 2 2 2 2 2 2 2
left_child=19 20 5 4 -4 -3 7 -7 10 -10 -9 -5 -12 14 -6 16 17 18 -16 -1 -2 -22 -11 -24 26 29 -25 28 -27 -26
right_child=1 2 3 11 13 6 -8 8 9 22 12 -13 -14 -15 15 -17 -18 -19 -20 -21 21 -23 23 24 25 27 -28 -29 -30 -31
leaf_value=-0.043021741312714072 -0.061352066461385149 -0.014456158403864595 -0.072766420008515006 0.027654820541131716 0.025366576371033803 0.046471134512320406 0.037738630573813749 0.040132585985947704 -0.071101109822371694 -0.036773701477996988 -0.042328142550063202 -0.062619891474001418 0.019888314779675495 -0.063520059329107134 0.011632346457298961 0.047699525486241595 -0.096581491583560802 0.038096493825864955 -0.076124641430111217 -0.00046148763084941178 -0.063147395415965868 0.0029940739176573233 0.025630546532667373 -0.090034997415135987 -0.013661198861282737 0.0091564460139582065 -0.0011055638559659274 0.034345275917405875 -0.058352349603498554 0.035423506381607052
leaf_weight=7.1856598854064933 4.63801092095673 20.083263393491507 6.4853297546505919 21.176484711468223 16.57491098344326 12.270226487889884 45.757059114053845 23.760383380576968 4.3965087607502928 7.8342397622764102 5.5564031004905727 1.917562000453471 12.356274878606198 3.6712113842368117 2.9450095444917732 3.6991593018174163 4.0734314545989028 5.6029878184199324 5.326942503452301 3828.2083577662706 3.0052987467497614 24.7577522136271 20.186403963714838 3.6429261527955523 6.6356582939624813 4.7793802209198502 4.2224024515599012 3.473437448963522 10.359430460259317 17.678394686430693
leaf_count=307 23 119 35 260 113 57 462 123 23 49 23 13 58 25 16 29 32 38 39 18956 15 123 96 19 30 23 21 32 48 86
internal_value=-1.86886e-05 0.00652431 0.00881428 -0.00294794 -0.0138834 0.0129798 0.0160258 0.00872321 0.00494008 -0.00412282 0.0231223 0.0197058 0.000183719 -0.00449734 0.00119219 -0.0171191 -0.0309455 -0.010765 -0.0445181 -0.000543648 -0.0126873 -0.00418711 -0.000237742 0.00377065 -0.00485229 0.00220405 -0.0435353 -0.0231359 -0.0367912 0.0218217
internal_weight=4142.26 306.866 274.465 71.473 48.379 202.992 182.909 137.152 124.882 83.2088 41.6731 23.094 17.9127 41.8937 38.2224 21.6475 17.9484 13.8749 8.27195 3835.39 32.4011 27.7631 78.8123 70.978 50.7916 42.9263 7.86533 18.6122 15.1388 24.3141
internal_count=21293 2030 1869 600 327 1269 1150 688 631 427 204 273 81 292 267 154 125 93 55 19263 161 138 404 355 259 219 40 103 71 116
is_linear=0
shrinkage=0.05


Tree=85
num_leaves=31
num_cat=0
split_feature=12 11 27 23 15 8 27 12 37 7 21 30 33 21 32 19 5 19 20 37 35 19 13 6 23 24 8 34 42 35
split_gain=9.66942 10.316 7.80679 6.32098 10.3126 7.67294 10.875 8.3026 8.13064 9.12083 7.60542 6.74942 6.71697 6.65026 10.3647 7.07168 7.02592 6.47859 6.35538 12.1102 10.7716 12.8757 10.507 7.58636 7.26108 7.21 7.8823 6.74347 9.52398 8.96514
threshold=8025.0000000000009 5425.0000000000009 5.166666666666667 108.50000000000001 -2.4999999999999996 0.66081150487930163 3.1666666666666674 27325.000000000004 0.80000000000000382 5.5000000000000009 -21.499999999999996 0.59166666666666679 0.47777777777777813 341.50000000000006 0.61666666666666747 -107.49999999999999 7.5000000000000009 -149.49999999999997 139.50000000000003 0.28333333333334237 0.39444444444444454 272.50000000000006 3475.0000000000005 -6.4999999999999991 104.77500000000002 -1.0000000180025095e-35 0.59959514170040495 0.55050505050505061 1.0000000180025095e-35 0.44097222222222227
decision_type=2 2 2 2 2 2 2 2 2 2 2 2 2 2 2 2 2 2 2 2 2 2 2 2 2 2 2 2 2 2
left_child=2 -2 -1 18 -5 6 8 -7 10 -10 11 12 -6 15 16 17 -15 -12 20 23 22 24 -3 -20 27 26 -25 29 -29 -22
right_child=1 3 -4 4 5 7 -8 -9 9 -11 13 -13 -14 14 -16 -17 -18 -19 19 -21 21 -23 -24 25 -26 -27 -28 28 -30 -31
leaf_value=0.005855121392700181 -0.022458066019574119 -0.011278730435075306 0.042839527163622701 -0.028062607287590205 -0.029028336021748587 -0.00023815427185195712 0.0025283729350651456 0.022396548133149074 -0.068258908681419456 0.012290440426476807 -0.01326120349929125 -0.057269996478592378 0.031585975820603289 -0.037507611654504072 -0.083192471596751499 -0.0040949101544471142 -0.0035556925485705163 -0.059146151502563138 -0.017768406798502216 0.0028423489997236352 0.017726944905674166 -0.014474457184567103 0.005416445154790628 -0.0059396287716037346 0.045443290706364513 0.048223259886542531 0.05501396976961799 0.0020777829268910923 -0.013872893488914627 0.0033844270154185794
leaf_weight=374.15289003774524 55.072484964504838 355.41354554891586 14.795649124309419 41.045776352286339 24.029856365174059 595.14521535858512 226.9566414617002 43.344029638916254 3.6554430127143851 52.35312120616436 25.081479281187057 17.299431405961514 5.4785659909248343 26.811921864748001 6.7762683033943167 235.34466813132167 36.027268476784229 11.328049577772616 8.420204892754553 409.59012310579419 137.96606032922864 111.65830608829856 127.70888621360064 17.602855712175373 10.014383591711519 32.160323284566402 7.4143016487359992 505.25873938202858 114.70122699439526 524.14488267153502
leaf_count=2671 1007 1657 245 183 105 2705 1348 194 18 244 121 74 25 113 31 1145 173 53 41 1805 639 506 568 73 43 142 31 2465 529 2418
internal_value=-0.000217606 -0.000993649 0.00728551 -0.000673316 -0.0034022 -0.00262341 -0.00635716 0.00129385 -0.010908 0.00683193 -0.0134816 -0.0324191 -0.0175371 -0.0108616 -0.0246705 -0.00729798 -0.0181582 -0.0277972 0.000885086 0.00605324 -0.000414063 0.00179945 -0.00685496 0.025991 0.00321068 0.0325423 0.0120731 0.00287338 -0.000867012 0.0063828
internal_weight=4156.75 3767.8 388.949 3712.73 1350.68 1309.63 671.143 638.489 444.186 56.0086 388.178 46.8079 29.5084 341.37 69.6155 271.754 62.8392 36.4095 2362.05 475.188 1886.87 1403.74 483.122 65.5977 1292.09 57.1775 25.0172 1282.07 619.96 662.111
internal_count=21372 18456 2916 17449 6532 6349 3450 2899 2102 262 1840 204 130 1636 317 1319 286 174 10917 2092 8825 6600 2225 287 6094 246 104 6051 2994 3057
is_linear=0
shrinkage=0.05


Tree=86
num_leaves=31
num_cat=0
split_feature=12 11 27 12 8 23 15 18 22 5 41 11 28 37 20 25 13 11 4 4 28 10 36 12 8 34 14 8 36 36
split_gain=8.75386 9.50746 7.3638 5.80592 8.17832 5.84046 9.39954 7.01388 6.65853 7.66747 6.42457 6.30043 5.7873 8.24359 7.63139 7.91007 7.68015 6.65298 6.191 5.5167 5.77368 5.50034 7.68465 5.74659 5.46768 5.18259 6.42691 5.18117 5.74783 6.55023
threshold=8025.0000000000009 5425.0000000000009 5.166666666666667 29925.000000000004 0.4451137884872825 108.50000000000001 -2.4999999999999996 1.3666666666666669 220.83333333333334 1.0000000180025095e-35 1.0000000180025095e-35 30575.000000000004 0.63333333333333341 0.30000000000000704 15.500000000000002 3.5000000000000004 3075.0000000000005 29375.000000000004 4.5000000000000009 148.50000000000003 1.3666666666666669 5.5000000000000009 0.32051282051282054 7625.0000000000009 0.64232996771052242 0.44097222222222227 2.5000000000000004 0.57595825807746348 0.84523809523809534 0.70714285714285718
decision_type=2 2 2 2 2 2 2 2 2 2 2 2 2 2 2 2 2 2 2 2 2 2 2 2 2 2 2 2 2 2
left_child=2 -2 21 5 -5 8 25 11 -3 -10 19 12 -8 -14 24 17 18 -16 -17 20 -9 23 -23 27 -15 26 -7 28 29 -1
right_child=1 3 -4 4 -6 6 7 10 9 -11 -12 -13 13 14 15 16 -18 -19 -20 -21 -22 22 -24 -25 -26 -27 -28 -29 -30 -31
leaf_value=-0.00015128757286115245 -0.021745215710783361 0.00056141487747992324 0.042033788352704035 -0.063080948928129404 0.014868204028233434 0.025711764590384163 0.018773785148704546 -0.038406498067965464 -0.01930458772504931 0.026688782369544542 -0.010220270077697007 -0.041224643687702761 -0.051668962138981214 0.00059802113921081769 -0.035268305379479295 -0.055364276128031534 0.054760713423031716 0.012750629883412716 0.022393923181982561 0.059926173624963865 0.00042680226724895473 -0.085091137345868206 -0.0034010651521700522 0.033855578575492477 0.066327389270773029 -0.040580549286524471 -0.03827590542062121 0.012857836434942111 -0.018806660370705705 0.027202826386859211
leaf_weight=142.99341862648726 54.063375616446137 2292.2484421953559 14.338908076286314 8.5181145966052991 5.3233126178383818 8.3713687658309919 15.665277313441036 9.5635221973061544 11.039966925978659 46.545496542006731 169.6817054823041 17.883607283234596 12.428617484867571 8.4730742424726468 36.959108732640743 4.6600633040070552 6.7800541520118704 8.7282721325755102 5.3472958654165268 3.7625076547265044 1002.1530357412994 3.6998728979378965 12.515461394563316 18.673304326832294 5.1050298735499373 25.435688897967339 7.1804590448737136 137.14669096283615 32.943419786170125 25.665173420682549
leaf_count=967 1007 10594 245 40 26 37 82 44 45 223 798 83 57 40 185 20 30 39 24 25 4889 24 95 113 22 115 31 1057 232 183
internal_value=-0.000207287 -0.000945249 0.00694131 -0.000640372 -0.032852 -0.000517569 -0.00314167 -0.00239712 0.000985908 0.0177663 -0.00121672 -0.0138099 -0.00901941 -0.0140122 -0.00773283 -0.0151697 0.0139279 -0.0259776 -0.0135101 0.000283668 5.1019e-05 0.00557032 -0.0227541 0.00687532 0.0259804 -0.0267017 -0.00356842 0.00536374 0.000236988 0.00399528
internal_weight=4153.89 3765.92 387.976 3711.85 13.8414 3698.01 1348.18 1307.19 2349.83 57.5855 1185.16 122.03 104.147 88.4815 76.0529 62.4748 16.7874 45.6874 10.0074 1015.48 1011.72 373.637 16.2153 357.422 13.5781 40.9875 15.5518 338.749 201.602 168.659
internal_count=21372 18456 2916 17449 66 17383 6521 6338 10862 268 5756 582 499 417 360 298 74 224 44 4958 4933 2671 119 2552 62 183 68 2439 1382 1150
is_linear=0
shrinkage=0.05


Tree=87
num_leaves=31
num_cat=0
split_feature=12 11 27 41 37 12 13 21 21 36 13 11 32 32 33 21 36 6 12 7 0 34 10 5 13 38 12 33 10 28
split_gain=7.92739 8.7574 6.93746 5.31513 9.4287 7.84576 8.1059 7.20743 6.11721 5.60284 8.61494 7.66405 7.10202 6.47753 10.8303 5.59418 9.42 7.74994 6.35817 6.29411 6.41951 5.33893 8.4829 8.29866 8.0341 7.80393 6.24509 6.08449 6.21042 10.5236
threshold=8025.0000000000009 5425.0000000000009 5.166666666666667 1.0000000180025095e-35 0.53290043290043798 29325.000000000004 17625.000000000004 -426.49999999999994 191.50000000000003 0.55050505050505061 14975.000000000002 9375.0000000000018 0.19047619047619882 0.3000000000000132 0.33964285714285747 -210.49999999999997 0.76696832579185525 1.0000000180025095e-35 28075.000000000004 8.5000000000000018 0.51666666666666672 0.64642857142857157 2.5000000000000004 1.0000000180025095e-35 -674.99999999999989 0.61982142857143019 24275.000000000004 0.73053391053391037 3.5000000000000004 1.3666666666666669
decision_type=2 2 2 2 2 2 2 2 2 2 2 2 2 2 2 2 2 2 2 2 2 2 2 2 2 2 2 2 2 2
left_child=2 -2 -1 21 7 6 9 -5 -8 12 11 -11 -6 -14 -15 16 17 -13 -17 -18 -21 23 -23 25 -24 26 -3 28 -26 -30
right_child=1 3 -4 4 5 -7 8 -9 -10 10 -12 15 13 14 -16 18 19 -19 -20 20 -22 22 24 -25 27 -27 -28 -29 29 -31
leaf_value=0.005302889263327365 -0.021043376032245795 -0.031313177920275999 0.041223815087664241 0.049116183072333452 -0.025625470057625822 -0.047273362977744593 -0.080063173972044654 -0.012205439278135374 -0.00078746787584102669 -0.058435206378933062 0.067762984430173784 0.012349793615135447 0.056721633547655442 -0.044125232581280385 0.020882099904829681 -0.0021621945175944869 0.0035485847513694897 -0.059126928507246414 -0.051374021588385083 0.11278300806018567 0.031277233571660241 -0.0050391468972600731 0.042631839352009392 0.0024539806751486619 0.015225606956235649 0.019577446072431996 0.0018602359514456133 -0.052447557786100753 -0.051388014218254965 0.0017435765263275696
leaf_weight=372.86514574661851 53.10142520815134 46.043614782392979 13.902742993086575 4.7435187175869933 9.5277359187602979 8.0135475918650609 4.9965178146958333 294.8749209754169 4.9083777666091919 5.737134873867034 4.4271325916051856 15.013687115162613 10.262225463986395 7.0338227748870841 60.151797540485859 152.5076107122004 5.8982543200254467 4.9448139816522589 6.7786720171570769 4.6256563290953618 5.631987676024437 839.99372390657663 13.440118223428724 1903.7392160110176 84.91686849296093 14.070697948336599 20.070746652781963 4.7288424968719474 9.7741561084985715 164.47989785671234
leaf_count=2671 1007 206 245 33 44 39 24 1371 26 45 22 72 45 30 268 707 25 24 32 22 28 3895 89 8965 378 60 85 22 42 850
internal_value=-0.000196837 -0.000898429 0.00661735 -0.000608291 -0.00487442 0.00121761 0.00253415 -0.0112019 -0.0416783 0.00406192 -0.000417029 -0.00197547 0.0146936 0.0197448 0.0139466 -0.00026315 0.017449 -0.00531612 -0.00431877 0.0457397 0.0692488 0.000229458 -0.00253295 0.0017878 0.00503877 -0.0139497 -0.0211794 0.00308984 0.0041423 -0.00123574
internal_weight=4151.2 3764.44 386.768 3711.34 610.077 310.459 302.445 299.618 9.9049 292.541 205.565 201.138 86.9756 77.4478 67.1856 195.401 36.1144 19.9585 159.286 16.1559 10.2576 3101.26 1117.33 1983.92 277.34 80.1851 66.1144 263.9 259.171 174.254
internal_count=21372 18456 2916 17449 2857 1453 1414 1404 50 1364 977 955 387 343 298 910 171 96 739 75 50 14592 5276 9316 1381 351 291 1292 1270 892
is_linear=0
shrinkage=0.05


Tree=88
num_leaves=31
num_cat=0
split_feature=12 11 12 8 4 12 22 10 31 12 35 8 7 12 31 43 27 23 11 23 30 30 12 14 39 23 21 10 23 21
split_gain=7.52057 6.25702 5.00988 7.55931 4.88002 4.52343 7.75129 7.9802 8.39325 9.48982 7.5202 7.05119 6.85651 6.17836 10.5985 9.0235 9.82083 9.43123 8.24477 7.65111 7.63469 6.38241 6.01221 5.88054 5.53046 9.83455 12.265 7.80891 6.84857 6.25624
threshold=2575.0000000000005 1550.0000000000002 29925.000000000004 0.4451137884872825 164.50000000000003 13075.000000000002 332.83333333333343 5.5000000000000009 0.85164835164835173 11475.000000000002 0.62019230769230782 0.38924963924963935 187.50000000000003 8025.0000000000009 0.27922077922077926 1.0000000180025095e-35 3.5833333333333335 150.22500000000002 20325.000000000004 -8.4499999999999975 0.37171052631578955 0.39444444444444454 7075.0000000000009 2.5000000000000004 1.0000000180025095e-35 187.67500000000004 -142.49999999999997 1.5000000000000002 -53.099999999999994 23.500000000000004
decision_type=2 2 2 2 2 2 2 2 2 2 2 2 2 2 2 2 2 2 2 2 2 2 2 2 2 2 2 2 2 2
left_child=-1 -2 4 -4 5 6 7 8 9 13 -9 -11 -7 22 18 16 17 19 -15 -16 -21 -17 24 -12 29 26 28 -28 -26 -3
right_child=1 2 3 -5 -6 12 -8 10 -10 11 23 -13 -14 14 15 21 -18 -19 -20 20 -22 -23 -24 -25 25 -27 27 -29 -30 -31
leaf_value=0.02861360484261501 -0.049565497430052702 -0.0054181844631010691 -0.05981814047491172 0.015392128692204294 0.046630705998225587 -0.00075690593158773999 0.021769018041001953 -7.3541779529372726e-05 0.020734695347224486 -0.014594975743812683 -0.091288917142600692 0.031812063809257267 -0.029937510959327313 0.07741690037919341 0.0076231806571377169 -0.027249784098681118 -0.087720487798665328 0.0043137096131911391 0.00094340751551619413 -0.0090779042159684024 -0.067011404612170589 0.046848342253912933 0.024548814825687694 -0.024503176891996582 -0.017941933254492674 0.054447550933547667 -0.022263816723745625 -0.082910521175071958 0.068688439351940994 0.011230150452381262
leaf_weight=22.4393748678267 6.3479299601167432 107.90081887878478 8.3742938190698606 5.3140510097146025 5.4626174122095099 3466.0763477794826 54.211279744282365 19.261057637631893 62.258102750405669 10.154217302799223 5.0420248582959166 38.580646075308323 20.159221675246954 3.717319428920745 6.922340944409366 4.7092116922140104 6.6623374968767157 19.501682557165623 47.985642462968826 8.2771710976958328 19.979918092489243 7.081913635134697 28.371850319206715 10.384497430175541 4.7864729538559914 4.0175492893904439 13.626300238072874 9.0615058932453376 4.0997003242373484 117.58113556727767
leaf_count=738 302 600 40 26 37 16577 497 100 354 48 25 186 135 16 39 25 34 104 242 40 98 41 171 54 23 30 68 55 23 644
internal_value=-0.000187014 -0.000345552 -0.000267293 -0.0303577 -0.000165021 -0.000229718 0.00372491 0.00196552 0.00350902 0.00117805 -0.0212069 0.0220304 -0.000927931 -0.00126761 -0.0105688 -0.0228216 -0.0305441 -0.0233391 0.00667702 -0.0387789 -0.0503095 0.0168538 0.00272898 -0.0471009 0.000330095 -0.0179369 -0.027448 -0.0469631 0.0217888 0.00324232
internal_weight=4148.35 4125.91 4119.56 13.6883 4105.87 4100.41 614.175 559.963 525.276 463.018 34.6876 48.7349 3486.24 414.283 124.838 73.1346 61.3435 54.6811 51.703 35.1794 28.2571 11.7911 289.445 15.4265 261.073 35.5915 31.574 22.6878 8.88617 225.482
internal_count=21372 20634 20332 66 20266 20229 3517 3020 2841 2487 179 234 16712 2253 639 381 315 281 258 177 138 66 1614 79 1443 199 169 123 46 1244
is_linear=0
shrinkage=0.05


Tree=89
num_leaves=31
num_cat=0
split_feature=12 13 12 6 34 5 46 23 32 29 33 37 35 32 32 31 32 7 28 15 23 0 4 32 22 6 35 37 8 0
split_gain=6.97083 4.80524 7.16467 7.08402 7.44926 7.50352 6.89805 6.96749 7.48234 6.24288 6.37498 5.86019 5.90208 12.8658 7.10531 9.07518 7.70911 10.2623 5.63312 16.7508 5.57984 5.59198 7.62276 6.42832 6.47794 11.5847 8.19161 8.88879 8.24583 7.92443
threshold=2575.0000000000005 -10924.999999999998 22375.000000000004 -1.4999999999999998 1.0000000180025095e-35 11.500000000000002 1.0000000180025095e-35 -8.4499999999999975 0.46666666666666856 0.13392857142857145 0.47333333333333344 0.57142857142857206 0.77350427350427364 0.16666666666666671 0.30000000000000476 0.78888888888888908 0.4500000000000034 16.500000000000004 0.90000000000000013 -1.0000000180025095e-35 45.900000000000006 0.55000000000000016 4.5000000000000009 0.11111111111111686 -150.41666666666666 -6.4999999999999991 0.41428571428571431 0.40000000000000252 0.24795081967213117 0.11666666666666668
decision_type=2 2 2 2 2 2 2 2 2 2 2 2 2 2 2 2 2 2 2 2 2 2 2 2 2 2 2 2 2 2
left_child=-1 2 9 4 5 -4 11 -8 -9 10 -2 -5 13 -13 -15 16 17 -16 20 -20 21 23 -23 -6 25 -25 27 -27 -28 -26
right_child=1 -3 3 6 18 -7 7 8 -10 -11 -12 12 -14 14 15 -17 -18 -19 19 -21 -22 22 -24 24 29 26 28 -29 -30 -31
leaf_value=0.027907094287647358 0.030750845336870853 0.00018538105918836166 0.076715705598702624 -0.02560385304224725 -0.04544401344175962 -0.010732315089031105 -0.036914987619893008 0.010699058512216872 0.12283809487450169 -0.035011439875247907 -0.056088699652577949 0.12460423762255889 -0.020917166752911942 -0.048851703242318585 0.11363698851762752 -0.03645821063622761 -0.00032102375583883681 -0.0043551474646680915 0.12461485205188212 0.001834567731525908 -0.039661321106100621 0.071816046211095011 0.0072126676028479416 -0.027949252349425815 0.06122089099843922 0.0056864599703193731 -0.025962396506084326 0.089817565790301909 0.05067560643795202 -0.01934070453400482
leaf_weight=21.874165019020438 8.1037492118775827 3780.3104097116739 6.4993491731584054 64.085596580058336 9.2923984676599485 3.7230927962809801 2.579965578392148 3.679866358637808 2.5565584637224674 34.284795951098204 2.7285068426281205 2.2483894918113974 24.610615419223905 5.279356716200712 4.9126842264086026 5.8255816139280787 7.1553687490522861 2.7771246545016766 3.4535903465002802 13.142188258469103 9.2883960455656034 5.2707560807466498 32.53987836278975 11.907959286123512 3.1458684653043809 5.2066178508102849 8.7862718347460014 8.4117160607129318 5.6828727107495061 46.352523360401392
leaf_count=738 84 17742 41 553 67 25 24 31 20 419 29 18 197 48 35 45 68 22 29 96 75 30 241 118 27 44 75 59 45 327
internal_value=-0.00017706 -0.000327913 -0.00598929 -0.00315855 0.00339117 0.0445866 -0.0121919 0.0300387 0.0586715 -0.0245535 0.00810674 -0.0154427 -0.00299224 0.0124939 0.0021474 0.0155859 0.036451 0.0708741 0.000742784 0.028278 -0.00237258 0.000153587 0.0165159 -0.00606892 -0.00187852 0.0130041 0.0305816 0.0582926 0.00393583 -0.0140067
internal_weight=4145.72 4123.84 343.532 298.415 172.703 10.2224 125.711 8.81639 6.23642 45.1171 10.8323 116.895 52.8091 28.1985 25.9501 20.6708 14.8452 7.68981 162.481 16.5958 145.885 136.597 37.8106 98.7862 89.4938 39.9954 28.0875 13.6183 14.4691 49.4984
internal_count=21372 20634 2892 2360 1299 66 1061 75 51 532 113 986 433 236 218 170 125 57 1233 125 1108 1033 271 762 695 341 223 103 120 354
is_linear=0
shrinkage=0.05


Tree=90
num_leaves=31
num_cat=0
split_feature=12 19 8 6 28 8 22 32 6 32 12 33 33 37 13 8 32 28 37 4 32 28 37 13 12 4 12 31 32 33
split_gain=6.86044 8.14882 5.71581 5.95094 6.69834 14.2544 9.27311 8.39615 7.54483 6.65923 6.97567 6.57199 6.97922 6.16828 6.07897 5.91012 7.77427 10.3865 9.31368 6.41828 6.34129 10.203 8.05466 6.62381 9.83564 11.9547 9.08249 8.87264 8.13642 10.3229
threshold=2025.0000000000002 -81.499999999999986 0.62988330796549985 -2.4999999999999996 1.7083333333333337 0.45721464465183065 280.41666666666669 0.3333333333333377 4.5000000000000009 0.93333333333333435 24875.000000000004 0.54593253968253952 0.42000000000000021 0.58333333333334048 -3274.9999999999995 0.90645833333333348 0.43333333333334012 2.6333333333333337 0.5555555555555608 6.5000000000000009 0.51666666666667871 3.3666666666666671 0.33333333333333348 6175.0000000000009 27025.000000000004 13.500000000000002 25525.000000000004 0.10555555555555557 0.26666666666667654 0.20000000000000009
decision_type=2 2 2 2 2 2 2 2 2 2 2 2 2 2 2 2 2 2 2 2 2 2 2 2 2 2 2 2 2 2
left_child=1 -1 3 9 -5 11 7 8 -7 -2 -11 12 -6 -9 -8 20 17 -17 -18 -19 23 -22 -23 24 25 -4 -27 -26 29 -25
right_child=2 -3 15 4 5 6 14 13 -10 10 -12 -13 -14 -15 -16 16 18 19 -20 -21 21 22 -24 28 27 26 -28 -29 -30 -31
leaf_value=-0.074621781125145975 0.00082637213553650901 0.041795514143080081 0.0050009232517428731 -0.0013245521488353634 -0.049564654143049704 -0.0057774235418821644 -0.033802664662441632 -0.026949254545822907 0.036857854087307775 0.004528409973491669 0.055459327417021524 -0.095265657769831674 0.0072291245669002958 -0.0068617136499561394 0.0073205266946264102 -0.046094060108783523 -0.0089301161815682813 0.0067264810960592815 0.017986253848908344 -0.033030030528991068 0.0013960699203177506 -0.0867301822223564 -0.016954505478564114 0.038426527284779216 -0.010407790372324565 -0.027994929132546184 0.0064786896963112449 0.022410249092599168 0.019423449726404311 -0.011920141477631931
leaf_weight=1.5360306110233093 1340.2897531203926 16.261783493682742 222.30496713146567 1206.6027200873941 16.530874669551856 49.500835388898849 9.5652849934995157 91.723533345386386 12.99519453383982 16.877798551693562 11.367858078330753 4.9080041628330937 7.7714323922991744 66.970444103702903 123.10847724974155 22.40181084163487 75.080895144492388 34.377873031422496 55.931622872129083 14.229186715558169 243.129707980901 5.2431271672248867 20.019781405106187 12.70430853590369 25.771782271564007 58.911424385383725 27.896305080503225 98.017826246097684 178.49059566669166 49.456563383340836
leaf_count=11 6673 622 949 6185 80 226 67 443 77 99 54 25 37 346 815 99 357 151 288 88 1155 25 124 61 114 329 145 466 934 241
internal_value=0.000218494 0.031108 8.25023e-05 -0.00107688 -0.00315849 -0.0089201 -0.00612622 -0.0123987 0.00305284 0.00133749 0.025326 -0.0424591 -0.0312429 -0.0185133 0.00429481 0.00308478 -0.00466133 -0.0179806 0.00252779 -0.00485307 0.00475173 -0.00173176 -0.0319179 0.00734252 0.00362854 -0.00112677 -0.0168643 0.0155346 0.0139985 -0.0015049
internal_weight=4119.98 17.7978 4102.18 2958.21 1589.68 383.074 353.864 221.19 62.496 1368.54 28.2457 29.2103 24.3023 158.694 132.674 1143.97 202.021 71.0089 131.013 48.6071 941.946 268.393 25.2629 673.554 432.902 309.113 86.8077 123.79 240.651 62.1609
internal_count=21286 633 20653 15127 8301 2116 1974 1092 303 6826 153 142 117 789 882 5526 983 338 645 239 4543 1304 149 3239 2003 1423 474 580 1236 302
is_linear=0
shrinkage=0.05


Tree=91
num_leaves=31
num_cat=0
split_feature=12 19 8 10 8 36 20 18 33 39 18 32 36 14 12 20 10 0 20 6 13 33 19 19 33 13 7 37 36 7
split_gain=6.41094 7.51114 5.16223 5.47857 5.33886 8.72067 7.11799 7.72745 7.01465 6.50087 6.54645 6.40555 8.61148 6.9595 6.1861 8.47509 6.11527 5.68277 7.79875 8.95832 7.05102 5.82993 5.59184 5.55445 5.50553 5.47918 5.46735 5.43447 5.15229 9.26794
threshold=2025.0000000000002 -81.499999999999986 0.62988330796549985 15.500000000000002 0.90645833333333348 0.32051282051282054 376.50000000000006 1.1000000000000003 0.58388888888888879 1.0000000180025095e-35 2.4500000000000006 0.43333333333334512 0.48333333333333339 4.5000000000000009 24775.000000000004 319.50000000000006 6.5000000000000009 0.2166666666666667 323.50000000000006 8.5000000000000018 4675.0000000000009 0.4599999999999998 315.50000000000006 -133.49999999999997 0.69416666666666671 23975.000000000004 9.5000000000000018 0.55555555555555824 1.0000000180025095e-35 24.500000000000004
decision_type=2 2 2 2 2 2 2 2 2 2 2 2 2 2 2 2 2 2 2 2 2 2 2 2 2 2 2 2 2 2
left_child=1 -1 3 28 5 6 7 23 9 10 11 12 -6 -13 15 -11 -9 20 26 -20 -12 -22 -23 -4 -10 -7 -19 -26 29 -2
right_child=2 -3 4 -5 8 25 -8 16 24 14 17 13 -14 -15 -16 -17 -18 18 19 -21 21 22 -24 -25 27 -27 -28 -29 -30 -31
leaf_value=-0.069349398694784084 -0.0082529512721821394 0.041342095949204571 -0.026152762529731741 -0.054128059835152946 -0.089351007056461082 0.00098472189306457979 -0.009418389320498816 0.023224413480602616 0.021911064908004659 -0.024876457669484091 -0.010253047263567521 0.0051097210178439904 -0.012854744208166256 -0.055052265394714354 0.0085938340896977907 -0.11344183947636188 -0.011182600096213989 0.018001832519792028 -0.10126239460762868 0.00056653327072697093 0.044800584291132525 -0.0094680116456179395 0.044473311172792018 0.0084070066105466027 -0.045306636862018107 0.048079758935035265 -0.039941663639705638 0.024986043774026398 -1.9498539912555059e-05 0.013558540429127259
leaf_weight=1.5766735989600444 418.66027461178601 15.635158612392841 15.148682480677961 4.7520340010523787 6.8687581177800885 661.87617525737733 33.522164406254888 161.8158954847604 36.11355540715158 7.6170212440192717 27.318315379321575 22.120328910648826 8.258514389395712 6.0017470289021722 4.6819194704294196 4.3366503641009331 13.770864799618719 13.137412741780286 4.8321949392557126 3.6684396415948868 16.938050167635083 16.470316000282768 6.6279952637851229 48.817592127248645 6.9275544714182598 6.1407883353531352 5.7787486761808387 4.337075624614954 2479.870300937444 54.86726419441402
leaf_count=11 2111 622 80 32 32 3207 171 715 184 37 120 107 35 27 19 24 62 56 22 21 101 81 40 230 30 78 24 23 12692 292
internal_value=0.000207719 0.0305715 7.83297e-05 -0.00102315 0.00293291 0.00451873 0.0120475 0.0150749 -0.00442783 -0.00960196 -0.00598596 -0.0220877 -0.048276 -0.00770231 -0.0390891 -0.0580963 0.0204927 0.00132496 -0.0177644 -0.0572412 0.00918426 0.0225642 0.00591975 0.000116369 0.0123414 0.00143226 0 -0.0178211 -0.000934176 -0.00571278
internal_weight=4118.49 17.2118 4101.28 2958.15 1143.13 941.092 273.075 239.553 202.035 154.656 138.021 43.2493 15.1273 28.1221 16.6356 11.9537 175.587 94.7715 27.4168 8.50063 67.3547 40.0364 23.0983 63.9663 47.3782 668.017 18.9162 11.2646 2953.4 473.528
internal_count=21286 633 20653 15127 5526 4543 1258 1087 983 746 666 201 67 134 80 61 777 465 123 43 342 222 121 310 237 3285 80 53 15095 2403
is_linear=0
shrinkage=0.05


Tree=92
num_leaves=31
num_cat=0
split_feature=12 19 40 38 19 31 8 19 20 19 18 14 4 37 13 25 21 10 29 5 0 33 33 37 33 25 12 5 8 26
split_gain=5.98847 6.93858 5.00551 7.39598 4.52653 13.6741 10.1947 9.804 9.83475 9.44614 7.73131 8.46235 7.65859 7.43845 6.68791 7.53885 8.14602 7.37466 6.24146 6.27157 4.88038 4.98338 12.9856 4.5773 4.52863 4.32654 10.3757 14.0819 6.10428 5.92457
threshold=2025.0000000000002 -81.499999999999986 1.0000000180025095e-35 0.17142857142857262 -315.49999999999994 0.081250000000000017 0.52206359506813771 -422.49999999999994 40.500000000000007 -308.49999999999994 -3.6333333333333329 -5.4999999999999991 4.5000000000000009 0.65000000000000069 -8824.9999999999982 -7.4999999999999991 -338.49999999999994 -11.499999999999998 0.48529411764705888 51.500000000000007 0.81666666666666676 0.27958333333333368 0.33015151515151531 0.55555555555555669 0.23999999999999985 -3.4999999999999996 25475.000000000004 5.5000000000000009 0.28633540372670813 -4.4999999999999991
decision_type=2 2 2 2 2 2 2 2 2 2 2 2 2 2 2 2 2 2 2 2 2 2 2 2 2 2 2 2 2 2
left_child=1 -1 4 -4 5 6 7 12 -9 13 14 -12 -2 -6 -7 -16 17 -17 -19 -20 21 24 23 -23 -13 26 28 -28 -5 -27
right_child=2 -3 3 25 9 10 -8 8 -10 -11 11 20 -14 -15 15 16 -18 18 19 -21 -22 22 -24 -25 -26 29 27 -29 -30 -31
leaf_value=-0.064632541799446344 0.086764921708658627 0.040879952437284095 -0.045447549510634601 -0.011814315850911439 0.065930156877364185 -0.025844101882673338 0.069777356826470793 -0.021621825474922585 0.052031632791265874 0.00084245966618835431 -0.056346925086315586 -0.016686682296578964 0 -0.01403227590962283 -0.038724649451249281 0.11236517574035948 -0.027957590911649368 -0.0067414934701896558 0.078984529860544966 0 0.026354313087514011 0.057916631370855065 -0.018588773068146717 -0.0025362005917838083 -0.070528069775119856 0.036671308477470951 0.056214148146633239 -0.031349254049503839 -0.080752621592004137 -0.0038418672591195198
leaf_weight=1.613458421081307 5.7613221481442434 15.037646003067492 11.469419725239275 5.5036009699106208 9.6736996322870237 11.498498728498815 7.7890232279896727 23.63617443852127 5.4823541175574055 3558.4323360314593 12.922503042966126 8.843716165050866 4.5657678116112947 3.9634644072502843 4.7046937867999068 3.1675440445542398 4.9110092073678997 7.0370199754834202 7.4258985668420774 3.7909526228904724 6.9510215744376174 7.9465792253613454 95.794361578300595 4.8616375140845776 7.5023423638194791 9.2622864879667741 7.359607674181464 11.822875235229729 8.4517404511570913 239.60735332407057
leaf_count=11 31 622 54 29 52 139 43 116 26 17785 120 44 29 22 36 16 28 42 40 27 33 38 509 24 37 44 35 63 42 1149
internal_value=0.000197322 0.0300327 7.42086e-05 -0.00621512 0.000560552 -0.00616294 0.0178106 0.00727224 -0.00745282 0.00100367 -0.0122398 -0.0177508 0.0489442 0.0423932 0.00640378 0.0185561 0.0290871 0.0424664 0.0295185 0.0525671 -0.0138917 -0.0161899 -0.012227 0.0347412 -0.0419808 -0.00458624 -0.0215482 0.00210358 -0.0541985 -0.00229986
internal_weight=4116.79 16.6511 4100.14 293.477 3806.66 234.592 47.2346 39.4456 29.1185 3572.07 187.358 144.822 10.3271 13.6372 42.5356 31.0371 26.3324 21.4214 18.2539 11.2169 131.9 124.949 108.603 12.8082 16.3461 282.007 33.1378 19.1825 13.9553 248.87
internal_count=21286 633 20653 1416 19237 1378 245 202 142 17859 1133 805 60 74 328 189 153 125 109 67 685 652 571 62 81 1362 169 98 71 1193
is_linear=0
shrinkage=0.05


Tree=93
num_leaves=31
num_cat=0
split_feature=12 19 8 10 10 42 37 26 38 34 10 5 23 9 31 10 30 3 19 35 13 8 5 26 36 8 10 5 10 5
split_gain=5.59171 6.42157 4.58789 4.85474 6.32924 4.90517 5.32409 9.3633 5.68138 5.80247 4.82196 5.37592 10.7188 10.5671 12.9545 16.6031 15.2425 10.5851 9.1513 11.0438 10.0054 8.8209 8.48895 8.33848 12.6711 7.83518 7.70842 21.7951 11.0791 16.7485
threshold=2025.0000000000002 -81.499999999999986 0.62988330796549985 5.5000000000000009 18.500000000000004 1.0000000180025095e-35 0.33333333333333348 2.5000000000000004 0.80000000000000115 0.77350427350427364 15.500000000000002 11.500000000000002 108.50000000000001 1.0000000180025095e-35 0.78888888888888908 -1.4999999999999998 0.21111111111111114 1.0000000180025095e-35 27.500000000000004 0.29285714285714287 3225.0000000000005 0.40936473165388837 14.500000000000002 1.0000000180025095e-35 0.78888888888888908 0.48163142899985006 1.5000000000000002 23.500000000000004 2.5000000000000004 59.500000000000007
decision_type=2 2 2 2 2 2 2 2 2 2 2 2 2 2 2 2 2 2 2 2 2 2 2 2 2 2 2 2 2 2
left_child=1 -1 10 -4 5 6 7 -5 -8 -10 11 12 -2 14 15 18 22 -18 20 -20 -13 -14 -17 24 -23 -19 27 -15 29 -28
right_child=2 -3 3 4 -6 -7 8 -9 9 -11 -12 13 21 26 -16 16 17 25 19 -21 -22 23 -24 -25 -26 -27 28 -29 -30 -31
leaf_value=-0.060383113457907471 -0.00060646772635363692 0.040408886978954534 0.0040535538282443998 -0.088484660736237217 0.037422486419585864 -0.030679705796823522 0.0052776821316487107 -0.0097673008878808448 0.019173779948624337 -0.055291427092372628 -0.050142047548871409 -9.0887772896067147e-05 0.010674748852326192 0.0065802116002720611 0.016181098754609644 0.033926685044377222 -0.048156312040585715 0.027202301421790226 0.060528193860414498 0.0063871310571957498 -0.02135487071048689 -0.043237091827995205 -0.019185768192508404 -0.0091552605945562412 0.010750930611164475 -0.046812856573733984 -0.012348515506594599 0.054432086685068048 0.011193682161039699 0.055240161698741644
leaf_weight=1.6467955596745039 1542.1729410365224 14.467960766516624 987.75944266654551 4.6060503572225597 8.0118962153792364 20.27231520973146 89.32083017192781 20.39403197914362 3.6683816704899064 8.0513824652880412 4.8807634077966204 228.47931738011539 44.903249029070139 102.48249432072043 79.490557674318552 13.919203728437425 51.647564811632037 9.4453350082039815 10.569177303463219 83.922838319092989 73.096733503043652 44.191715201362967 16.051521578803658 271.49254762195051 14.175820082426069 5.6155485659837714 126.07304964959621 31.037844093516469 193.63129863701761 9.7662405688315612
leaf_count=11 7408 622 4706 21 63 92 467 108 21 48 32 1242 221 497 428 59 425 42 50 408 377 210 107 1262 66 32 609 379 1212 61
internal_value=0.000186614 0.0294915 6.94723e-05 0.00276207 -0.00546898 -0.00787576 -0.00414694 -0.0247642 0.00092433 -0.0315952 -0.000968844 -0.000884157 -0.00245327 0.0020165 -0.00252071 -0.00555053 -0.0241181 -0.0374186 -0.00100066 0.0125534 -0.00526685 -0.0100374 0.00534559 -0.0128745 -0.0300435 -0.000191682 0.00763444 0.0177736 0.00350617 -0.00741535
internal_weight=4115.24 16.1148 4099.13 1142.08 154.325 146.313 126.041 25.0001 101.041 11.7198 2957.05 2952.16 1916.94 1035.23 572.238 492.747 96.6792 66.7084 396.068 94.492 301.576 374.763 29.9707 329.86 58.3675 15.0609 462.991 133.52 329.471 135.839
internal_count=21286 633 20653 5526 820 757 665 129 536 69 15127 15095 9167 5928 3170 2742 665 499 2077 458 1619 1759 166 1538 276 74 2758 876 1882 670
is_linear=0
shrinkage=0.05


Tree=94
num_leaves=31
num_cat=0
split_feature=12 19 40 38 32 18 11 41 29 37 32 11 38 11 8 29 23 38 6 16 19 19 37 19 32 6 21 38 22 35
split_gain=5.21833 5.95247 4.47642 6.70419 4.38478 4.577 4.20152 7.80084 8.75594 9.984 7.81212 7.23112 6.53216 6.30287 9.02923 7.48111 7.554 7.1447 5.68761 7.39776 5.44683 9.08918 8.84321 6.96687 13.4103 5.77181 6.17948 8.44251 8.0087 9.89112
threshold=2025.0000000000002 -81.499999999999986 1.0000000180025095e-35 0.17142857142857262 0.80000000000001337 -3.8999999999999995 15975.000000000002 1.0000000180025095e-35 0.68333333333333346 0.40000000000000252 0.68888888888889122 29925.000000000004 0.2000000000000004 28525.000000000004 0.41206791995148578 0.78888888888888908 -235.29999999999998 0.51666666666666861 -11.499999999999998 -6.4999999999999991 -315.49999999999994 -239.49999999999997 0.20000000000000873 -209.49999999999997 0.11111111111111686 -4.4999999999999991 -49.499999999999993 0.31666666666666793 -213.16666666666666 0.48333333333333339
decision_type=2 2 2 2 2 2 2 2 2 2 2 2 2 2 2 2 2 2 2 2 2 2 2 2 2 2 2 2 2 2
left_child=1 -1 6 -4 5 -5 -2 18 10 -10 11 12 -9 15 -15 -11 -17 -18 19 -8 -20 22 -22 24 -23 -24 27 -27 29 -29
right_child=2 -3 3 4 -6 -7 7 8 9 13 -12 -13 -14 14 -16 16 17 -19 20 -21 21 23 25 -25 -26 26 -28 28 -30 -31
leaf_value=-0.056531562937062824 -0.0031660544149450659 0.039928740175953964 -0.043320788486469385 -0.060504231515767087 -0.034706125501980573 -0.0022732915970281016 0.077797880575374442 -0.053420295123404959 -0.044283040122970657 -0.075283562813753271 0.024313797907363027 -0.013313671450843015 0.002116484360024973 0.057198212032121991 -0.010977460698128662 0.07780699633174637 -0.042532495124077717 -0.0011808836374572859 -0.0079862892737652437 0.010968359546680587 -0.04588916977935717 0.07907735276133189 -0.0056167488205589762 0.002223607273282449 -0.021488458275277147 -0.041106657763000001 0.010828498247926782 0.06320203817364585 0.064002472596385501 -0.0025627461653932502
leaf_weight=1.677045043557883 639.81566889677197 13.924868147820231 11.420711793005465 3.3271241858601561 11.334228277206419 267.0157767701894 4.2540732100605956 5.2833038531243792 25.7607426866889 4.9220557492226353 28.1392513923347 118.98398197069764 308.21301153674722 7.8697615563869503 12.146950811147688 2.174247443675994 15.807523481547831 31.207453964278102 130.5206554941833 101.97881190665066 5.4155783951282492 3.4150388687849036 19.879488632082939 2184.7505251755938 54.408419325947762 3.1528323888778678 48.106219939887524 8.8983028009533864 21.586798176169399 15.28923340141773
leaf_count=11 4187 622 54 25 58 1279 27 27 113 24 131 554 1427 34 59 10 72 145 644 574 26 15 82 10429 232 13 210 42 88 72
internal_value=0.000177832 0.0289478 6.62958e-05 -0.00588514 -0.00433472 -0.00303054 0.000526555 0.00127536 -0.00407118 -0.0174866 -0.00114794 -0.0028214 0.00114785 -0.00805986 0.015729 -0.0169648 -0.0108869 -0.0152511 0.00242926 0.0137622 0.00194427 0.00249478 0.0157663 0.00176794 -0.0153365 0.0187018 0.0237361 0.0362772 0.0417942 0.0215861
internal_weight=4110.68 15.6019 4095.08 293.098 281.677 270.343 3801.98 3162.16 560.508 99.8887 460.62 432.48 313.496 74.128 20.0167 54.1113 49.1892 47.015 2601.66 106.233 2495.42 2364.9 122.328 2242.57 57.8235 116.913 97.0334 48.9272 45.7743 24.1875
internal_count=21286 633 20653 1416 1362 1304 19237 15050 2596 457 2139 2008 1454 344 93 251 227 217 12454 601 11853 11209 533 10676 247 507 425 215 202 114
is_linear=0
shrinkage=0.05


Tree=95
num_leaves=31
num_cat=0
split_feature=12 44 11 12 27 25 11 37 12 17 35 32 12 6 11 22 32 37 28 32 0 11 32 13 4 32 32 21 7 23
split_gain=5.38501 8.63793 6.77628 5.78237 9.12367 8.90918 9.96568 8.00704 7.9875 9.78451 9.57238 9.21484 8.61486 7.76788 9.32762 7.59022 6.98908 8.48096 8.13034 7.22886 6.91727 8.72687 8.68289 6.72775 6.68817 8.82762 7.80196 7.86771 6.26388 6.13283
threshold=4325.0000000000009 1.0000000180025095e-35 30225.000000000004 27175.000000000004 -4.1666666666666652 3.5000000000000004 24825.000000000004 0.36666666666667241 26325.000000000004 4.8333333333333348 0.39444444444444454 0.43772893772894761 26475.000000000004 6.5000000000000009 24775.000000000004 286.83333333333343 0.58333333333334558 0.66666666666667185 1.5500000000000003 0.54444444444445739 0.55000000000000016 29275.000000000004 0.16666666666666885 -13924.999999999998 12.500000000000002 0.45555555555555866 0.40000000000000835 -138.49999999999997 103.50000000000001 197.10000000000002
decision_type=2 2 2 2 2 2 2 2 2 2 2 2 2 2 2 2 2 2 2 2 2 2 2 2 2 2 2 2 2 2
left_child=1 2 -1 4 -2 6 13 20 -6 10 15 -11 -12 14 -5 24 18 -18 19 28 21 22 -8 -15 25 26 27 -10 -9 -14
right_child=3 -3 -4 5 8 -7 7 16 9 11 12 -13 29 23 -16 -17 17 -19 -20 -21 -22 -23 -24 -25 -26 -27 -28 -29 -30 -31
leaf_value=0.0074048483272569927 -0.024620876005937601 0.041448313512079768 -0.05320866259700905 0.0051196188233862319 -0.0003093393575620293 0.016938204819280822 0.046413865137389244 -0.0019779926759856729 0.014973998992836524 -0.014288379317424681 -0.024118909622259682 -0.12782107729269176 -0.00024621362373149788 -0.021866071033405991 0.079483566244231349 0.033949078270262049 0.0037408472356365366 0.041286342364023586 0.016115650856384309 -0.03564230270133447 -0.001962305812551269 -0.055534990302529202 -0.021741405060509505 0.050768962277035756 -0.04961127949071506 0.011208553693909738 -0.081628891521932492 -0.037395308489498208 -0.038614396172674592 0.028861836901772148
leaf_weight=98.602560290135443 41.909415431320667 18.733957570977509 4.7239005602896205 309.09292879700661 2694.05145298969 101.6541506499052 5.1542474478483191 280.72447553649545 10.488665029406546 4.1621326953172675 33.996485315263271 3.2325225844979286 134.63228093087673 3.7382372990250614 4.1872597187757483 5.569102741777896 54.139727897942066 20.934134315699339 50.57663094624877 18.593668237328529 61.979936167597771 17.540625505149364 40.142187722027302 17.267781551927328 21.375887669622898 18.841088615357876 6.1866151392459861 21.571923553943634 12.102178499102591 20.74791319295764
leaf_count=1155 343 266 80 1670 13410 508 22 1206 44 26 157 20 647 42 17 25 241 93 226 82 276 75 171 94 108 82 27 92 69 102
internal_value=-6.8097e-05 0.0102721 0.0045366 -0.000383975 -0.00147641 0.00291364 0.00131552 -0.00274466 -0.00114786 -0.00917189 -0.00760323 -0.0656288 -0.00133966 0.00815385 0.00615456 -0.021641 0.000434791 0.0143178 -0.00243373 -0.00546653 -0.0139096 -0.0255926 -0.0137908 0.0375636 -0.0256884 -0.0165723 -0.0303814 -0.0201139 -0.00352187 0.00362449
internal_weight=4136.65 122.06 103.326 4014.59 3016.77 997.828 896.174 561.888 2974.86 280.805 273.41 7.39466 189.377 334.286 313.28 84.0333 437.071 75.0739 361.997 311.42 124.817 62.8371 45.2964 21.006 78.4642 57.0883 38.2472 32.0606 292.827 155.38
internal_count=21376 1501 1235 19875 15083 4792 4284 2461 14740 1330 1284 46 906 1823 1687 378 1917 334 1583 1357 544 268 193 136 353 245 163 136 1275 749
is_linear=0
shrinkage=0.05


Tree=96
num_leaves=31
num_cat=0
split_feature=12 20 11 19 12 20 11 17 12 17 35 12 4 38 19 22 8 13 12 23 28 29 13 17 13 7 25 10 10 11
split_gain=4.87995 11.6344 12.3243 5.46262 5.22204 9.67408 11.5456 7.0678 7.05972 8.75771 8.62856 7.84248 7.03346 7.34795 6.90217 6.89439 6.72326 10.3664 11.6271 7.95133 7.46255 7.14805 6.75601 11.5742 9.74764 6.97173 6.72939 6.72892 22.1058 12.9175
threshold=4325.0000000000009 176.50000000000003 29925.000000000004 231.50000000000003 27175.000000000004 261.50000000000006 24825.000000000004 -4.1666666666666652 26325.000000000004 4.8333333333333348 0.39444444444444454 26475.000000000004 2.5000000000000004 0.2000000000000004 199.50000000000003 293.16666666666669 0.3133928571428572 13375.000000000002 8775.0000000000018 -32.36666666666666 -0.54999999999999993 0.48529411764705888 -19674.999999999996 -2.4166666666666665 -3074.9999999999995 19.500000000000004 1.0000000180025095e-35 -5.4999999999999991 -4.4999999999999991 29125.000000000004
decision_type=2 2 2 2 2 2 2 2 2 2 2 2 2 2 2 2 2 2 2 2 2 2 2 2 2 2 2 2 2 2
left_child=1 2 -1 -4 7 6 14 -2 16 10 15 -12 -7 -14 -6 -10 17 19 -19 22 26 -20 23 -9 25 -24 -21 29 -29 -18
right_child=4 -3 3 -5 5 12 -8 8 9 -11 11 -13 13 -15 -16 -17 27 18 21 20 -22 -23 24 -25 -26 -27 -28 28 -30 -31
leaf_value=0.0025277698618398283 -0.020977695788716343 0.029803204786264366 -0.024750439049174969 -0.14785190106379983 0.0069649181407273296 -0.018893667110235064 -0.0036600899338486816 -0.020364225508444696 -0.024226747150947751 -0.061775466383491955 -0.022978779687304603 0.0035241542726054302 -0.043381169282442636 0.021438141503102345 0.04942374723001236 0.03503035416698691 0.0064152816391534404 0.027993645742801665 -0.084602620856119443 0.064619528084595382 0.012421823171911874 -0.0066181196561675183 -0.020207756873377124 0.15447704011429292 0.0068704580660090483 0.041687348281978287 -0.0057798904514781476 -0.051874158006694607 -0.0012732115465423632 0.081897870731604372
leaf_weight=72.424377295188606 45.352071721106768 45.424084111116827 1.9630294255912297 1.8703184258192775 313.65194692276418 13.390006653964518 539.19595881551504 1.7380025126039984 78.52608260884881 7.4759901054203501 33.906404981389642 155.14151802286506 4.4018398821353903 117.23561798036098 9.8258052393794042 5.082565799355506 38.611366543918848 5.7048535943031338 8.2624793872237188 13.446705278009178 119.87667520903051 4.7831869497895232 60.466238938271999 1.8222329076379526 187.99620941281319 4.778964687138795 4.3404130712151519 21.703897073864937 2210.3313900791109 6.5901339501142493
leaf_count=731 369 717 20 33 1694 57 2361 35 354 46 157 749 24 587 69 23 207 33 39 68 592 23 402 34 777 33 19 121 10970 32
internal_value=-6.51169e-05 0.00979385 -0.00208298 -0.0883157 -0.000365494 0.00276833 0.000813603 -0.00140391 -0.0011027 -0.00865584 -0.0071589 -0.00121244 0.01521 0.0190177 0.00828496 -0.0205272 -0.000314104 0.00555033 -0.0306255 0.00728991 0.0169859 -0.0566578 0.00206811 0.0695341 0.00107282 -0.0155408 0.0472249 -0.00138063 -0.00176979 0.0176871
internal_weight=4135.32 121.682 76.2577 3.83335 4013.64 997.701 862.674 3015.94 2970.59 280.133 272.657 189.048 135.027 121.637 323.478 83.6086 2690.45 413.216 18.7505 394.465 137.664 13.0457 256.802 3.56024 253.241 65.2452 17.7871 2277.24 2232.04 45.2015
internal_count=21376 1501 784 53 19875 4792 4124 15083 14714 1329 1283 906 668 611 1763 377 13385 2055 95 1960 679 62 1281 69 1212 435 87 11330 11091 239
is_linear=0
shrinkage=0.05


Tree=97
num_leaves=31
num_cat=0
split_feature=12 20 11 11 4 13 10 8 44 28 18 37 31 35 21 43 21 13 28 37 8 29 13 27 30 33 23 21 8 8
split_gain=4.42334 10.7133 10.4597 5.13792 7.16048 6.53151 6.00208 6.9707 5.997 9.37787 8.54925 8.53598 6.82682 8.54024 5.6821 5.06895 6.92607 4.99056 4.76753 7.87232 7.7604 7.69728 6.32155 5.93197 5.2502 8.19083 5.39948 5.13249 7.20917 4.41982
threshold=4325.0000000000009 176.50000000000003 29925.000000000004 11375.000000000002 41.500000000000007 -15074.999999999998 -3.4999999999999996 0.44316847187785463 1.0000000180025095e-35 -1.8999999999999997 1.0000000180025095e-35 0.4722222222222327 0.29285714285714287 0.73863636363636376 328.50000000000006 1.0000000180025095e-35 -51.499999999999993 -374.99999999999994 -1.0000000180025095e-35 0.36666666666667558 0.61769724954828364 0.64583333333333337 -74.999999999999986 -1.4166666666666663 0.39444444444444454 0.26709956709956689 53.100000000000009 231.50000000000003 0.78019323671497598 0.44316847187785463
decision_type=2 2 2 2 2 2 2 2 2 2 2 2 2 2 2 2 2 2 2 2 2 2 2 2 2 2 2 2 2 2
left_child=1 2 18 4 8 6 -5 -8 14 -10 11 -11 13 -12 -2 -3 -17 29 19 -1 21 22 -20 -21 25 -24 -26 -22 -29 -14
right_child=3 15 -4 5 -6 -7 7 -9 9 10 12 -13 17 -15 -16 16 -18 -19 20 23 27 -23 24 -25 26 -27 -28 28 -30 -31
leaf_value=-0.048208692818324274 -0.008404997740802729 0.037462997460587434 -0.078814829201182754 0.071066648126833637 -0.034432579911114779 0.00014990276725164963 -0.038328423793681968 0.047319632895437364 -0.042014782575923858 0.086375402225207787 -0.0060392499775490278 0.020714602340500998 0.01769528257045044 0.081570046840471283 0.01282522078268516 -0.075013678147798912 0.021342841714166835 0.037454400793364061 0.0083224184637512091 0.0023245879995558629 0.038748085951016892 0.012166101424054134 -0.077571089002641536 0.049148673495734652 -0.026152092111542 0.028227192300396095 -0.13022796532841469 0.019170712943979169 -0.11362371577820447 -0.043780449285332985
leaf_weight=3.8897837903350618 338.20753148011863 35.275506819598377 4.090234922245144 6.0655998438596717 20.153239045292139 3540.0373528860509 4.3581701591610891 4.9456169232726097 7.4973732791841021 6.6909905802458551 6.5564575232565421 19.897074829787016 3.5864027570933166 4.598310325294733 34.492082942277193 2.4145744200795889 7.0653178486973029 3.1384172961115828 4.1100981980562237 13.361996240913872 10.538207756355403 8.8612909037619811 4.0153287053108233 14.127143424004313 2.0847571194171906 3.1321570705622435 3.9300941294059157 2.910551454871892 1.4229807816445825 12.820273697376249
leaf_count=33 2478 553 53 34 179 16446 26 28 69 40 37 142 26 25 244 32 132 15 17 66 174 114 29 121 31 44 42 44 16 86
internal_value=-6.20306e-05 0.00934224 -0.00197296 -0.000347596 -0.00533423 0.00029299 0.032713 0.00668689 -0.00397479 0.0100256 0.0169847 0.0376875 -0.000847052 0.0300354 -0.00642389 0.0287496 -0.00320455 -0.01879 0.00240292 0.017097 -0.00873418 -0.0251928 -0.0446066 0.0266604 -0.0614494 -0.0307687 -0.0959904 0.0198292 -0.0248859 -0.0300135
internal_weight=4134.27 121.23 76.4746 4013.04 457.638 3555.41 15.3694 9.30379 437.485 64.7853 57.2879 26.5881 30.6999 11.1548 372.7 44.7554 9.47989 19.5451 72.3844 31.3789 41.0055 26.1337 17.2724 27.4891 13.1623 7.14749 6.01485 14.8717 4.33353 16.4067
internal_count=21376 1501 784 19875 3341 16534 88 54 3162 440 371 182 189 62 2722 717 164 127 731 220 511 277 163 187 146 73 73 234 60 112
is_linear=0
shrinkage=0.05


Tree=98
num_leaves=31
num_cat=0
split_feature=10 10 10 7 4 10 17 22 37 36 11 8 21 37 19 10 4 31 30 13 19 21 34 19 31 13 13 37 4 10
split_gain=4.21389 9.84286 14.5723 20.2694 13.2116 7.75387 14.2236 10.467 7.60509 8.35954 9.65309 7.08459 7.68731 9.91608 7.31446 6.85068 12.7388 10.5824 9.77794 8.80442 7.60801 7.81844 6.80145 6.73541 7.73505 6.65219 8.62556 6.27043 7.63134 20.6062
threshold=-6.4999999999999991 -5.4999999999999991 -4.4999999999999991 30.500000000000004 9.5000000000000018 -3.4999999999999996 0.58333333333333337 -259.49999999999994 0.33333333333334236 0.62019230769230782 24375.000000000004 0.3642999336429994 -174.49999999999997 0.36666666666667558 -267.49999999999994 -7.4999999999999991 5.5000000000000009 0.60769230769230786 0.97058823529411775 -10924.999999999998 -70.499999999999986 -134.49999999999997 0.5634920634920636 -443.49999999999994 0.13392857142857145 5375.0000000000009 -7974.9999999999991 0.41666666666667357 9.5000000000000018 -2.4999999999999996
decision_type=2 2 2 2 2 2 2 2 2 2 2 2 2 2 2 2 2 2 2 2 2 2 2 2 2 2 2 2 2 2
left_child=15 4 3 11 8 6 7 -4 -2 10 -10 12 13 -3 -13 17 20 22 19 -19 21 -17 -1 24 -7 26 -6 -25 -29 -30
right_child=1 2 5 -5 25 23 -8 -9 9 -11 -12 14 -14 -15 -16 16 -18 18 -20 -21 -22 -23 -24 27 -26 -27 -28 28 29 -31
leaf_value=0.0033634519210061966 -0.05685034068812831 0.043764221644226449 0.035265123074576674 -0.062970269183506219 0.09821882455054752 0.0409529984954786 0.062568214537093617 0.0017081849419356477 -0.0043928774325951497 -0.020408788136113264 0.050140334300795376 0.01205168973930968 0.018848787218886432 -0.025440758740335825 -0.044125174634694175 0.050187043048275329 -0.055269118895448846 -0.016740777716638938 -0.020700861767270123 0.057910978323527346 -0.039090660304752743 -0.019874967869644253 -0.026367478321643607 -0.0030455168845918285 -0.038110374828540655 0.098526722213680043 0.020083197839620648 0.0035650021511726758 -0.031709498087392964 -0.00025080764437218324
leaf_weight=38.103609977290034 4.8840526938438407 6.0211032684892407 27.133021697402 20.135003872215748 4.1793500389903846 3.4918266199529198 12.011943947523831 161.23499983549118 15.899091070517896 16.772344755008817 16.123776227235794 7.7661977559328106 31.67375610768795 32.376207893714309 20.991231340914965 8.9696526993066055 19.229684520512819 4.9503488913178471 8.8592487946152705 17.143605686724186 8.3865305073559266 6.8971377313137081 38.18194966763258 1110.0334803471342 20.677741128951311 4.5733383893966666 22.69027940928936 1573.4280899977311 55.535062884911895 814.3742695171386
leaf_count=230 24 28 158 150 28 21 55 777 82 78 65 39 139 145 92 44 110 52 51 76 37 31 217 5555 153 23 112 7731 285 4788
internal_value=-5.86819e-05 0.000250813 -0.000115523 -0.0173394 0.0170608 0.000425964 0.00999496 0.00658449 0.00186864 0.0079525 0.02298 -0.00793796 0.000578055 -0.0143733 -0.0287917 -0.00826331 -0.0249861 -0.00141905 0.0231404 0.0409592 -0.000641921 0.0194849 -0.0114669 -0.000108867 -0.0263602 0.04275 0.0327411 6.90211e-05 0.0014861 -0.00226829
internal_weight=4132.73 3982.01 3896.88 118.964 85.1222 3777.92 200.38 188.368 53.6793 48.7952 32.0229 98.8285 70.0711 38.3973 28.7574 150.722 43.483 107.239 30.9532 22.094 24.2533 15.8668 76.2856 3577.54 24.1696 31.443 26.8696 3553.37 2443.34 869.909
internal_count=21376 20528 20116 593 412 19523 990 935 249 225 147 443 312 173 131 848 222 626 179 128 112 75 447 18533 174 163 140 18359 12804 5073
is_linear=0
shrinkage=0.05


Tree=99
num_leaves=31
num_cat=0
split_feature=11 12 20 11 43 21 12 20 11 37 31 11 12 44 37 34 27 38 11 30 33 20 19 6 11 38 31 38 12 17
split_gain=4.07332 3.96038 9.84508 8.97831 4.72176 6.1461 4.69431 8.67858 10.6688 9.50278 7.73358 8.68468 10.4472 7.35388 7.52686 10.3516 7.31702 6.96591 6.82169 8.85226 10.7859 6.7857 10.622 6.62083 8.01931 8.91819 7.22117 7.62397 6.58166 7.75889
threshold=1550.0000000000002 4325.0000000000009 176.50000000000003 29925.000000000004 1.0000000180025095e-35 -51.499999999999993 27175.000000000004 261.50000000000006 24825.000000000004 0.36666666666667241 0.37171052631578955 25775.000000000004 28675.000000000004 1.0000000180025095e-35 0.50555555555555698 0.15476190476190479 -4.1666666666666652 0.49714285714285783 25575.000000000004 0.54195804195804198 0.39023809523809538 -110.49999999999999 -174.49999999999997 6.5000000000000009 24275.000000000004 0.38708333333333461 0.48529411764705888 0.62958333333333527 26325.000000000004 4.8333333333333348
decision_type=2 2 2 2 2 2 2 2 2 2 2 2 2 2 2 2 2 2 2 2 2 2 2 2 2 2 2 2 2 2
left_child=-1 2 3 -2 -4 -6 16 8 23 -10 13 18 21 14 15 -11 -3 -15 19 20 -12 -13 -23 24 26 -26 27 -8 -18 -30
right_child=1 6 4 -5 5 -7 7 -9 9 10 11 12 -14 17 -16 -17 28 -19 -20 -21 -22 22 -24 -25 25 -27 -28 -29 29 -31
leaf_value=-0.041093571981857049 0.0022935712591377385 -0.022395227782885406 0.036274152871253837 -0.071278960542339148 -0.069743115263077721 0.020442185541993424 -0.0093634386409330635 0.014505354143486538 -0.015854397640207036 -0.039906660883670557 -0.039328271521386099 0.024518335159875879 -0.036391301391532065 -0.071933771442445241 -0.0108901259879074 0.018104883246385841 -0.00020060130598159674 -0.012806616384765846 -0.06540914689567856 -0.057074287692032544 0.058582396102628512 -0.026080761933421188 0.013359164900636288 0.036276946437059261 0.086250811677079597 0.016940757936793494 0.013148548063413538 0.016371467692826731 -0.0068379058232984598 -0.057957130916442827
leaf_weight=5.9381883610039941 72.218701432459056 40.291288305073977 34.615897499956191 4.2950809355825177 2.4695305805653334 6.9784738412126881 122.68089308962226 134.73405040428042 119.8412156701088 8.7640264034271222 4.513810429722076 77.336587850004435 11.059374913573263 7.756789073348048 120.0376346334815 56.435741655528545 2688.1084669660777 14.516598254442213 6.4008508473634711 5.4206925332546225 6.997666709125042 21.701350331306458 77.977288268506527 19.486996050924063 5.786967076361182 23.835050415247679 113.60191882774234 37.407008774578571 272.3596210423857 7.566852241754531
leaf_count=305 731 321 553 53 32 132 659 668 522 36 20 340 50 33 530 244 13185 62 30 26 31 91 346 122 24 99 614 198 1273 46
internal_value=-5.67383e-05 2.11656e-06 0.00892769 -0.00185879 0.0277327 -0.00309045 -0.000265597 0.00270736 0.000855066 -0.0034451 9.5871e-05 0.00683665 0.0104263 -0.0067474 -0.00344493 0.0101813 -0.00125189 -0.0338508 -0.0218051 -0.0047407 0.0197516 0.0133984 0.00470493 0.00804648 0.00620491 0.0308941 0.00350418 -0.0033124 -0.000962443 -0.0082578
internal_weight=4131.13 4125.2 120.578 76.5138 44.0639 9.448 4004.62 996.293 861.558 538.76 418.918 211.408 188.075 207.511 185.237 65.1998 3008.33 22.2734 23.333 16.9322 11.5115 177.015 99.6786 322.799 303.312 29.622 273.69 160.088 2968.03 279.926
internal_count=21376 21071 1501 784 717 164 19570 4745 4077 2361 1839 934 827 905 810 280 14825 95 107 77 51 777 437 1716 1594 123 1471 857 14504 1319
is_linear=0
shrinkage=0.05


Tree=100
num_leaves=31
num_cat=0
split_feature=11 4 7 13 11 8 6 4 11 32 31 13 32 13 36 32 8 20 20 18 13 32 11 8 13 13 35 13 8 36
split_gain=5.65453 4.56619 4.18885 11.9213 9.65252 6.97567 6.13084 6.73287 5.33377 3.50737 3.11121 8.93448 8.68046 6.35246 11.4278 7.88025 9.91713 7.62981 10.1747 10.4688 7.32247 5.75192 5.55267 5.28034 8.04343 8.03724 7.0464 9.31405 6.27922 6.00362
threshold=1550.0000000000002 168.50000000000003 179.50000000000003 1625.0000000000002 23275.000000000004 0.4968343017431377 4.5000000000000009 140.50000000000003 10625.000000000002 0.87083333333334101 0.86607142857142871 20775.000000000004 0.97222222222222798 -13924.999999999998 0.62019230769230782 0.50000000000000455 0.23562458691341706 135.50000000000003 -302.49999999999994 -0.63333333333333319 -5924.9999999999991 0.77777777777778878 10775.000000000002 0.27320574162679429 1175.0000000000002 -9724.9999999999982 0.78888888888888908 3975.0000000000005 0.15707236842105265 0.59411764705882364
decision_type=2 2 2 2 2 2 2 2 2 2 2 2 2 2 2 2 2 2 2 2 2 2 2 2 2 2 2 2 2 2
left_child=-1 2 10 4 8 -5 -7 -8 9 -4 12 13 -2 14 17 23 20 18 -12 22 -17 -22 -20 24 28 -25 27 -26 -15 -27
right_child=1 -3 3 5 -6 6 7 -9 -10 -11 11 -13 -14 15 -16 16 -18 -19 19 -21 21 -23 -24 25 26 29 -28 -29 -30 -31
leaf_value=-0.049299091435993758 -0.00070354670371493267 0.049928235072172034 -0.066235376687815567 0.075033861478400021 -0.075576666277174867 -0.061509652104724803 -0.018295182810324509 0.071359567212422773 0.046874267438083539 0.0051296172039147631 0.09530393497368457 0.038891358422908189 -0.04051353824610307 -0.018061966416498512 -0.014756767868513241 -0.028473366676678682 0.0001665898758024003 0.12614127823212012 -0.05015713765074703 0.086566236639069774 0.035600058715510523 0.0020877131427476147 0.034095281752533291 0.070905322601051993 0.066437651794888072 -0.023146651997870919 -0.044644885665962697 -0.020453755938461979 -0.07445795015208341 0.0061283462979920484
leaf_weight=5.8273108890280119 3532.3322817152366 4.3965495638549319 3.4001781567931193 3.6377863194793454 10.554165504872797 3.1823216825723639 4.8440934158861619 3.4751650430262089 3.080270878970623 3.1270900331437588 4.7310169972479406 16.938303720206022 13.651793073862789 9.9859307408332842 11.404381010681389 6.6005568429827681 296.0731340367347 2.6529560126364222 5.4655502736568504 3.0147813409566835 46.020427517592907 18.19231329485774 2.860288679599762 3.3955378681421271 5.7199730873107928 31.073233917355537 6.1947073787450782 6.3633896261453629 10.438525855541227 39.485363543964922
leaf_count=312 18076 29 29 37 68 20 39 32 24 22 34 227 83 41 94 31 1366 25 43 23 188 77 15 17 23 128 25 26 44 166
internal_value=-0.000491031 -0.000419455 -0.000475772 -0.0176034 -0.0427612 0.0156329 -0.00320864 0.0189648 -0.00579024 -0.0317298 -0.000325654 0.0032581 -0.000859361 0.00205667 0.024292 0.000644458 0.00420623 0.0482927 0.0344325 0.00799036 0.0210016 0.0262013 -0.0205582 -0.0109042 -0.0258594 -0.0029858 -0.0014453 0.0204759 -0.0473508 -0.00670779
internal_weight=4118.12 4112.29 4107.9 35.3011 20.1617 15.1394 11.5016 8.31926 9.60754 6.52727 4072.59 526.61 3545.98 509.672 30.129 479.543 366.886 18.7246 16.0716 11.3406 70.8133 64.2127 8.32584 112.657 38.7025 73.9541 18.2781 12.0834 20.4245 70.5586
internal_count=21364 21052 21023 271 143 128 91 71 75 51 20752 2593 18159 2366 234 2132 1662 140 115 81 296 265 58 470 159 311 74 49 85 294
is_linear=0
shrinkage=0.05


Tree=101
num_leaves=31
num_cat=0
split_feature=4 7 13 8 6 5 13 18 21 17 5 42 31 17 38 22 13 35 8 37 0 13 34 19 29 16 4 8 20 44
split_gain=4.21684 3.83451 11.0684 6.55865 5.59671 6.06145 4.43969 3.16293 3.0582 13.761 7.98322 6.34791 6.65287 6.994 16.9512 8.68384 7.44202 8.56304 6.40888 6.49006 6.25827 6.42915 6.21481 8.51865 10.2733 7.3986 6.62893 6.14428 5.96932 7.4022
threshold=168.50000000000003 179.50000000000003 1625.0000000000002 0.4968343017431377 8.5000000000000018 83.500000000000014 125.00000000000001 -8.2999999999999989 -171.49999999999997 -2.4166666666666665 12.500000000000002 1.0000000180025095e-35 0.68333333333333346 -1.5833333333333333 0.44108946608946703 196.41666666666671 19375.000000000004 0.73863636363636376 0.4082236444873808 0.80000000000000382 0.71666666666666667 14675.000000000002 0.62019230769230782 -130.49999999999997 0.78888888888888908 -1.0000000180025095e-35 5.5000000000000009 0.33415435139573074 -202.49999999999997 1.0000000180025095e-35
decision_type=2 2 2 2 2 2 2 2 2 2 2 2 2 2 2 2 2 2 2 2 2 2 2 2 2 2 2 2 2 2
left_child=1 7 6 -4 -5 -6 -3 -1 -9 10 -10 18 13 14 -13 16 -15 -18 19 28 21 22 23 26 -25 -24 -14 -16 -11 -30
right_child=-2 2 3 4 5 -7 -8 8 9 11 -12 12 20 15 27 -17 17 -19 -20 -21 -22 -23 25 24 -26 -27 -28 -29 29 -31
leaf_value=-0.053094539815335996 0.048333201598489868 -0.025421190391588105 0.073849004375917918 -0.051824351339338673 -0.033980563222124893 0.056506658122728294 -0.078440646912924489 0.0023559825975569874 -0.0096534716721395197 -0.0072943542680111153 -0.037863822125401563 0.067555293216950738 0.014764705132601343 -0.012085699260342198 0.017067574241044211 0.0012247245904559452 -0.017202751176125502 -0.10312950161586903 -0.00070229149301850348 0.022015183318088619 0.046489425270223594 0.039054872598323756 -0.049303491913704547 -0.012018241506202107 0.043657718153859798 -0.0022594173102306364 0.092869540608501736 -0.027323521756491442 0.0034537448580375173 0.021493207154117989
leaf_weight=2.7446461021900168 4.3198384828865519 13.841858163475992 3.5160487014800301 3.8394834101200086 2.8671965636312962 4.6749566765502095 5.8231592066586009 834.86248253658414 107.65754844620824 103.15888484194875 32.991299972869456 10.302018479444085 6.9589434973895532 311.03508122824132 14.688570665195586 140.42195904627442 7.5928121842443925 4.8290116433054209 1835.7721555363387 52.164455410093069 8.6298909559845907 10.747339059598742 12.126238938421009 40.017344180494547 10.339657329022883 27.224355088546872 4.6187577620148659 16.252633402124047 416.58161574229598 66.012392754666507
leaf_count=28 29 106 37 28 20 43 37 4323 581 480 215 50 33 1409 75 744 66 42 9635 287 38 88 55 178 48 127 23 83 2113 343
internal_value=-0.000466866 -0.000520519 -0.0170836 0.015127 -0.00306327 0.0214586 -0.0416916 -0.000378489 -0.000340454 -0.00103682 -0.0163284 -0.000340801 -0.00484036 -0.00736417 0.0122948 -0.00912509 -0.0136327 -0.0515631 0.000795608 0.00511347 0.0056809 0.00245416 -0.0014149 0.00839988 -0.000423496 -0.0169714 0.0468801 -0.00610178 0.00359625 0.0059356
internal_weight=4116.61 4112.29 34.5627 14.8977 11.3816 7.54215 19.665 4077.73 4074.99 3240.12 140.649 3099.47 625.785 505.122 41.2432 463.879 323.457 12.4218 2473.69 637.917 120.663 112.033 101.285 61.9347 50.357 39.3506 11.5777 30.9412 585.753 482.594
internal_count=21364 21335 271 128 91 63 143 21064 21036 16713 796 15917 3059 2469 208 2261 1517 108 12858 3223 590 552 464 282 226 182 56 158 2936 2456
is_linear=0
shrinkage=0.05


Tree=102
num_leaves=31
num_cat=0
split_feature=11 4 7 13 11 8 6 4 11 33 13 5 4 10 10 10 10 7 10 14 5 13 21 7 38 6 29 10 4 28
split_gain=5.38347 3.87044 3.54304 10.1444 9.12542 6.17425 5.10757 6.08216 4.86089 3.89799 2.7946 5.74051 12.5517 10.3428 9.38597 18.8348 12.6215 8.21292 6.67914 5.92186 5.08841 9.53172 11.3091 6.4956 5.21683 5.02916 5.02468 4.996 5.11619 4.62925
threshold=1550.0000000000002 168.50000000000003 179.50000000000003 1625.0000000000002 23275.000000000004 0.4968343017431377 4.5000000000000009 140.50000000000003 10625.000000000002 0.82000000000000028 6275.0000000000009 57.500000000000007 30.500000000000004 -3.4999999999999996 -2.4999999999999996 -1.4999999999999998 -3.4999999999999996 43.500000000000007 7.5000000000000009 -2.4999999999999996 65.500000000000014 175.00000000000003 -117.49999999999999 101.50000000000001 0.71380952380952489 8.5000000000000018 0.29285714285714287 -2.4999999999999996 35.500000000000007 1.7083333333333337
decision_type=2 2 2 2 2 2 2 2 2 2 2 2 2 2 2 2 2 2 2 2 2 2 2 2 2 2 2 2 2 2
left_child=-1 2 10 4 8 -5 -7 -8 9 -4 20 12 14 -14 16 19 -12 -17 26 -16 29 22 -22 -24 -25 -13 -19 -15 -29 -2
right_child=1 -3 3 5 -6 6 7 -9 -10 -11 11 25 13 27 15 17 -18 18 -20 -21 21 -23 23 24 -26 -27 -28 28 -30 -31
leaf_value=-0.049172937192635782 -0.00023860429353821496 0.046776074011126982 -0.066209641600115401 0.07269252544699728 -0.073143267829550648 -0.056002328892375101 -0.016893120668826863 0.069764103346093093 0.046194675444108164 0.010153180930935243 0.017534072189681043 -0.0089111890737008925 0.10529043535852162 -0.031110469243597956 -0.014379804285667522 0.0005815343693304978 -0.063946524668542934 -0.063257120553309079 -0.11106257547252936 0.039043077558388761 0.058685723055017729 0.048700914223133142 0.039067452948097103 -0.065073359837886632 0.01265707778212647 -0.067631109109737159 -0.0023951097428433314 0.046050668968929002 0.013651655116619785 -0.0050071416988272388
leaf_weight=5.5617081560194483 2361.2219226229936 4.2457042895257464 3.3216284364461917 3.3979837708175173 10.017817676067351 3.1830272376537314 4.8720373334363085 3.2607074063271284 3.0558169856667519 3.0329015590250492 7.481605477631093 13.427018629387023 3.4095112159848204 4.860948644578456 5.7342751994729033 839.14289222378284 12.400768049061298 4.8168262066319647 2.3146609943360081 41.100649937987328 4.9678361974656591 14.492507584393023 2.6967808455228814 8.3640644252300245 2.7239984013140193 5.0663792854174963 11.560741043649612 15.515480454079805 60.545830998569727 649.61451798118651
leaf_count=312 11334 29 29 37 68 20 39 32 24 22 36 102 17 32 33 4687 69 40 25 215 35 94 17 58 21 36 110 148 528 3115
internal_value=-0.000443725 -0.000375371 -0.000426487 -0.0164454 -0.0401474 0.0145732 -0.00292522 0.0176689 -0.00409595 -0.0293958 -0.000290529 0.0019625 0.00247415 0.0209305 0.000783189 0.00153699 -0.0331014 -0.00014463 -0.0328397 0.032379 -0.00105261 0.0183625 -0.00495255 -0.0285043 -0.045588 -0.025544 -0.020874 0.0171889 0.0203781 -0.00126925
internal_weight=4115.41 4109.85 4105.6 34.1419 19.4282 14.7138 11.3158 8.13274 9.41035 6.35453 4071.46 1027.38 1008.88 84.3318 924.552 904.67 19.8824 857.835 18.6922 46.8349 3044.08 33.2452 18.7527 13.7848 11.0881 18.4934 16.3776 80.9223 76.0613 3010.84
internal_count=21364 21052 21023 271 143 128 91 71 75 51 20752 6078 5940 725 5215 5110 105 4862 175 248 14674 225 131 96 79 138 150 708 676 14449
is_linear=0
shrinkage=0.05


Tree=103
num_leaves=31
num_cat=0
split_feature=11 4 7 13 11 8 8 4 11 32 12 13 38 28 12 32 22 11 13 20 4 37 20 4 36 31 21 37 36 23
split_gain=5.1157 3.56216 3.26933 9.42051 8.58229 5.80688 4.63923 5.72597 4.48228 3.24354 2.80535 7.89295 6.80158 6.68805 9.99164 8.93599 7.12319 6.68988 6.49594 6.47074 9.50044 9.43877 8.66276 6.87262 6.18641 7.35463 7.84774 10.5975 9.40639 9.3638
threshold=1550.0000000000002 168.50000000000003 179.50000000000003 1625.0000000000002 23275.000000000004 0.4968343017431377 0.50833564879133097 140.50000000000003 10625.000000000002 0.87083333333334101 27075.000000000004 5375.0000000000009 0.3750000000000005 3.6333333333333337 22675.000000000004 0.45555555555555866 290.16666666666669 29425.000000000004 -374.99999999999994 -104.49999999999999 37.500000000000007 0.30000000000000099 -63.499999999999993 1.0000000180025095e-35 0.41428571428571431 0.43650793650793657 -21.499999999999996 0.36363636363636598 0.54195804195804198 -13.899999999999999
decision_type=2 2 2 2 2 2 2 2 2 2 2 2 2 2 2 2 2 2 2 2 2 2 2 2 2 2 2 2 2 2
left_child=-1 2 10 4 8 -5 -7 -8 9 -4 12 24 13 -2 15 16 -15 -16 19 21 22 -14 23 -21 -12 26 28 -28 -26 -30
right_child=1 -3 3 5 -6 6 7 -9 -10 -11 11 -13 18 14 17 -17 -18 -19 -20 20 -22 -23 -24 -25 25 -27 27 -29 29 -31
leaf_value=-0.049043090911683795 0.0056146356265632507 0.045254674280385911 -0.064020329300679038 0.071563742104586298 -0.071738088191236046 -0.053306949987466691 -0.01604231624686266 0.068938798132170936 0.044710922486066673 0.0060978822162882865 -0.0023330997347124354 -0.050107120269577081 0.05998820111417813 -0.018069142055906203 -0.063068732934959501 -0.024569849488104017 0.055333246089715266 -0.010935111874818859 -0.00074560609701868508 0.069100923418657298 -0.036179489492517418 -0.015418008144376284 -0.0039005796306393089 0.011633905940316129 0.017132217899706381 0.012006849095352675 -0.04758545432224117 0.012046425759549567 -0.017493493287169089 0.010632873048899103
leaf_weight=5.304375701583921 515.51425852160901 4.1742273643612853 3.1044146642088908 3.2834935830906025 9.7130800038576108 3.1818561628460875 4.8790248334407789 3.1390424221754074 3.0040258914232254 3.1264262348413467 422.24682062491775 7.1217220686376086 4.1142777204513541 4.5742765665054348 11.825637228786947 11.764532266184686 10.718893478624521 13.394730001688002 1868.6565381586552 6.0193032585084429 20.180235583335161 203.72994701191783 315.44439156726003 38.072016131132841 36.612578988075256 255.53017180040479 7.7051379084587088 153.25389837473631 124.96409749984741 38.453478783369064
leaf_count=312 2567 29 29 37 68 20 39 32 24 22 1970 31 23 25 61 82 88 68 9512 42 139 1329 1647 205 183 1226 36 745 602 171
internal_value=-0.000421935 -0.000356737 -0.000405457 -0.0159567 -0.0391465 0.0140989 -0.00278985 0.0170509 -0.00393037 -0.028507 -0.000276096 0.00195425 -0.00104918 0.00387919 -0.0131167 0.0078311 0.0330786 -0.0357302 -0.0021906 -0.00677677 -0.00287664 -0.0138732 -0.000983959 0.019731 0.00232079 0.00551615 0.000905731 0.00913302 -0.00569083 -0.0108421
internal_weight=4112.81 4107.5 4103.33 33.4314 18.9479 14.4834 11.1999 8.01807 9.23487 6.23084 4069.9 1045.89 3024.01 567.792 52.2781 27.0577 15.2932 25.2204 2456.22 587.56 379.716 207.844 359.536 44.0913 1038.77 616.519 360.989 160.959 200.03 163.418
internal_count=21364 21052 21023 271 143 128 91 71 75 51 20752 4964 15788 2891 324 195 113 129 12897 3385 2033 1352 1894 247 4933 2963 1737 781 956 773
is_linear=0
shrinkage=0.05


Tree=104
num_leaves=31
num_cat=0
split_feature=11 4 7 13 11 11 13 11 11 31 13 32 13 38 32 8 34 13 8 32 32 38 8 34 23 22 8 30 12 27
split_gain=4.86101 3.29281 3.5343 6.2364 7.33423 7.29048 4.38161 4.24662 4.79566 2.63131 8.25633 7.90827 5.69415 7.81776 7.03596 8.89091 6.82047 6.54837 5.32424 5.82033 5.43745 5.42706 4.99079 5.22985 7.19138 5.54136 5.22578 4.93848 4.85633 6.44831
threshold=1550.0000000000002 164.50000000000003 179.50000000000003 1625.0000000000002 23275.000000000004 30975.000000000004 -8574.9999999999982 29125.000000000004 28375.000000000004 0.86607142857142871 20775.000000000004 0.97222222222222798 -13924.999999999998 0.36000000000000093 0.50000000000000455 0.23562458691341706 0.48333333333333339 -5924.9999999999991 0.20135135135135138 0.77777777777778878 0.97222222222222798 0.39857142857142958 0.26365441906653431 0.70714285714285718 209.67500000000004 193.83333333333334 0.69791415189995665 0.48529411764705888 28075.000000000004 -0.41666666666666657
decision_type=2 2 2 2 2 2 2 2 2 2 2 2 2 2 2 2 2 2 2 2 2 2 2 2 2 2 2 2 2 2
left_child=-1 2 9 4 6 7 -4 8 -5 11 12 -2 13 -11 28 17 -15 -16 19 21 -21 -19 -17 -24 25 26 -25 -27 29 -14
right_child=1 -3 3 5 -6 -7 -8 -9 -10 10 -12 -13 14 16 15 22 -18 18 -20 20 -22 -23 23 24 -26 27 -28 -29 -30 -31
leaf_value=-0.048911697379597809 -0.00060590328453929542 0.037886003392279072 -0.046397530023331003 0.038329548735522211 -0.068002731007719031 -0.069027068562134586 0.023688280021667989 0.063515450312087871 -0.046585935862265004 0.086871552278495953 0.037835107631648712 -0.038852478523600381 -0.022292999452194508 -0.023447035771501489 -0.027222481023272196 -0.02603896148322616 0.030294456840182834 -0.013454458438429955 0.075981492622039182 -0.027454711070656695 0.030103905430210055 0.037472702276045593 0.0067639180703169422 -0.010909245896806743 0.036255872574835139 -0.078793407184230349 0.031990618463657854 -0.016136773084665781 0.033811950492601953 0.0029967139392008506
leaf_weight=5.0591561123728743 3528.9820161340758 5.5234301947057238 3.5967358611524123 3.6205066442489606 8.9821764230728132 2.3464604616165152 5.4711251147091424 4.4042798578739166 2.9057197589427233 4.0480079427361515 16.423977573402226 13.47282278165221 66.962310522794724 8.6276615671813506 6.5252512544393531 17.087877005338669 17.787806794047356 5.8855643421411505 4.6782444585114709 10.109665840864183 6.7257903367280951 36.780012018978596 181.07789891213179 67.808630868792534 8.3952775802463275 5.2666724622249594 7.78672020882368 8.4070219993591291 5.743492364883422 39.837042951025069
leaf_count=312 18076 40 34 43 64 15 41 41 22 29 227 83 277 70 31 71 135 24 22 41 28 150 825 326 48 22 34 40 24 169
internal_value=-0.000401574 -0.000339385 -0.000393026 -0.0170987 -0.0362072 0.00858195 -0.0037685 0.0261704 0 -0.000262746 0.00303505 -0.000753868 0.00189633 0.0228249 0.000550609 0.00391834 0.0125309 0.0198341 0.0247311 0.020497 -0.00412274 0.0303155 9.21046e-05 0.00172073 -0.00757599 -0.01179 -0.00638785 -0.04103 -0.0103669 -0.012819
internal_weight=4110.33 4105.27 4099.75 31.327 18.05 13.277 9.06786 10.9305 6.52623 4068.42 525.965 3542.45 509.541 30.4635 479.077 366.535 26.4155 70.7045 64.1793 59.501 16.8355 42.6656 295.83 278.742 97.6643 89.269 75.5954 13.6737 112.543 106.799
internal_count=21364 21052 21012 260 139 121 75 106 65 20752 2593 18159 2366 234 2132 1662 205 296 265 243 69 174 1366 1295 470 422 360 62 470 446
is_linear=0
shrinkage=0.05


Tree=105
num_leaves=31
num_cat=0
split_feature=13 35 35 2 32 45 11 11 11 35 11 12 42 5 23 6 5 34 6 22 6 8 0 38 27 23 12 34 35 25
split_gain=5.89286 11.203 10.4355 10.2671 8.6713 6.94355 6.12444 11.2569 8.5641 7.02204 5.98045 9.19304 6.52057 6.4041 6.40323 5.97594 6.43784 5.8613 5.73152 5.66599 6.50099 6.37353 11.061 8.5758 7.33789 7.0814 8.28808 6.62749 6.52615 10.2915
threshold=975.00000000000011 0.39444444444444454 0.43303571428571436 1.0000000180025095e-35 0.66666666666666963 1.0000000180025095e-35 24925.000000000004 24475.000000000004 27975.000000000004 0.26136363636363641 29225.000000000004 27975.000000000004 1.0000000180025095e-35 35.500000000000007 -305.69999999999999 6.5000000000000009 11.500000000000002 0.39444444444444454 -51.499999999999993 -276.83333333333331 -15.499999999999998 0.3163105784262637 0.55000000000000016 0.36666666666666853 3.5833333333333335 -1.0000000180025095e-35 22725.000000000004 0.78888888888888908 0.23611111111111113 -1.0000000180025095e-35
decision_type=2 2 2 2 2 2 2 2 2 2 2 2 2 2 2 2 2 2 2 2 2 2 2 2 2 2 2 2 2 2
left_child=1 5 3 4 15 6 7 19 -8 -10 11 -4 13 14 -13 16 -3 -9 -2 -1 -21 22 25 27 -25 28 -27 -23 -22 -30
right_child=18 2 10 -5 -6 -7 8 17 9 -11 -12 12 -14 -15 -16 -17 -18 -19 -20 20 21 23 -24 24 -26 26 -28 -29 29 -31
leaf_value=-0.040898887676331319 0.054783913156842917 0.014661562653745026 -0.0026692853581304671 -0.00089234093585017831 0.065629564560849826 0.032436235577778333 -0.024982995995272643 -0.0072193102826136517 0.022357353625225417 -0.045305977948051357 -0.050065420702499301 0.11249691287832567 -0.014930352602757352 -0.015570683372826875 0.021349668827522802 -0.039204698679714212 0.055963673590566601 0.058759053583093114 0.0016349739226886738 0.047312420456936545 -0.026300186961117463 -0.0036543536283083706 0.05417811258953497 -0.020688829018518477 0.03675049800302705 0.069593187899588502 -0.012562574148326953 0.040416307474278559 0.054764840331974346 -0.020166527880590764
leaf_weight=12.474917499348519 4.9894918277859679 62.246846273541451 948.09745676256716 80.567365810275078 10.821580666117368 9.9379595750942809 104.24249431118369 4.873187154531478 18.600586578249935 4.6966636031866065 6.1824415847659102 1.9160182029008854 17.236821070313454 11.681015148758886 73.65099055506289 4.2049713172018519 11.225301828235386 9.8222273588180524 2413.1161511465907 5.3774495813995591 28.47378305438906 74.530749627389014 9.9901424255222064 146.86140254698694 5.6294715646654359 6.4870518594980222 5.537898775190115 9.5230330638587457 7.8736356645822552 10.572576243430374
leaf_count=111 35 317 5238 420 57 52 452 24 79 21 28 11 81 80 341 28 62 40 12289 36 150 393 51 773 36 28 29 49 42 57
internal_value=0.000161076 -0.00209018 0.00042955 0.0119642 0.0237127 -0.00860576 -0.00949935 -0.00595198 -0.01885 0.00836757 -0.00140856 -0.00111329 0.0129471 0.0185226 0.0238724 0.0177319 0.0211073 0.0366409 0.00174897 -0.00791401 -0.0065615 -0.00754139 0.0057826 -0.0114463 -0.0185129 -0.00241278 0.0315537 0.00132139 -0.0112729 0.0116706
internal_weight=4121.44 1703.34 1227.83 169.066 88.4987 475.505 465.567 338.028 127.54 23.2973 1058.76 1052.58 104.485 87.248 75.567 77.6771 73.4721 14.6954 2418.11 323.332 310.857 305.48 68.9351 236.545 152.491 58.9449 12.025 84.0538 46.92 18.4462
internal_count=21410 9086 6663 884 464 2423 2371 1819 552 100 5779 5751 513 432 352 407 379 64 12324 1755 1644 1608 357 1251 809 306 57 442 249 99
is_linear=0
shrinkage=0.05


Tree=106
num_leaves=31
num_cat=0
split_feature=34 32 18 8 19 46 37 35 8 33 23 15 18 12 32 17 20 15 20 7 38 37 34 46 24 0 38 33 30 40
split_gain=4.50973 8.29711 6.63066 9.47157 6.92167 6.56705 6.16749 6.15263 10.1982 7.77773 6.07824 7.38779 6.07824 6.66031 7.28838 7.19979 6.62945 7.51939 6.06965 6.04315 5.82876 12.7893 11.4341 9.73337 9.14869 8.28807 8.11081 7.57048 7.55136 10.1088
threshold=0.64642857142857157 1.0000000180025095e-35 -1.0999999999999999 0.32268272764393635 66.500000000000014 1.0000000180025095e-35 0.85714285714285776 0.41428571428571431 0.21498599439775914 0.33964285714285747 104.77500000000002 3.5000000000000004 -2.8999999999999995 26025.000000000004 0.33333333333333348 -2.8333333333333326 -232.49999999999997 -4.4999999999999991 -224.49999999999997 5.5000000000000009 0.60500000000000076 0.79898989898990147 0.32051282051282054 1.0000000180025095e-35 3.5000000000000004 0.51666666666666672 0.62679487179487325 0.36684981684981716 0.11805555555555557 1.0000000180025095e-35
decision_type=2 2 2 2 2 2 2 2 2 2 2 2 2 2 2 2 2 2 2 2 2 2 2 2 2 2 2 2 2 2
left_child=20 19 4 -4 12 -5 -7 8 -6 -9 -8 -12 13 14 -3 -16 17 -15 -10 -2 21 25 23 -22 26 -1 27 -24 29 -27
right_child=1 2 3 5 7 6 10 9 18 -11 11 -13 -14 16 15 -17 -18 -19 -20 -21 22 -23 24 -25 -26 28 -28 -29 -30 -31
leaf_value=-0.0017363973470535478 0.08234510302149245 0.038942005533217111 0.012301378825824369 -0.003640887207831435 -0.090411387367601043 0.016485208904750852 -0.07232359601335743 -0.016777948408093418 0.033742799692832184 0.037205164017786382 0.033016900922712651 -0.048708741024518228 -0.017686764647955606 0.01963658527444824 -0.042771712518879124 0.039099707401960511 -0.0055385178734182186 0.11171939283512596 -0.029869535060660469 0.015059616559102464 -0.015296843489498186 -0.053233958695450584 0 0.043171818569496645 0.0452960949252314 0.017697619501594552 0.0046631362501811744 0.034272875906428538 0.0020452792455715736 -0.024319481922167371
leaf_weight=1377.7940178187564 3.8316068276762989 4.9298310987651375 120.55248920992017 990.29290441982448 3.5607322081923511 74.029004491865635 3.7861611936241379 9.4059409368783253 7.5997554957866678 21.661085458472371 6.7786115258932096 4.5241559119895101 174.4400964025408 6.3411226840689778 15.426443649455909 3.1023242846131298 8.6725199744105321 3.5093922056257743 7.1857504323124859 25.238132273778319 78.511918973177671 10.997555980458854 23.954587331041694 7.6948332088068119 17.623962975107133 158.58857854921371 292.76252761110663 50.027554955333471 591.17061770707369 15.552191873081027
leaf_count=7112 20 30 583 5252 15 374 21 47 40 110 35 24 912 42 121 17 43 20 34 123 393 54 122 40 139 754 1532 263 3065 73
internal_value=0.000153061 -0.00203758 -0.00256597 -0.000978175 -0.0097113 -0.00246692 0.0105118 0.00709612 -0.0156554 0.0206993 -0.018381 0 -0.0135734 0.00340108 -0.0141354 -0.028659 0.0258354 0.053738 0.00249836 0.0243516 0.00140266 0.000298826 0.00644381 -0.00997601 0.0101411 0.000578339 0.00842621 0.0232236 0.00475179 0.0139046
internal_weight=4119.55 1494.87 1465.8 1199.96 265.835 1079.41 89.1179 49.4133 18.3462 31.067 15.0889 11.3028 216.422 41.9816 23.4586 18.5288 18.523 9.85051 14.7855 29.0697 2624.68 2154.1 470.575 86.2068 384.369 2143.11 366.745 73.9821 765.311 174.141
internal_count=21410 7863 7720 6289 1431 5706 454 246 89 157 80 59 1185 273 168 138 105 62 74 143 13547 11058 2489 433 2056 11004 1917 385 3892 827
is_linear=0
shrinkage=0.05


Tree=107
num_leaves=31
num_cat=0
split_feature=13 6 12 30 21 38 41 12 36 5 38 29 13 13 32 11 32 44 21 32 23 38 38 12 23 38 6 23 28 15
split_gain=5.23648 8.73187 6.57655 9.25641 6.97886 8.21613 8.02636 6.44749 6.86885 8.1003 6.70558 6.00209 8.97045 10.5144 5.77098 5.65204 5.64396 6.58552 5.90596 6.31173 5.51716 5.27905 7.21022 8.90834 9.13961 5.88558 5.23264 5.41514 7.59136 7.07529
threshold=975.00000000000011 -51.499999999999993 27125.000000000004 0.73863636363636376 61.500000000000007 0.413333333333334 1.0000000180025095e-35 25375.000000000004 0.44097222222222227 16.500000000000004 0.133333333333335 0.59166666666666679 -16574.999999999996 -13924.999999999998 0.33333333333334458 13525.000000000002 0.57777777777778327 1.0000000180025095e-35 210.50000000000003 0.77777777777778878 -118.69999999999997 0.6580555555555565 0.55052447552447703 27975.000000000004 -108.49999999999999 0.59940476190476366 -51.499999999999993 108.50000000000001 1.2250000000000003 1.5000000000000002
decision_type=2 2 2 2 2 2 2 2 2 2 2 2 2 2 2 2 2 2 2 2 2 2 2 2 2 2 2 2 2 2
left_child=1 -1 7 16 6 -6 14 10 9 11 -3 12 -9 -14 -5 -15 -4 18 19 21 -13 22 23 -18 -25 -24 -2 29 -29 -28
right_child=26 2 3 4 5 -7 -8 8 -10 -11 -12 20 13 15 -16 -17 17 -19 -20 -21 -22 -23 25 24 -26 -27 27 28 -30 -31
leaf_value=-0.071442560975409228 0.052668830260280422 0.036447949638733664 0.0026617151912880404 0.033811423418100291 -0.03635954032798204 0.030737004357920955 -0.04316116061214291 -0.055930183674478218 -0.016311754639965474 -0.035953143925815216 -0.002477658392193586 0.093029180820070959 0.071465325854121756 -0.068576463313853572 -0.013840774637261136 0.0024877607978829137 0.047923258706127299 0.059659691531314611 -0.035258589411700167 -0.032383738195040791 0.01846774114948236 0.061759519138717724 -0.051202392888627359 0.035965261612600045 -0.061036054781886652 0.01980051198700843 0.0014330835558127725 -0.01536045612383866 0.00021538018347080288 0.0097861965928768193
leaf_weight=4.4157127998769274 4.9198470525443545 11.127519886940716 518.02715927362442 6.9808710254728785 6.0512721166014698 17.193330097012222 22.873682245612144 6.556043396703898 188.12654899340123 13.203614119440315 705.83624189253896 3.0002015531063106 5.3497633188962928 2.8637991547584525 58.607428334653378 48.980773068964481 19.914805497974161 8.2875318154692632 5.7906513251364222 5.5615587607026091 14.471772277727721 7.4750474728643885 6.0467611327767354 4.9124387241899967 4.5725346505641919 5.3536353781819344 884.4911263724789 84.149660396389663 1087.0262365853414 356.36028378549963
leaf_count=32 35 51 2592 32 30 91 118 73 1030 95 3979 17 30 17 284 207 102 39 31 25 74 38 30 22 20 27 4180 423 5864 1822
internal_value=0.000145675 -0.00197777 -0.00178989 0.00193047 -0.0112411 0.0129746 -0.017668 -0.00439158 -0.0107908 0.000161436 -0.00186155 0.00613075 -0.000923256 0.0053814 -0.00864906 -0.0014659 0.00445157 0.0180064 0.0120431 0.0172795 0.0320122 0.0231594 0.0158315 0.028958 -0.0104246 -0.0175424 0.00164271 0.00153438 -0.0009007 0.00383664
internal_weight=4118.53 1701.58 1697.16 697.649 111.707 23.2446 88.462 999.516 282.553 94.426 716.964 81.2224 63.7504 57.1943 65.5883 51.8446 585.942 67.915 59.6274 53.8368 17.472 48.2752 40.8002 29.3998 9.48497 11.4004 2416.95 2412.03 1171.18 1240.85
internal_count=21410 9086 9054 3481 555 121 434 5573 1543 513 4030 418 327 254 316 224 2926 334 295 264 91 239 201 144 42 57 12324 12289 6287 6002
is_linear=0
shrinkage=0.05


Tree=108
num_leaves=31
num_cat=0
split_feature=13 35 35 0 6 15 45 12 5 26 21 28 23 34 36 4 8 0 12 21 5 10 0 34 18 10 8 4 34 31
split_gain=4.73387 10.2979 9.28951 8.74202 7.46008 6.85188 6.22789 6.22719 5.56796 5.44835 5.15058 6.40589 6.78765 5.94632 4.96219 9.95597 9.93504 7.15667 7.02258 6.85629 6.3841 9.12615 9.28313 8.58836 6.36433 6.29174 7.76585 5.79527 6.59138 6.19408
threshold=975.00000000000011 0.39444444444444454 0.43303571428571436 0.48333333333333339 4.5000000000000009 -1.4999999999999998 1.0000000180025095e-35 27775.000000000004 6.5000000000000009 2.5000000000000004 -214.49999999999997 -1.5499999999999998 -100.89999999999999 0.39444444444444454 0.55050505050505061 1.5000000000000002 0.12660256410256412 0.95000000000000007 26125.000000000004 -49.499999999999993 8.5000000000000018 2.5000000000000004 0.41666666666666674 0.9545454545454547 2.4500000000000006 5.5000000000000009 0.3642999336429994 35.500000000000007 0.62019230769230782 0.97058823529411775
decision_type=2 2 2 2 2 2 2 2 2 2 2 2 2 2 2 2 2 2 2 2 2 2 2 2 2 2 2 2 2 2
left_child=1 6 3 4 5 7 -1 10 -5 -10 -3 13 -13 -12 17 16 18 -4 -16 -18 23 22 -22 24 -17 26 -23 29 -29 -24
right_child=-2 2 14 8 -6 -7 -8 -9 9 -11 11 12 -14 -15 15 20 19 -19 -20 -21 21 25 27 -25 -26 -27 -28 28 -30 -31
leaf_value=-0.0089921841884006617 0.0015613878554165267 0.03136735841570186 0.0016938835185778896 -0.06109912876666878 -0.029937561154351949 0.044203545225032628 0.030629752319701477 0.041985190715440018 -0.005604904317035482 0.044693278275910117 0.014062933491129876 0.065980796384474086 0.0010024622278100312 -0.050114675656473075 -0.036901737161054181 0.010548988664079472 -0.063209641167138883 0.062982411325924303 0.0096360037446841986 -0.0087210188689714769 -0.028753233098643055 -0.018531934733428557 0.0046049799082901769 -0.021048885909570346 -0.031688567047919072 -0.0068391367996170939 0.054638887229470738 -0.047501435338792933 -0.0031572751132282113 -0.021954270405538476
leaf_weight=463.99104066099972 2416.3487808713689 16.145427171140909 515.30563226342201 3.905799137428402 6.939844934269785 28.040711390785873 9.9844787931069714 16.749298132956028 48.343059398233891 5.9571176301687947 5.392047479748725 4.8184941895306102 22.916787243448201 10.026998004876075 12.038066409528254 173.77918800152838 18.469414459541444 4.713848538696765 24.076101373881102 8.7597858626395446 55.245504046790302 4.692690938711169 111.5292903855443 28.530244841240346 9.2529387250542623 15.207826219499109 14.097247567027805 15.567299989983438 18.611807929351926 27.213429550640285
leaf_count=2371 12324 84 2761 22 47 149 52 76 251 35 24 23 118 55 70 863 89 21 108 60 349 24 638 141 43 102 95 135 132 148
internal_value=0.000137988 -0.00188188 0.000533545 0.0114089 0.0196391 0.023018 -0.0081407 0.015093 -0.00421153 0 0.00735523 -0.00156464 0.0126674 -0.0274035 -0.00120373 -0.00457731 -0.0231858 0.00227106 -0.00579759 -0.0459594 -0.00207419 -0.00729431 -0.0109094 0.00437127 0.00837029 0.0167815 0.0360988 -0.00516636 -0.0235799 -0.000580483
internal_weight=4116.65 1700.3 1226.33 169.236 111.03 104.09 473.976 76.0491 58.206 54.3002 59.2998 43.1543 27.7353 15.419 1057.09 537.071 63.3434 520.019 36.1142 27.2292 473.727 262.165 228.167 211.562 183.032 33.9978 18.7899 172.922 34.1791 138.743
internal_count=21410 9086 6663 884 576 529 2423 380 308 286 304 220 141 79 5779 2997 327 2782 178 149 2670 1623 1402 1047 906 221 119 1053 267 786
is_linear=0
shrinkage=0.05


Tree=109
num_leaves=31
num_cat=0
split_feature=13 35 35 0 6 15 22 38 16 37 32 19 12 37 37 19 33 29 5 38 28 11 12 19 42 5 6 18 18 22
split_gain=4.27894 9.30452 8.38347 7.86933 6.73312 6.12726 6.47223 8.44763 8.9969 7.43529 7.26287 7.13194 6.28971 5.67945 10.8028 7.12144 5.54934 7.61685 7.22395 6.7004 5.88885 5.54042 7.82592 5.94786 5.8537 5.61347 5.70083 5.42414 6.46955 6.60633
threshold=975.00000000000011 0.39444444444444454 0.43303571428571436 0.48333333333333339 4.5000000000000009 -1.4999999999999998 -176.49999999999997 0.45000000000000195 -1.0000000180025095e-35 0.44444444444445308 0.66666666666667362 -130.49999999999997 26125.000000000004 0.55555555555556468 0.54545454545455063 -282.49999999999994 0.47333333333333344 0.42261904761904767 9.5000000000000018 0.62514705882353139 -1.8999999999999997 29225.000000000004 27975.000000000004 -193.49999999999997 1.0000000180025095e-35 35.500000000000007 6.5000000000000009 -2.8999999999999995 -1.8999999999999997 -176.49999999999997
decision_type=2 2 2 2 2 2 2 2 2 2 2 2 2 2 2 2 2 2 2 2 2 2 2 2 2 2 2 2 2 2
left_child=1 13 3 4 5 6 10 9 -9 11 12 -8 -3 14 16 -15 20 18 -18 -19 -1 22 23 -4 25 26 27 -24 -29 -30
right_child=-2 2 21 -5 -6 -7 7 8 -10 -11 -12 -13 -14 15 -16 -17 17 19 -20 -21 -22 -23 24 -25 -26 -27 -28 28 29 -31
leaf_value=-0.020607918785873737 0.0014836527386136375 -0.0084043096385132948 -0.0088388414547474099 -0.0040144020925819033 -0.028516080632487447 0.041806144304131265 0 -0.039520518606612161 0.018875472947835426 -0.022622760994571944 0.088723187085106472 0.082212382322766273 0.039186865544413994 0.031391460469646644 0.054853365842694624 -0.02952937753638776 -0.044790876971071439 -0.0044441748964619632 -0.00078476199211088946 -0.06701010200782069 0.00063635908972343232 -0.048190098750608756 0.057791347506073926 9.5544559917006401e-05 -0.014345980372396833 -0.014690265845674727 0.075632136070273817 -0.014721186971574205 0.065722495517346213 0.014443572521354956
leaf_weight=38.003458919003606 2415.8234346704558 10.965570163913073 254.40113084204495 58.074974949471653 6.9268184285610905 28.168568097054958 4.0555742383003226 15.983323820866643 10.970433108508589 4.5082887914031735 4.6062409533187738 7.1013762280344954 18.012652903795242 5.1819027094170442 7.0987675795331588 46.95401778165251 31.555192708037794 102.41221067588776 13.556879851035772 4.3867734074592581 224.05473566055298 6.1259427592158309 7.8623123317956916 690.94050010386854 17.193659953773022 11.581035230308769 4.6778181549161664 15.02864922210574 7.4690551348030487 40.753589247353382
leaf_count=222 12324 60 1558 308 47 149 21 72 58 25 25 32 87 31 37 225 153 548 80 23 1104 28 38 3680 81 80 24 65 35 190
internal_value=0.00013048 -0.00179108 0.000504834 0.0108308 0.0186185 0.0218188 0.0143199 0.00124827 -0.0155861 0.0304459 0.0307065 0.0523444 0.0210391 -0.00774599 -0.00579943 -0.0233301 -0.00686458 -0.0144715 -0.0317079 -0.00712113 -0.00243208 -0.00114745 -0.000863646 -0.00230418 0.0121017 0.0173738 0.022352 0.0186758 0.0136511 0.022609
internal_weight=4114.43 1698.61 1225.41 169.374 111.299 104.372 76.2035 42.619 26.9538 15.6652 33.5845 11.157 28.9782 473.204 421.068 52.1359 413.969 151.911 45.1121 106.799 262.058 1056.03 1049.91 945.342 104.566 87.3725 75.7914 71.1136 63.2513 48.2226
internal_count=21410 9086 6663 884 576 529 380 208 130 78 172 53 147 2423 2167 256 2130 804 233 571 1326 5779 5751 5238 513 432 352 328 290 225
is_linear=0
shrinkage=0.05


Tree=110
num_leaves=31
num_cat=0
split_feature=38 11 4 11 7 4 28 12 33 8 37 8 20 32 38 33 20 22 21 8 34 12 13 30 13 29 5 33 8 13
split_gain=4.73195 7.87992 5.26477 7.55361 7.11407 6.1315 5.94345 5.43098 4.80371 4.53623 4.46422 11.2034 10.2282 9.83951 13.4214 5.06879 5.11554 7.0762 7.51967 4.40655 5.12052 5.21222 5.17694 5.88993 5.71234 11.9062 5.2736 5.22025 4.72211 4.66231
threshold=0.15000000000000135 30775.000000000004 18.500000000000004 28975.000000000004 12.500000000000002 6.5000000000000009 1.0000000180025095e-35 27225.000000000004 0.47333333333333344 0.42398561890087322 0.21666666666667053 0.77621283255086082 24.500000000000004 0.16666666666667182 0.25000000000000178 0.74793650793650823 -127.49999999999999 42.416666666666679 -134.49999999999997 0.37965517241379315 0.59411764705882364 27675.000000000004 22375.000000000004 0.27922077922077926 3975.0000000000005 0.59166666666666679 5.5000000000000009 0.62041666666666651 0.41690476190476194 5975.0000000000009
decision_type=2 2 2 2 2 2 2 2 2 2 2 2 2 2 2 2 2 2 2 2 2 2 2 2 2 2 2 2 2 2
left_child=1 2 4 -4 5 -1 7 -6 -3 -8 11 13 -13 14 -2 16 -15 18 -18 29 21 22 23 24 -21 -26 -24 28 -25 -19
right_child=10 8 3 -5 6 -7 9 -9 -10 -11 -12 12 -14 15 -16 -17 17 19 -20 20 -22 -23 26 27 25 -27 -28 -29 -30 -31
leaf_value=-0.018787185167857906 0.032558186084767869 0.039604495511397192 0.041835029180383454 -0.032822609557870079 0.0098037640429783288 0.039740523387288 -0.11658114779826925 -0.062217787647690641 -0.016098266509127723 -0.048705034379683619 -0.00044710530559347397 -0.094522917446812932 -0.0090905822614009129 0.03446570124392704 -0.047097305963959932 -0.030320381308965413 0.019814697626258274 0.067466666111243953 -0.032420621704584325 -0.043841508917690966 -0.033295475600808692 -0.039104751180048698 -0.082738364090103919 -0.023265725913058977 0.043936411072375538 -0.049232315672982162 0.027053975986594699 0.068734783427194884 0.028692603180923988 0.010952063147105123
leaf_weight=31.417782331816852 7.9644318781793144 10.619073525071146 7.7411297513172013 5.8176923207938671 6.836735976859929 5.0782383978366843 3.536535343155264 4.0342953130602837 5.8340362980961791 10.416186524555085 3759.8270903714001 3.8139243256300679 36.060346986167133 33.454222532920539 15.055087909102438 5.7315086023882023 11.903882820159199 8.6010207459330541 15.892403001897035 5.5322365760803249 5.2236793041229239 3.8307353630661956 2.3396069779992095 4.6026428192853919 10.891549956053494 4.8530628979206076 1.8220191523432729 7.6369795128703108 50.780222597531974 6.776169277727603
leaf_count=152 40 54 51 39 33 23 20 20 31 53 19649 21 171 160 70 30 52 38 86 24 23 22 24 22 54 22 28 38 246 42
internal_value=-0.00027965 -0.0115268 -0.018444 0.00942979 -0.0246941 -0.0104204 -0.0453529 -0.0167915 0.0195731 -0.0669723 -2.14812e-05 0.00654724 -0.0176032 0.0113245 -0.0192997 0.01528 0.0168261 0.0125745 -0.00988054 0.0181516 0.0141233 0.0168945 0.0194175 0.0221505 -0.000367091 0.0147734 -0.0339896 0.0298207 0.0242503 0.0431175
internal_weight=4093.92 91.3317 74.8786 13.5588 61.3198 36.496 24.8238 10.871 16.4531 13.9527 4002.59 242.766 39.8743 202.891 23.0195 179.872 174.14 140.686 27.7963 112.89 97.5127 92.2891 88.4583 84.2967 21.2768 15.7446 4.16163 63.0198 55.3829 15.3772
internal_count=21338 476 391 90 301 175 126 53 85 73 20862 1213 192 1021 110 911 881 721 138 583 503 480 458 406 100 76 52 306 268 80
is_linear=0
shrinkage=0.05


Tree=111
num_leaves=31
num_cat=0
split_feature=10 20 16 20 19 21 20 20 4 19 13 6 6 6 35 7 10 38 31 30 0 6 10 38 9 10 15 10 19 40
split_gain=6.16198 9.30933 10.8641 7.4098 6.54683 6.32414 5.49282 11.4481 7.87502 8.23673 5.64221 6.61918 12.5227 6.90738 8.95187 6.18047 5.98752 9.26444 5.92595 5.8326 9.38817 6.85052 7.44038 5.18764 5.1225 5.75295 5.10974 5.02196 10.9454 4.91889
threshold=5.5000000000000009 120.50000000000001 3.5000000000000004 79.500000000000014 501.00000000000006 655.00000000000011 231.50000000000003 247.50000000000003 8.5000000000000018 105.50000000000001 14675.000000000002 7.5000000000000009 8.5000000000000018 4.5000000000000009 0.39444444444444454 15.500000000000002 6.5000000000000009 0.65039682539682697 0.36038961038961043 0.46410256410256417 0.55000000000000016 21.500000000000004 7.5000000000000009 0.63015151515151657 1.0000000180025095e-35 -2.4999999999999996 4.5000000000000009 3.5000000000000004 549.00000000000011 1.0000000180025095e-35
decision_type=2 2 2 2 2 2 2 2 2 2 2 2 2 2 2 2 2 2 2 2 2 2 2 2 2 2 2 2 2 2
left_child=4 2 -2 -4 5 29 -3 -8 26 -10 11 13 -13 14 -11 -14 17 -16 -17 20 -20 22 -21 -22 25 -6 -9 -26 -29 -1
right_child=1 6 3 -5 24 -7 7 8 9 10 -12 12 15 -15 16 18 -18 -19 19 21 23 -23 -24 -25 27 -27 -28 28 -30 -31
leaf_value=0.00062689543538399116 -0.007682615665567211 0.010773791666676823 -0.036296911543120897 -0.10953407260158876 0.021757458654691957 -0.046679125507836497 -0.071281598014938205 -0.013535834275970058 0.050209349932957552 -0.054535849551662463 0.020325388032537948 -0.080190340711210048 0.032681544032797973 0.036295742695232398 0.033921229086421062 0.0067245600939495808 0.029067577352181018 -0.070608519633911279 -0.13280088614606056 0.0076493480915583237 -0.068290274183918268 0.027147583929373938 -0.092545427775888811 0.0146919470114185 0.052974808899941932 -0.058165953123949232 -0.060103619781716348 -0.073099668020279882 0.037103630017346859 -0.0061775574941613544
leaf_weight=3520.5787654360756 22.265342133119702 49.265651619061828 10.582295658066871 5.41970370709896 5.4658251143991947 7.1348095126450053 6.8169250115752211 17.385060459375385 7.5513930991291991 7.3979361727833775 20.443163268268108 7.4380282908678046 6.8999391868710509 13.006462849676607 3.6560311689972895 14.364245936274527 13.655241854488848 4.6775152161717415 3.1502497084438819 3.4202979728579503 3.803300566971302 6.0934952944517136 3.7038225829601288 3.4300293624401093 14.255666506476702 3.6410494782030565 9.1964557822793704 2.9438528502359977 8.4831927902996522 287.13773103337735
leaf_count=18036 102 231 46 24 29 50 31 74 41 41 261 38 35 78 21 99 97 31 21 23 21 48 24 21 184 25 50 32 113 1411
internal_value=-0.000266083 -0.0079766 -0.030603 -0.0619383 0.000220769 2.2269e-05 -0.00372307 -0.00833461 -0.0053807 0 -0.00336234 -0.00854485 -0.0204516 0.0060412 -0.00725746 -0.0102803 0.00859746 -0.0242987 -0.018285 -0.0336814 -0.0616517 -0.011035 -0.0443097 -0.0285947 0.0217815 -0.00993861 -0.0299993 0.0332181 0.00789127 0.000112314
internal_weight=4093.26 243.623 38.2673 16.002 3849.64 3814.85 205.355 156.09 149.273 122.691 115.14 94.6966 52.3034 42.3932 29.3867 44.8654 21.9888 8.33355 37.9654 23.6012 10.3836 13.2176 7.12412 7.23333 34.7896 9.10687 26.5815 25.6827 11.427 3807.72
internal_count=21338 1458 172 70 19880 19497 1286 1055 1024 900 859 598 330 268 190 292 149 52 257 158 63 95 47 42 383 54 124 329 145 19447
is_linear=0
shrinkage=0.05


Tree=112
num_leaves=31
num_cat=0
split_feature=10 20 16 20 19 21 11 37 8 8 20 7 8 38 37 12 13 13 7 13 9 10 10 19 20 10 18 4 40 32
split_gain=5.55282 8.40442 9.7743 6.43644 6.0532 5.82706 5.73256 5.63884 7.16893 7.09016 8.79537 8.1823 5.8375 6.62263 6.20494 5.35714 5.29173 6.43093 5.14714 5.0621 4.78525 5.32104 4.87088 9.73258 4.69439 4.62686 7.27608 4.61089 4.4417 7.05876
threshold=5.5000000000000009 120.50000000000001 3.5000000000000004 79.500000000000014 501.00000000000006 655.00000000000011 30325.000000000004 0.33333333333333837 0.52865353037766838 0.55891487029594455 373.50000000000006 67.500000000000014 0.81322674418604668 0.20000000000000107 0.16666666666667365 7625.0000000000009 19825.000000000004 2125.0000000000005 19.500000000000004 175.00000000000003 1.0000000180025095e-35 -2.4999999999999996 3.5000000000000004 549.00000000000011 263.50000000000006 6.5000000000000009 3.7750000000000004 11.500000000000002 1.0000000180025095e-35 0.083333333333345555
decision_type=2 2 2 2 2 2 2 2 2 2 2 2 2 2 2 2 2 2 2 2 2 2 2 2 2 2 2 2 2 2
left_child=4 2 6 -4 5 28 -2 12 25 10 -10 -12 27 -14 -15 24 17 19 -8 -17 21 -6 -22 -24 -11 26 -9 -3 -1 -30
right_child=1 7 3 -5 20 -7 18 8 9 15 11 -13 13 14 -16 16 -18 -19 -20 -21 22 -23 23 -25 -26 -27 -28 -29 29 -31
leaf_value=0.00059554426647651234 -0.029798077280748361 -0.067908364727339535 -0.034593758866642149 -0.10269507080350147 0.020610148127250167 -0.045222058784762001 -0.01420598510765924 0.046815373983346682 0.012851352114941815 -0.019746668716918755 -0.03028358893775579 -0.14854148469007408 0.044769785011693451 -0.061022982580845778 0.016803038900510488 -0.0046513638412588121 -0.04009812470453239 0.0041632487230559767 0.057106254117485801 -0.069050473552712585 0.052466147468763727 -0.056762497709481476 -0.066087677681405943 0.036343808912526331 0.052375375216950286 0.036578352164599613 -0.038592903126567046 -0.020758796498295623 -0.035901916906289473 -0.0038004677641460083
leaf_weight=3520.6210470022634 12.49723311699927 6.9341716011986163 10.553774997591974 5.4961073100566855 5.4866032600402832 7.0030777491629115 4.9262475818395597 4.0239638090133685 4.0083108432590944 2.9506533760577422 3.7450793981552124 2.5379428826272488 6.3097201362252262 4.7632869146764261 5.1923463009297848 7.0052028298377973 9.2518122643232328 86.042309802025557 4.8645873218774796 5.5904128029942513 13.689509258605542 3.5493399798870069 3.0997096998617044 8.2359428377822024 7.9733442077413201 20.175843739882112 6.1704208860173821 22.694263120181859 18.258340082131326 268.72513730730861
leaf_count=18036 58 35 46 24 29 50 21 21 22 19 30 21 35 22 28 41 60 443 23 34 184 25 32 113 133 156 43 143 91 1320
internal_value=-0.000252415 -0.00757053 -0.0290472 -0.0587154 0.000209871 2.09108e-05 -0.0072926 -0.00352478 0.000893058 -0.00421979 -0.0438336 -0.0804144 -0.0189535 0.00483442 -0.0201723 -0.000712522 -0.00414236 -0.000682035 0.0209392 -0.0339467 0.0211637 -0.00952337 0.0324368 0.00756393 0.0324387 0.0227346 -0.00426726 -0.0321531 0.000106622 -0.00587202
internal_weight=4092.38 243.707 38.338 16.0499 3848.67 3814.61 22.2881 205.369 159.475 129.105 10.2913 6.28302 45.8938 16.2654 9.95563 118.814 107.89 98.6379 9.79083 12.5956 34.0611 9.03594 25.0252 11.3357 10.924 30.3702 10.1944 29.6284 3807.6 286.983
internal_count=21338 1458 172 70 19880 19497 102 1286 1023 803 73 51 263 85 50 730 578 518 44 75 383 54 329 145 152 220 64 178 19447 1411
is_linear=0
shrinkage=0.05


Tree=113
num_leaves=31
num_cat=0
split_feature=38 11 37 26 6 8 37 8 6 37 38 29 23 13 38 19 38 22 0 38 33 37 23 4 23 33 18 20 35 31
split_gain=4.08977 7.08164 4.83816 6.20821 4.47139 5.35551 4.34022 7.33519 6.69125 6.42678 10.3119 7.0943 8.79679 7.88771 9.36837 8.14454 10.562 8.21243 7.6188 7.56418 7.00985 6.89318 8.66845 6.58682 6.34528 6.21322 6.20371 6.08941 5.89463 6.69894
threshold=0.15000000000000135 30775.000000000004 0.20000000000000021 -1.4999999999999998 1.5000000000000002 0.65024271844660209 0.33333333333333576 0.77621283255086082 -5.4999999999999991 0.41666666666667357 0.63757352941176648 0.73863636363636376 274.90000000000003 10875.000000000002 0.59023809523809645 435.50000000000006 0.41666666666666785 119.16666666666667 0.65000000000000002 0.53333333333333544 0.32999999999999996 0.4285714285714291 -148.89999999999998 14.500000000000002 -198.89999999999998 0.50680555555555584 -1.4499999999999997 127.50000000000001 0.13392857142857145 0.16025641025641027
decision_type=2 2 2 2 2 2 2 2 2 2 2 2 2 2 2 2 2 2 2 2 2 2 2 2 2 2 2 2 2 2
left_child=1 2 3 -1 -3 -6 7 8 -2 10 11 13 25 14 15 17 -17 19 -15 -8 -21 22 24 -19 -11 -13 -24 -25 -10 -30
right_child=6 4 -4 -5 5 -7 9 -9 28 21 -12 12 -14 18 -16 16 -18 23 -20 20 -22 -23 26 27 -26 -27 -28 -29 29 -31
leaf_value=0.039173220033304493 -0.0062529758706821661 0.057097743038879017 -0.052652548871183695 -0.017094964486907335 -0.048202269792022037 0.024799458282330905 -0.0007519820641950282 -0.0098311004220542671 0.015095271808499584 0.019875175955668168 -0.067895610741370543 -0.0060018639731587824 0.052110857942347037 0.022788971346099068 0.034510893973062763 -0.0055857150877125141 0.067577674634839976 -0.027310924190390898 -0.026624448201653272 -0.074685233302788964 -0.011625531458144432 -0.00018435702527286142 -0.047284531840078192 -0.057743283511228788 0.10939940416701271 -0.034410867686566801 0.013012538032307572 0.014098124727928017 -0.010863127952259757 0.0080376627566505245
leaf_weight=5.1889458745717993 92.436875351704657 5.1220522895455387 8.5458833398297411 60.960273078642786 3.6201158687472326 7.6231247410178185 223.86415288317949 84.744395833462477 192.94139868952334 4.3978536054491997 6.5118985455483189 34.682902644388378 4.0762629518285385 48.294008040800691 14.266964066773651 11.872607782483103 8.1904467381536943 78.184652388095856 9.1263208491727692 6.5900185182690647 13.783730380237101 2768.9276433475316 4.4394208490848532 3.3673046417534378 3.8599296584725362 44.694355506449938 64.913081686943769 19.393536102026701 61.404231812804937 195.39357965718955
leaf_count=28 491 24 45 318 20 41 1077 406 944 26 32 171 21 333 65 62 43 320 56 29 65 14647 22 17 19 227 334 113 300 1042
internal_value=-0.000239894 -0.0107117 -0.0172721 -0.0125532 0.0188505 0.000635734 -1.12779e-08 0.00381878 0.00596295 -0.00071127 -0.00578361 -0.00498386 -0.0183421 -0.00241741 -0.00504117 -0.00660883 0.0242212 -0.00842174 0.0148157 -0.00343569 -0.032532 0.000226042 0.0149137 -0.0204207 0.0631279 -0.022084 0.00901826 0.00304489 0.00848569 0.00349627
internal_weight=4091.42 91.0604 74.6951 66.1492 16.3653 11.2432 4000.36 626.92 542.176 3373.44 526.899 520.387 83.4535 436.934 379.513 365.246 20.0631 345.183 57.4203 244.238 20.3737 2846.54 77.6103 100.945 8.25778 79.3773 69.3525 22.7608 449.739 256.798
internal_count=21338 476 391 346 85 61 20862 3183 2777 17679 2631 2599 419 2180 1791 1726 105 1621 389 1171 94 15048 401 450 45 398 356 130 2286 1342
is_linear=0
shrinkage=0.05


Tree=114
num_leaves=31
num_cat=0
split_feature=10 20 16 20 19 11 20 20 7 7 19 6 6 6 12 7 37 5 10 38 15 11 21 11 7 28 19 13 10 10
split_gain=5.01814 7.52286 8.81133 5.65129 5.55279 5.53817 5.93896 10.3967 6.93294 14.2187 9.88174 8.55499 8.27612 14.8962 10.5924 7.90298 7.24367 6.52851 6.60461 7.61026 5.62217 6.51135 5.25495 5.18582 4.71899 4.63898 4.98509 8.79084 5.82402 4.43906
threshold=5.5000000000000009 120.50000000000001 3.5000000000000004 79.500000000000014 501.00000000000006 32825.000000000007 231.50000000000003 247.50000000000003 16.500000000000004 15.500000000000002 254.50000000000003 8.5000000000000018 7.5000000000000009 8.5000000000000018 15425.000000000002 115.50000000000001 0.75000000000000888 13.500000000000002 6.5000000000000009 0.65039682539682697 7.5000000000000009 27675.000000000004 655.00000000000011 30325.000000000004 19.500000000000004 4.1000000000000005 549.00000000000011 5775.0000000000009 1.0000000180025095e-35 7.5000000000000009
decision_type=2 2 2 2 2 2 2 2 2 2 2 2 2 2 2 2 2 2 2 2 2 2 2 2 2 2 2 2 2 2
left_child=4 2 23 -4 22 6 -3 -8 9 11 -10 16 17 -14 15 -15 -9 -12 19 -19 21 -16 -1 -2 -25 -6 27 -27 -28 -20
right_child=1 5 3 -5 25 -7 7 8 10 -11 12 -13 13 14 20 -17 -18 18 29 -21 -22 -23 -24 24 -26 26 28 -29 -30 -31
leaf_value=0.00011287470054208707 -0.028164880339996135 0.013009440109980848 -0.032886603811618113 -0.096675113567667781 0.045585760525001157 -0.066133853639109882 -0.066628900230223151 -0.030964785366413134 0.040229969090187515 -0.10137013227480843 0.052592600712701471 0.032553004136646919 -0.1018316719148042 0.047449804762140696 -0.089835198672902947 -0.072227209196752781 0.036423174339063641 0.0090095462518108693 0.058676672864191363 -0.074056855581360048 0.0095384518173089131 -0.02230396285048895 -0.04342133802824364 -0.013227907154453714 0.055284662021687747 -0.12010557026333218 -0.017981641176158022 0.022449949207415009 0.040968948976989321 0.0051701811039110285
leaf_weight=3806.4804513035342 12.507564881816508 48.170445933938026 10.516908455640079 5.5403411388397208 11.827217828482388 3.3600690662860861 6.9070231076329938 29.850182449445128 15.246821851469575 4.7218100577592841 8.2163391169160587 8.9351689461618644 4.6680172327905884 10.244248857721685 4.7803035676479402 1.4716708445921529 4.45005671493709 5.8675835328176635 5.2412559371441629 4.9237605016678572 8.144378721714018 15.002344578504561 6.8442858010530463 4.9382495135068876 4.7795547842979431 1.8608989976346517 6.6096043623983887 2.2523587411269546 10.755263277329503 15.15802784077823
leaf_count=19447 58 227 46 24 148 16 31 135 89 24 54 64 31 140 27 23 25 39 42 33 68 93 50 21 23 15 40 27 153 125
internal_value=-0.00022817 -0.00718597 -0.027523 -0.0556676 0.000211406 -0.00335889 -0.00225775 -0.00707638 -0.00419931 -0.019796 0.00332054 -0.0105584 -0.00338178 -0.0182353 -0.00803442 0.0315096 -0.0219962 0.0131975 0.0025252 -0.028764 -0.0248555 -0.0392435 3.22903e-05 -0.00680712 0.0201796 0.0205083 0.00632003 -0.0421775 0.0182698 0.0193809
internal_weight=4090.27 243.642 38.2826 16.0572 3846.63 205.36 201.999 153.829 146.922 47.9572 98.9648 43.2354 83.7179 44.311 39.6429 11.7159 34.3002 39.407 31.1906 10.7913 27.927 19.7826 3813.32 22.2254 9.7178 33.3053 21.4781 4.11326 17.3649 20.3993
internal_count=21338 1458 172 70 19880 1286 1270 1043 1012 248 764 224 675 382 351 163 160 293 239 72 188 120 19497 102 44 383 235 42 193 167
is_linear=0
shrinkage=0.05


Tree=115
num_leaves=31
num_cat=0
split_feature=40 28 22 19 38 38 0 29 5 8 11 23 5 13 11 17 12 12 22 27 0 21 13 30 30 38 19 6 11 24
split_gain=3.55354 4.87482 4.61294 10.3786 7.25653 11.8741 8.11308 6.03798 6.2836 6.23229 6.56989 5.4164 7.72297 7.34218 6.78866 8.47528 5.47021 6.45184 5.05511 4.58167 5.0722 5.07365 4.41701 3.98551 6.42881 9.52075 6.38512 5.29882 4.25315 3.95222
threshold=1.0000000180025095e-35 3.2250000000000005 -114.49999999999999 -185.49999999999997 0.32666666666666788 0.44333333333333497 0.41666666666666674 0.39444444444444454 13.500000000000002 0.85540069686411158 31125.000000000004 87.100000000000009 11.500000000000002 -7624.9999999999991 30075.000000000004 3.1666666666666674 26725.000000000004 22125.000000000004 -56.833333333333321 -1.4166666666666663 0.71666666666666667 -399.49999999999994 7025.0000000000009 0.97058823529411775 0.43650793650793657 0.30000000000000188 -174.49999999999997 -7.4999999999999991 30325.000000000004 2.5000000000000004
decision_type=2 2 2 2 2 2 2 2 2 2 2 2 2 2 2 2 2 2 2 2 2 2 2 2 2 2 2 2 2 2
left_child=-1 2 19 4 -4 -6 -7 9 11 10 23 12 13 -9 15 29 17 22 -18 20 21 -2 -15 24 26 -26 -5 -28 -29 -13
right_child=1 -3 3 7 5 6 -8 8 -10 -11 -12 14 -14 16 -16 -17 18 -19 -20 -21 -22 -23 -24 -25 25 -27 27 28 -30 -31
leaf_value=0.00076697471713975689 0.041800730575571467 -0.040799972309372073 0.11870292264357561 0.11427562027694527 -0.054042064996037843 -0.0053578783927322312 0.071917713853503581 -0.042146055478322605 0.0387882636618039 0.041562610667870002 0.03012635044949943 0.0029035994997022377 -0.043219606450739211 -0.015330042187642667 -0.044113298816735036 0.062815688871784445 -0.033961120471409659 0.066364018045810644 0.024705909484283393 -0.05181679582544535 -0.054176030707804836 -0.01013734248067265 0.037118850486093161 -0.054217726332487726 0.09026893034147164 -0.0076722760249621994 0.0074007177689884565 -0.046378783446779856 0.0026956277516856451 -0.040551591445423259
leaf_weight=3798.2303762249649 4.9951229393482199 9.1146013140678388 2.1784822121262577 0.66014878451824088 3.8079230654984739 5.1576878633350125 9.1733250841498357 4.5332445073872796 11.679446358233688 4.6742898114025584 6.5824677720665923 14.576522238552576 5.8012184277176848 6.3842527568340364 12.59482457116246 4.4110892433673135 6.3771003484725943 11.137058630585669 8.3694086372852308 7.3200731286779037 5.9022468402981749 57.572794497013092 10.097278922796248 8.2782753966748697 2.7537802830338505 18.614361469633877 7.1746227443218222 29.436967196874321 4.9547749906778327 7.8937934497371307
leaf_count=19824 25 52 10 3 23 29 51 36 62 20 29 67 25 26 55 23 26 45 34 37 31 299 62 39 14 89 35 146 22 43
internal_value=0.000357027 -0.00495298 -0.00376718 6.9887e-05 0.0339424 0.0228936 0.0439156 -0.00360009 0.00440105 -0.0136494 -0.0170512 0 0.0104887 0.0173165 -0.0139778 6.74863e-05 0.0238812 0.0369732 -0.000385622 -0.0143145 -0.0101625 -0.00585098 0.0165309 -0.0214773 -0.0170585 0.0050785 -0.0283642 -0.0310184 -0.0391764 -0.0122527
internal_weight=4090.44 292.207 283.093 207.302 20.3174 18.1389 14.331 186.985 103.855 83.1297 78.4554 92.1758 52.6996 46.8983 39.4762 26.8814 42.3651 27.6186 14.7465 75.7902 68.4702 62.5679 16.4815 71.8729 63.5947 21.3681 42.2265 41.5664 34.3917 22.4703
internal_count=21282 1458 1406 1014 113 103 80 901 504 397 377 442 254 229 188 133 193 133 60 392 355 324 88 348 309 103 206 203 168 110
is_linear=0
shrinkage=0.05


Tree=116
num_leaves=31
num_cat=0
split_feature=40 28 22 19 38 38 0 7 0 20 30 8 27 7 21 29 19 37 30 36 29 11 38 11 0 14 37 8 37 20
split_gain=3.21 4.36735 4.19437 9.29923 6.30211 10.7156 7.16512 5.78519 7.94297 6.8096 5.28512 6.92737 4.20806 4.7017 4.45774 4.18668 4.92609 4.91352 5.8388 5.05257 4.17525 6.75642 6.1497 5.89299 8.22491 7.44667 5.79431 5.75777 5.99606 4.80902
threshold=1.0000000180025095e-35 3.2250000000000005 -114.49999999999999 -185.49999999999997 0.32666666666666788 0.44333333333333497 0.41666666666666674 20.500000000000004 0.61666666666666681 -155.49999999999997 0.43650793650793657 0.36014705882352943 -1.4166666666666663 20.500000000000004 -399.49999999999994 0.19090909090909094 27.500000000000004 0.70000000000000051 0.73863636363636376 0.48333333333333339 0.39444444444444454 29425.000000000004 0.37500000000000205 28425.000000000004 0.38333333333333336 -1.0000000180025095e-35 0.46666666666666884 0.74856321839080475 0.46666666666667145 203.50000000000003
decision_type=2 2 2 2 2 2 2 2 2 2 2 2 2 2 2 2 2 2 2 2 2 2 2 2 2 2 2 2 2 2
left_child=-1 2 12 4 -4 -6 -7 8 20 -10 11 -9 13 14 -2 17 -17 18 19 -16 21 23 -23 24 25 -5 -27 -22 -29 -24
right_child=1 -3 3 7 5 6 -8 10 9 -11 -12 -13 -14 -15 15 16 -18 -19 -20 -21 27 22 29 -25 -26 26 -28 28 -30 -31
leaf_value=0.00072863211311413427 0.039447656865644581 -0.038536182086018785 0.10985378328599343 -0.024194834183377693 -0.052121218220619339 -0.0051016127877124709 0.067297935942335463 0.044708715271820146 0.017345682502566614 -0.052410402487984467 0.043314318916357439 -0.029855838905651556 -0.049823463564943937 -0.047041639965243132 -0.032915981363485843 -0.030763966308281557 0.024316232128194681 -0.037907683993780611 0.057127371623030589 0.025365743823376797 0.011109889399828904 0.056211691359909145 -0.031554099736311521 -0.068451378918871861 -0.042257038324894691 0 0.074864783648310979 -0.059299467687550102 0.0064419722624052579 0.026063088019926142
leaf_weight=3798.2047260524705 5.033368118107318 9.1718733515590412 2.2425426989793804 10.588246620260179 3.7558650746941593 5.1511270049959412 9.3158791158348304 4.7879661917686489 4.3511594152078059 15.256204513832925 11.669241417199371 8.4530351273715478 7.2383823404088607 7.43008217960596 6.6299411794170799 25.133899624459449 4.6574324220418921 5.0966176688671103 6.0779371447861186 8.2026947513222677 65.27335880883038 5.488951392471793 7.9168973043560964 6.186793401837348 16.215066502802074 5.5674657328054309 4.7798025570809841 6.4148073922842723 7.1234403625130653 6.4537090063095093
leaf_count=19824 25 52 10 56 23 29 51 22 20 71 61 42 37 44 32 137 20 26 32 39 316 24 36 26 81 27 22 29 38 30
internal_value=0.00033928 -0.00471245 -0.00358333 7.39944e-05 0.0320074 0.0216073 0.041318 -0.00341818 -0.00690022 -0.0366673 0.0189104 -0.00238538 -0.0136632 -0.00968844 -0.0049743 -0.00913428 -0.0219332 0.00536323 0.016278 -0.000396353 -0.00273212 -0.012319 0.0116239 -0.0234076 -0.0156085 0.0048965 0.0350906 0.00489788 -0.024548 -0.00533192
internal_weight=4089.87 291.664 282.492 206.992 20.4654 18.2229 14.467 186.526 161.616 19.6074 24.9102 13.241 75.5004 68.262 60.8319 55.7985 29.7913 26.0072 20.9106 14.8326 142.009 63.1969 19.8596 43.3374 37.1506 20.9355 10.3473 78.8116 13.5382 14.3706
internal_count=21282 1458 1406 1014 113 103 80 901 776 91 125 64 392 355 311 286 157 129 103 71 685 302 90 212 186 105 49 383 67 66
is_linear=0
shrinkage=0.05


Tree=117
num_leaves=31
num_cat=0
split_feature=40 32 18 22 38 37 35 37 20 17 25 0 37 37 19 10 33 22 20 33 8 19 8 8 30 22 19 10 1 19
split_gain=2.90479 4.38689 5.0878 6.51403 6.92912 9.73242 6.42919 6.11694 6.37158 5.20884 4.86138 4.69733 11.5458 6.33457 5.8649 6.93555 5.20377 5.09251 5.30264 4.67443 3.98511 5.96843 4.8789 4.7193 7.25755 3.74696 4.39383 3.68721 4.42519 5.82316
threshold=1.0000000180025095e-35 0.066666666666668775 1.1000000000000003 18.500000000000004 0.46666666666666839 0.71428571428571497 0.78888888888888908 0.30555555555556396 100.50000000000001 1.0000000180025095e-35 2.5000000000000004 0.48333333333333339 0.49444444444445063 0.38888888888889617 308.50000000000006 -1.0000000180025095e-35 0.44666666666666677 155.41666666666671 261.50000000000006 0.37045454545454576 0.66580756013745712 91.500000000000014 0.53671373555840829 0.71330724070450102 0.48529411764705888 77.500000000000014 99.500000000000014 -4.4999999999999991 1.0000000180025095e-35 -193.49999999999997
decision_type=2 2 2 2 2 2 2 2 2 2 2 2 2 2 2 2 2 2 2 2 2 2 2 2 2 2 2 2 2 2
left_child=-1 -2 3 9 7 25 -7 10 -9 27 -5 13 17 16 15 -14 19 -13 -19 -4 21 -15 -23 -22 -25 -6 -27 28 29 -3
right_child=1 2 11 4 5 6 -8 8 -10 -11 -12 12 14 20 -16 -17 -18 18 -20 -21 23 22 -24 24 -26 26 -28 -29 -30 -31
leaf_value=0.00069220611965765911 -0.03112276687042205 -0.032283223744769912 -0.031411963882807765 -0.011192781670197799 0.07483785395515008 -0.055930515420386198 0.022551297016501045 0.011346853568547307 -0.058377298057620243 -0.054937479191753791 0.058701259789671383 0.047301264658970159 -0.023569567389112214 -0.049598319792139495 -0.004631635325468046 -0.10515666614445607 -0.057279777734591378 -0.060642788322528618 0.014044581595276488 0.032953659692988517 0.069000317808732364 0.045643676375335597 -0.027093264184021523 0.037593660164181815 -0.040307641163997626 -0.011687394727448286 0.055691213178261062 0.0018461963819208446 -0.033840059901368923 0.037384201097261406
leaf_weight=3798.1797027895227 14.620209244079886 5.395943152718246 6.7014102367684263 4.5810530604794639 9.8199651911854797 3.9737964365631324 7.09354592487216 5.7215044349431974 7.1848101206123829 4.805091585032641 5.0368504077196121 4.4577724076807526 4.3481487929821006 5.6653831498697391 4.0061377771198741 7.4857960212975732 8.0775655722245556 3.9397075064480287 5.5251894146203995 4.6885136868804693 4.5298658888787058 5.3776100110262615 3.808977447450161 8.1925740195438248 4.5409823823720208 3.757121339440344 6.0713718831539154 107.62397052440792 17.700949221849442 6.4521400593221205
leaf_count=19824 75 30 34 27 51 22 37 28 34 25 23 22 24 28 24 35 38 19 24 22 20 31 17 37 22 17 34 541 85 32
internal_value=0.00032205 -0.00448766 -0.00305081 0.00130479 0.0162225 0.0316518 -0.00542884 -0.00464397 -0.0272338 -0.00426145 0.0251233 -0.0135538 -0.0293658 -0.00429454 -0.0584411 -0.0760468 -0.0267922 0.00353804 -0.0168298 -0.00442532 0.00922855 -0.00948651 0.0149798 0.0255793 0.00932564 0.052713 0.0295726 -0.00241115 -0.0180399 0.00523262
internal_weight=4089.36 291.184 276.564 195.218 53.24 30.7158 11.0673 22.5242 12.9063 141.978 9.6179 81.3456 29.7628 51.5829 15.8401 11.8339 19.4675 13.9227 9.4649 11.3899 32.1154 14.852 9.18659 17.2634 12.7336 19.6485 9.82849 137.173 29.549 11.8481
internal_count=21282 1458 1383 986 273 161 59 112 62 713 50 397 148 249 83 59 94 65 43 56 155 76 48 79 59 102 51 688 147 62
is_linear=0
shrinkage=0.05


Tree=118
num_leaves=31
num_cat=0
split_feature=11 6 6 25 33 38 9 31 12 0 16 38 0 11 8 12 17 4 12 31 0 12 4 36 28 22 18 35 37 31
split_gain=2.92866 2.76857 7.15899 7.34158 8.397 6.86164 6.01144 7.97716 7.43873 5.93891 8.60976 5.08306 4.78511 8.42468 6.2672 5.73871 5.53933 4.72281 4.40259 4.26008 4.17425 3.99723 5.12131 4.46102 4.97699 4.53946 7.34746 6.55736 4.42453 3.87829
threshold=1550.0000000000002 12.500000000000002 11.500000000000002 1.5000000000000002 0.41666666666666652 0.4866666666666683 1.0000000180025095e-35 0.38675213675213682 10375.000000000002 0.58333333333333337 4.5000000000000009 0.59023809523809645 0.51666666666666672 29225.000000000004 0.73993558776167478 17225.000000000004 -1.8333333333333333 53.500000000000007 28175.000000000004 0.64583333333333337 0.51666666666666672 22125.000000000004 33.500000000000007 0.9545454545454547 -0.22499999999999998 442.16666666666669 6.1000000000000005 0.59411764705882364 0.68333333333333801 0.5634920634920636
decision_type=2 2 2 2 2 2 2 2 2 2 2 2 2 2 2 2 2 2 2 2 2 2 2 2 2 2 2 2 2 2
left_child=-1 2 -2 5 11 -4 12 9 -9 -8 -11 -5 13 15 16 -3 -15 -12 19 -14 -6 22 -10 24 -23 27 -27 29 -24 -26
right_child=1 6 3 4 20 -7 7 8 21 10 17 -13 18 14 -16 -17 -18 -19 -20 -21 -22 23 28 -25 25 26 -28 -29 -30 -31
leaf_value=-0.038457269058566688 0.00025581371575619495 0.0020955492511803421 0.047933393277545353 0.02243088401258149 -0.1078800873476225 -0.020965469400661987 0.039239630709900775 0.04083206739967099 -0.076384452575351341 0.02149057974479622 -0.0030517329937720852 -0.048782626165557431 0.0042932473380064362 -0.011894468553900049 -0.033177171277994459 -0.052335928793526804 0.064694119079695953 -0.099625451664387049 -0.049470514147262168 0.051374426181486438 -0.041990473413933443 -0.036719282535166112 -0.033826273803183642 -0.04070886450425714 0.025821383582143767 -0.079599177866570003 0.021982722365492934 0.052334073930350812 0.02816780041381426 -0.022567184596670356
leaf_weight=4.7646639049053183 3834.4727560654283 6.5801062155514982 5.5610722452402106 5.6958055831491965 4.698992948047815 9.8313757777214033 34.653223795816302 9.9509946452453715 3.8904361203312865 22.514205377548937 2.8293526135385028 4.2695080190896988 33.493821071460843 3.6623641103506079 4.9564178436994544 16.507783198729157 5.964719880372285 2.3786627277731895 3.1105364561080924 5.5830500163137904 6.002840917557478 5.3132577650248924 7.4857206270098668 5.2900827229022971 8.7495676130056506 2.9645180515944949 4.0570317916572094 11.607428003102539 4.4753983244299889 7.6371849030256262
leaf_count=315 19307 44 24 28 28 48 258 148 20 130 21 20 221 25 28 131 31 21 21 37 29 35 53 27 49 20 32 63 30 38
internal_value=0.000305556 0.000352942 4.57152e-05 -0.0220962 -0.041514 0.0037527 0.00589257 0.0123793 0.000891081 0.0254311 0.00791148 -0.00776439 -0.00491477 -0.0178797 0.0115669 -0.0366651 0.0352213 -0.0491478 0.006559 0.0112615 -0.0721153 -0.00554926 -0.0271149 0.00187785 0.00767464 0.0146387 -0.0207188 0.0237273 -0.0101747 0.00296611
internal_weight=4088.95 4084.19 3870.53 36.0596 20.6671 15.3924 213.656 133.797 71.4216 62.3754 27.7222 9.96531 79.8588 37.6714 14.5835 23.0879 9.62708 5.20802 42.1874 39.0769 10.7018 61.4706 15.8516 45.6191 40.329 35.0157 7.02155 27.9942 11.9611 16.3868
internal_count=21282 20967 19484 177 105 72 1483 945 515 430 172 48 538 259 84 175 56 42 279 258 57 367 103 264 237 202 52 150 83 87
is_linear=0
shrinkage=0.05


Tree=119
num_leaves=31
num_cat=0
split_feature=11 12 11 30 32 17 36 42 19 37 36 13 13 12 14 17 24 23 13 32 12 12 12 33 38 38 11 33 7 18
split_gain=2.75068 2.70495 5.31307 7.36871 10.3375 6.50769 7.91687 6.19925 6.04761 6.51278 16.6586 4.45377 6.16222 3.88306 3.85959 5.33677 9.82503 7.70062 5.4995 3.96472 3.76402 3.75252 3.73017 3.70435 3.48929 6.29161 3.19704 3.17307 4.25555 3.12614
threshold=1550.0000000000002 28175.000000000004 25475.000000000004 0.5634920634920636 0.4000000000000119 -2.4166666666666665 0.55050505050505061 1.0000000180025095e-35 -405.49999999999994 0.48888888888889748 0.39444444444444454 -474.99999999999994 875.00000000000011 30075.000000000004 -7.4999999999999991 -5.833333333333333 -5.4999999999999991 -271.54999999999995 -8824.9999999999982 0.42222222222223621 24175.000000000004 28075.000000000004 26425.000000000004 0.14000000000000021 0.48333333333333506 0.52535714285714408 29225.000000000004 0.31999999999999995 16.500000000000004 -2.2249999999999996
decision_type=2 2 2 2 2 2 2 2 2 2 2 2 2 2 2 2 2 2 2 2 2 2 2 2 2 2 2 2 2 2
left_child=-1 14 3 5 -5 6 -3 23 -4 10 11 -10 -13 -11 -2 17 -17 18 22 -20 -21 29 -16 -7 -25 -26 -23 -12 -29 -18
right_child=1 2 8 4 -6 7 -8 -9 9 13 27 12 -14 -15 15 16 21 -19 19 20 -22 26 -24 24 25 -27 -28 28 -30 -31
leaf_value=-0.037968652730152312 -0.034711772874079345 -0.044161570675301028 0.084041744542793062 0.063444709148298292 -0.030999141588281501 -0.01909822478728998 0.027927500526552518 -0.013780934950311591 -0.050843542524468655 -0.011034821680065681 0.017499557274794419 0.044406828364211871 -0.028277184222968012 -0.059531089281689854 -0.05070330952117387 -0.049291961754397026 -0.0050804096363932915 -0.031328089817819774 0.013492758074919099 0.027907999551281034 0.0997598621848933 -0.0080659042016753123 0.045581317361508451 0.071287661883635889 -0.028116716072566623 0.050909983319058022 -0.046742227046558789 0.026497946547714247 0.085803084445482292 0.00065688982578016909
leaf_weight=4.5904069310054174 7.8561327755451194 6.0340334847569457 1.935296170413493 3.5624629482626942 13.524649251252411 1.8009483069181467 9.9399012140929681 4.5955194123089305 7.7955927401781109 42.107064858078957 9.1444795504212397 4.3782589435577384 8.2193467393517476 4.571733981370925 2.3055342622101356 9.9789402764290553 253.99107159115374 4.5776966735720626 4.0259563177824029 3.1385060772299749 5.6771571785211563 23.291272498667244 1.5994549579918382 13.088584348559381 3.0271897092461577 11.938432369381188 7.053578056395053 6.4098042547702772 6.5025875493884087 3601.0854881610721
leaf_count=315 77 29 9 17 75 9 48 23 36 192 39 18 37 23 32 109 1427 39 27 22 28 109 16 66 14 60 30 26 29 18301
internal_value=0.000290055 0.00033522 0.00673569 0.0173584 -0.0107632 0.0269892 0.000280006 0.0391923 -0.00109517 -0.00309194 0.0109981 -0.0213643 -0.00247152 -0.0160086 7.51648e-05 0.000147101 8.94332e-06 0.0250337 0.0408316 0.056591 0.0753403 0.000138115 -0.00986398 0.047532 0.0520396 0.0345124 -0.0173443 0.0411066 0.0571777 0.00027747
internal_weight=4087.75 4083.16 158.576 67.5117 17.0871 50.4246 15.9739 34.4507 91.0642 89.1289 42.4501 20.3932 12.5976 46.6788 3924.58 3916.72 3895.4 21.3243 16.7466 12.8416 8.81566 3885.42 3.90499 29.8552 28.0542 14.9656 30.3449 22.0569 12.9124 3855.08
internal_count=21282 20967 750 341 92 249 77 172 409 400 185 91 55 215 20217 20140 19976 164 125 77 50 19867 48 149 140 74 139 94 55 19728
is_linear=0
shrinkage=0.05


Tree=120
num_leaves=31
num_cat=0
split_feature=46 18 11 8 8 5 21 11 19 11 23 7 23 27 4 15 17 37 33 35 12 4 37 12 29 8 21 35 19 8
split_gain=6.49852 8.5756 8.10057 7.19325 5.5725 4.68127 4.61765 6.47409 4.54388 4.3169 4.31 4.20393 4.1817 6.28891 7.6615 5.13463 4.18001 4.17255 5.11262 8.70626 5.64234 4.49908 4.45936 4.1164 4.43483 4.10293 4.55009 4.52004 4.61047 4.29037
threshold=1.0000000180025095e-35 -0.77499999999999991 29425.000000000004 0.47092630155510484 0.41206791995148578 4.5000000000000009 82.500000000000014 4175.0000000000009 -146.49999999999997 22875.000000000004 -152.54999999999998 11.500000000000002 81.63333333333334 1.1666666666666667 5.5000000000000009 -1.0000000180025095e-35 -2.1666666666666665 0.61602564102564139 0.32857142857142868 0.41428571428571431 18975.000000000004 6.5000000000000009 0.4722222222222327 23975.000000000004 0.48529411764705888 0.81322674418604668 199.50000000000003 0.73863636363636376 172.50000000000003 0.72036036036036044
decision_type=2 2 2 2 2 2 2 2 2 2 2 2 2 2 2 2 2 2 2 2 2 2 2 2 2 2 2 2 2 2
left_child=-1 2 3 4 5 16 7 -3 9 -7 -5 -10 23 14 -14 -16 -2 18 -9 20 -20 -22 -21 24 -8 29 -27 28 -28 -15
right_child=1 6 -4 10 -6 8 12 17 11 -11 -12 -13 13 25 15 -17 -18 -19 19 22 21 -23 -24 -25 -26 26 27 -29 -30 -31
leaf_value=-0.00071271993688450509 0.0031043563731410363 -0.080154403188744658 -0.061089791646169449 0.054685444679741624 -0.059944030827827427 -0.041849107898873278 0.028092671739777253 -0.0049215584841156264 -0.003291288947853869 0.0048492647761085098 0.003630037264837608 0.044413609350062014 0.028045044057423796 0.0066494220025225467 -0.071323958257767245 -0.013512060136522281 -0.053314102683123699 0.036865130647956094 0.0065093265370519864 0.026315800827228775 0.096191349814022317 0.035550298351925726 -0.020968998115444348 0.042817313337743079 -0.032367668927892307 -0.061765317200457297 0.024174926787364635 0.028584325695776278 -0.042583113305223783 0.037637105375946868
leaf_weight=3779.1823553536087 5.1510181538760653 1.4583039665594686 6.3041857779026023 7.3046646537259248 5.1986329741775981 7.8984051989391437 7.1128453966230172 21.827799228951335 8.680366471409803 12.525509387254713 9.9127894267439824 9.3199149724096042 5.3523178650066283 47.28998976200819 7.2196425665169963 8.7587841153144801 8.1942516872659308 31.738440373912454 5.6962439231574562 9.519956938922407 6.7021850496530515 6.5428685620427132 10.21903086081147 13.476227985695003 5.1138076828792691 3.5452643036842373 3.6736570149660128 7.7058208007365456 7.7576526794582605 14.803406621329485
leaf_count=19782 32 15 30 44 32 48 36 99 37 54 53 46 25 253 34 45 40 165 35 46 28 31 50 65 32 16 17 41 39 74
internal_value=-0.000143992 0.00686146 -0.00710395 -0.00237293 -0.0109965 -0.00587875 0.011869 0.0203708 0.00288058 -0.0130824 0.0257702 0.0212413 0.00577628 0.00133494 -0.022811 -0.0402257 -0.0313047 0.0220992 0.0142234 0.025141 0.0492717 0.0671011 0.00160175 0.023841 0.00234202 0.007489 -0.0105521 -0.000532892 -0.020672 0.0141661
internal_weight=4085.19 306.004 80.4897 74.1856 56.9681 51.7695 225.514 93.7048 38.4242 20.4239 17.2175 18.0003 131.809 106.107 21.3307 15.9784 13.3453 92.2465 60.5081 38.6803 18.9413 13.2451 19.739 25.7029 12.2267 84.7758 22.6824 19.1371 11.4313 62.0934
internal_count=21344 1562 416 386 289 257 1146 469 185 102 97 83 677 544 104 79 72 454 289 190 94 59 96 133 68 440 113 97 56 327
is_linear=0
shrinkage=0.05


Tree=121
num_leaves=31
num_cat=0
split_feature=46 18 11 5 13 28 30 12 32 30 33 34 21 12 21 12 12 13 24 23 10 30 22 22 32 0 33 11 36 13
split_gain=5.87944 7.7684 7.3666 6.158 6.75189 6.30625 4.58281 7.30027 5.04679 4.39779 5.11352 4.39671 8.98406 6.63349 6.67854 4.0814 4.38957 4.1033 6.26809 7.47387 3.80864 4.56546 5.71773 4.98636 4.33165 3.96882 6.65486 4.8981 6.0314 7.23713
threshold=1.0000000180025095e-35 -0.77499999999999991 29425.000000000004 4.5000000000000009 -13924.999999999998 -1.0999999999999999 0.78888888888888908 25175.000000000004 0.30000000000000027 0.24038461538461542 0.33964285714285747 0.70714285714285718 87.500000000000014 4425.0000000000009 -257.49999999999994 11725.000000000002 16675.000000000004 6575.0000000000009 2.5000000000000004 142.45000000000002 -2.4999999999999996 0.11805555555555557 -1.5833333333333333 87.166666666666671 0.20000000000000381 0.51666666666666672 0.35963800904977405 22875.000000000004 0.48333333333333339 775.00000000000011
decision_type=2 2 2 2 2 2 2 2 2 2 2 2 2 2 2 2 2 2 2 2 2 2 2 2 2 2 2 2 2 2
left_child=-1 2 3 -2 -5 6 7 -6 -9 -10 -11 13 -13 -3 -15 -14 -17 18 19 -18 -16 22 -22 -24 -23 27 -27 -26 -29 -30
right_child=1 11 -4 4 5 -7 -8 8 9 10 -12 12 15 14 20 16 17 -19 -20 -21 21 24 23 -25 25 26 -28 28 29 -31
leaf_value=-0.00067708504627506192 -0.029297833956847492 -0.044267460807266901 -0.058408053526283005 -0.048402105170121119 -0.03478145701368273 -0.023821819091795478 0.052941381619336314 0.056682994130197319 -0.025703219905394439 -0.023361561180978624 0.044449851696694923 0.042332414400200337 0.043177974459041868 0.06309331913381043 -0.021562342402539306 -0.057350521241197674 -0.019165633223267812 0.03594689163843625 -0.031864727445493464 0.048201760337334143 0.077077793473647072 -0.031436029366751203 -0.0056886115059325204 0.04312346370848183 0.023310155812265709 0.071172212457246878 0.010576625410633046 -0.030495484758586849 -0.066770849945508776 0.015444865652298285
leaf_weight=3779.1812994256616 16.346094932407141 6.0935907717794171 6.2694167587906113 5.1760697532445183 6.7539964308962217 10.314912199974058 8.2106403019279224 7.7707624007016447 6.1116788834333446 3.7245063185691825 9.5521984398365003 30.093756672926247 6.5566080799326292 5.3102519214153281 11.072013299912213 2.8955766335129729 7.6372190937399926 8.4461209475994092 11.461850710213183 8.5628790333867055 4.7213836554437902 7.8157400637865058 11.503780780360104 9.2427125275135023 16.027067311108112 5.4666358679533031 26.423603095114231 18.730101138353348 2.8978660926222828 24.141011390835047
leaf_count=19782 88 65 30 55 35 45 40 34 25 17 47 159 50 23 48 14 39 38 54 37 24 39 50 42 91 28 130 83 13 119
internal_value=-0.000136617 0.00653462 -0.00677926 -0.00226239 0.00535877 0.0108425 0.0194856 0.0111068 0.0227876 0.0087248 0.0250205 0.0113031 0.0211456 0.00627624 0.00848896 0.00697958 0.000671822 0.00560838 -0.003571 0.0162132 0.00630807 0.00879282 0.0277106 0.0159202 0.00397434 0.00701212 0.0213103 -0.000308251 -0.00872058 0.00623567
internal_weight=4084.51 305.33 80.2303 73.9609 57.6148 52.4387 42.1238 33.9131 27.1591 19.3884 13.2767 225.1 75.654 149.446 143.352 45.5603 39.0036 36.1081 27.6619 16.2001 138.042 126.97 25.4679 20.7465 101.502 93.6863 31.8902 61.796 45.769 27.0389
internal_count=21344 1562 416 386 298 243 198 158 123 89 64 1146 391 755 690 232 182 168 130 76 667 619 116 92 503 464 158 306 215 132
is_linear=0
shrinkage=0.05


Tree=122
num_leaves=31
num_cat=0
split_feature=46 18 10 19 12 8 34 21 12 21 38 38 41 12 37 14 6 38 10 23 21 20 22 37 8 22 24 21 34 21
split_gain=5.3184 7.05006 6.75029 7.53324 4.48305 6.67996 3.99354 8.15956 5.95596 6.10842 4.1027 3.98005 10.9216 8.16573 7.74116 7.31801 9.22804 7.18195 7.71474 7.86941 6.3937 8.67255 7.92946 6.98107 6.49274 6.46485 6.38954 6.3664 5.91125 7.5437
threshold=1.0000000180025095e-35 -0.77499999999999991 -4.4999999999999991 -130.49999999999997 27875.000000000004 0.21498599439775914 0.70714285714285718 87.500000000000014 4425.0000000000009 -257.49999999999994 0.8000000000000006 0.4800000000000007 1.0000000180025095e-35 4775.0000000000009 0.48888888888889209 -1.4999999999999998 -3.4999999999999996 0.48000000000000159 -4.4999999999999991 190.10000000000002 241.50000000000003 397.50000000000006 -11.166666666666666 0.41111111111112192 0.19098277608915909 33.833333333333336 8.5000000000000018 299.50000000000006 0.63961038961038974 254.50000000000003
decision_type=2 2 2 2 2 2 2 2 2 2 2 2 2 2 2 2 2 2 2 2 2 2 2 2 2 2 2 2 2 2
left_child=11 2 3 -2 -4 -6 8 -8 -3 -10 -9 12 14 15 -1 -14 -17 18 -13 -20 21 -19 23 -22 -24 -23 -26 28 -16 -30
right_child=1 6 4 -5 5 -7 7 10 9 -11 -12 17 13 -15 27 16 -18 20 19 -21 22 25 24 -25 26 -27 -28 -29 29 -31
leaf_value=0.0012921712135882349 -0.0040782659835920587 -0.041659525024281503 -0.020058016508891049 0.061325752873572219 -0.03159511354169052 0.056028077019288781 0.040418152258286009 0.014400291793647352 0.060557627479008946 0.0060056219697182276 -0.0224414685049628 0.026764806613025795 0.071020851685681424 -0.010298481558905531 0.014297336629528682 -0.073569110766862678 0.027418044706230212 -0.00071123448895893371 -0.047521501173996145 0.018887681396913887 0.037955721040176582 -0.051937602506503915 0.054690935859677083 -0.041016644927361498 -0.0062883256778489167 0.026248769973371396 0.035648245672201241 0.030625074135444016 0.0016503328344562491 -0.055834453607670725
leaf_weight=967.88268932234496 11.827304259873928 6.1559012681245795 52.663121006451547 6.7858577007427803 3.6486836671829206 4.9710050988942385 29.951477301307023 36.057937257923186 5.261397421360015 137.85370312537998 9.3796754134818894 5.9172197273001066 5.6781535595655468 243.63535464182496 136.83631315361708 2.905372705310584 9.0130974333733285 1683.4388825017959 23.642857952043418 5.3148142509162417 3.0046481583267477 2.6865547597408286 4.4079825505614272 25.037002203054726 486.72064070776105 42.719643226824701 9.1248579286038858 35.829849503003061 79.34331688657403 6.0404845960438243
leaf_count=4972 70 65 274 31 16 25 159 184 23 667 48 31 23 1182 672 15 84 8729 118 32 14 11 21 153 2734 251 122 196 393 29
internal_value=-0.00012974 0.0062238 -0.00648792 0.0196994 -0.0145423 0.0184271 0.0107676 0.0201694 0.00597541 0.00808694 0.00665268 -0.000643232 0.00136913 -0.00790555 0.00335002 0.0248143 0.00197702 -0.00195113 -0.0244453 -0.0351378 -0.00160029 -0.000126178 -0.00641393 -0.0322723 -0.00494828 0.0214089 -0.00549947 0.0110457 0.00785391 -0.0024185
internal_weight=4083.74 304.556 79.896 18.6132 61.2828 8.61969 224.66 75.3891 149.271 143.115 45.4376 3779.18 1487.16 261.232 1225.93 17.5966 11.9185 2292.02 34.8749 28.9577 2257.14 1728.85 528.295 28.0417 500.253 45.4062 495.845 258.05 222.22 85.3838
internal_count=21344 1562 416 101 315 41 1146 391 755 690 232 19782 7566 1304 6262 122 99 12216 181 150 12035 8991 3044 167 2877 262 2856 1290 1094 422
is_linear=0
shrinkage=0.05


Tree=123
num_leaves=31
num_cat=0
split_feature=46 18 11 8 10 13 12 13 4 14 10 13 5 30 24 37 8 32 8 30 21 37 19 12 13 37 8 5 30 29
split_gain=4.80953 6.37293 6.57659 6.45962 5.41085 7.78459 5.6752 4.40885 3.73876 5.81432 5.23646 4.8906 3.89274 9.08216 5.05737 5.4914 6.37542 6.65318 5.72434 8.31904 5.3124 4.70981 7.02274 6.23768 4.70766 5.74331 5.31961 5.12262 4.6839 4.41106
threshold=1.0000000180025095e-35 -0.77499999999999991 29425.000000000004 0.47092630155510484 -4.4999999999999991 -4574.9999999999991 27675.000000000004 -5924.9999999999991 21.500000000000004 2.5000000000000004 3.5000000000000004 6675.0000000000009 8.5000000000000018 0.59166666666666679 1.5000000000000002 0.55555555555556468 0.41486424298205254 0.66666666666667129 0.62476765799256517 0.48529411764705888 -268.49999999999994 0.51666666666667549 -101.49999999999999 18375.000000000004 6075.0000000000009 0.33333333333333459 0.61769724954828364 3.5000000000000004 0.19090909090909094 0.24038461538461542
decision_type=2 2 2 2 2 2 2 2 2 2 2 2 2 2 2 2 2 2 2 2 2 2 2 2 2 2 2 2 2 2
left_child=-1 2 3 4 5 -2 -6 -5 12 -10 -11 -12 14 -14 20 16 -16 24 19 -17 -3 22 -22 -24 -18 27 -27 -26 -23 -25
right_child=1 8 -4 7 6 -7 -8 -9 9 10 11 -13 13 -15 15 18 17 -19 -20 -21 21 28 23 29 25 26 -28 -29 -30 -31
leaf_value=-0.00061077255628871777 -0.041173163208773671 0.09414582491293208 -0.055155928944421152 -0.013481085710425096 -0.029463997640838731 0.037771091767297607 0.014786840704261889 0.041157597250856867 -0.029166892456827926 0.053198155910358938 -0.05058083032808413 0.031724488701605422 0.011313521733831771 0.066561084879487753 0.037659587079562309 0.022792110256138611 -0.039827339745379407 0.042233227057107761 0.02796483405248805 -0.066651772676781101 0 0.046637418490111694 -0.0065158625270119938 0.020675534762881937 -0.081440713896877973 -0.026698216607287769 0.036436217493331133 0 -0.002352562305372933 0.080781858252150299
leaf_weight=3778.2664227541536 4.2250483920797697 2.215058139525353 6.2177916131913653 5.0639309175312546 32.139961496926844 10.868349820375441 9.1127021647989732 12.114322517067192 14.161711447872223 5.5622785640880448 3.6699902415275574 3.3088094126433134 26.232996087521315 10.48965583834797 6.2060375250875941 5.8978446125984174 19.615003421902657 4.3116725189611307 27.05511118657887 4.4374157525599003 11.409377926029267 5.5938703948631874 3.840067587792876 4.686801701784133 3.7429468352347639 5.126356052234768 8.9111934229731542 3.9050710611045361 33.091338166967034 10.908826517872511
leaf_count=19782 31 11 30 38 168 47 43 59 88 37 20 28 124 58 28 30 84 22 143 26 55 27 19 20 20 30 51 21 156 48
internal_value=-0.000122612 0.00592384 -0.00617278 -0.00189318 -0.0101421 0.0152178 -0.019556 0.0247766 0.010246 -0.00717438 0.0172989 -0.0109548 0.0126269 0.0273684 0.00921755 0.00120485 -0.00926575 -0.0158282 0.0158351 -0.0154019 0.0190955 0.016501 0.0310713 0.0492744 -0.0220978 -0.00572248 0.0130008 -0.0404577 0.00470444 0.0632841
internal_weight=4082.39 304.122 79.7421 73.5243 56.3461 15.0934 41.2527 17.1783 224.379 26.7028 12.5411 6.9788 197.677 36.7227 160.954 89.2087 51.8183 45.6122 37.3904 10.3353 71.7453 69.5303 30.8451 19.4357 41.3006 21.6856 14.0375 7.64802 38.6852 15.5956
internal_count=21344 1562 416 386 289 78 211 97 1146 173 85 48 973 182 791 455 256 228 199 56 336 325 142 87 206 122 81 41 183 68
is_linear=0
shrinkage=0.05


Tree=124
num_leaves=31
num_cat=0
split_feature=46 18 11 8 8 10 11 36 29 38 4 38 41 11 37 16 19 5 15 19 38 10 23 20 37 8 11 34 37 20
split_gain=4.36365 5.78242 5.99674 5.84095 4.97749 4.03076 7.29643 4.45013 6.28054 4.01666 4.39683 3.59329 9.85974 9.266 7.25719 10.4111 7.85979 6.70687 6.70932 6.77153 6.48935 6.99458 7.15172 6.08252 6.04353 6.74638 7.76625 5.61266 6.56923 6.89847
threshold=1.0000000180025095e-35 -0.77499999999999991 29425.000000000004 0.47092630155510484 0.41206791995148578 -4.4999999999999991 22775.000000000004 0.48333333333333339 0.48529411764705888 0.56035714285714444 1.5000000000000002 0.4800000000000007 1.0000000180025095e-35 4475.0000000000009 0.55555555555556235 3.5000000000000004 -349.49999999999994 18.500000000000004 -3.4999999999999996 333.50000000000006 0.48000000000000159 -4.4999999999999991 197.10000000000002 328.50000000000006 0.33333333333334236 0.28633540372670813 22075.000000000004 0.9545454545454547 0.53888888888889619 146.50000000000003
decision_type=2 2 2 2 2 2 2 2 2 2 2 2 2 2 2 2 2 2 2 2 2 2 2 2 2 2 2 2 2 2
left_child=11 2 3 4 5 6 -2 8 -7 -9 -11 12 14 -14 -1 16 -16 18 -18 23 21 -13 -23 -20 25 -22 -27 28 -15 -30
right_child=1 -3 -4 -5 -6 7 -8 9 -10 10 -12 20 13 27 15 -17 17 -19 19 -21 24 22 -24 -25 -26 26 -28 -29 29 -31
leaf_value=0.0019855132980161542 -0.034519045414843789 0.0097716791099984966 -0.052852515938320015 0.023566180366216247 -0.05639816933686273 -0.0077317770310166836 0.042573620813388224 0.019472246726660383 -0.076718642270324336 -0.05163145208390111 0.01115919221370878 0.025294066313545135 0.039831005408553839 -0.010010942503793793 -0.065066025614165454 0.0556309188685453 0.062876232396041273 -0.038732193620867758 0.020087452905986788 -0.039177308634141296 0.050120009434535623 -0.044638912281742271 0.021199665472535163 -0.029021369588901572 -0.0019692912708511065 -0.029591532907051511 0.014805399399785639 -0.039502059102596826 0.037513721407017538 -0.029120260520670894
leaf_weight=1113.3625332331285 4.353447798639535 223.87831054441631 6.1699144691228858 17.152456754818559 5.0938520198687902 8.5075127184391004 9.5210470259189588 12.328756742179396 5.5183467241004101 5.7821150990203005 5.0439427569508553 5.9600626844912759 9.8181983688846213 216.93701217696071 3.2937530875205985 13.971711301244794 6.8905989034101358 5.9084973111748686 69.654087859205902 5.9411372672766438 10.216189179569481 24.047977224923674 4.7997712716460219 6.7657256666570893 2182.3809830294922 11.998942298814653 52.028471570461988 14.535709334537385 14.645730620250108 5.1069078352302304
leaf_count=5711 27 1146 30 97 32 44 40 59 34 28 25 31 74 1070 16 73 33 38 330 30 45 120 30 31 11665 74 251 67 69 24
internal_value=-0.00011574 0.00565142 -0.0058906 -0.001803 -0.00966981 -0.00480877 0.0179523 -0.0134619 -0.035579 0 -0.0220848 -0.000580235 0.00133199 -0.0074836 0.00321389 0.0153217 0.00949995 0.012199 0.0156662 0.0115843 -0.0018232 -0.0232264 -0.0334764 0.0156421 -0.00148983 0.0125203 0.00637413 -0.00936772 -0.00748007 0.0199742
internal_weight=4081.61 303.35 79.4714 73.3015 56.149 51.0552 13.8745 37.1807 14.0259 23.1548 10.8261 3778.26 1486.83 261.044 1225.79 112.426 98.4538 95.16 89.2515 82.361 2291.43 34.8078 28.8477 76.4198 2256.62 74.2436 64.0274 251.225 236.69 19.7526
internal_count=21344 1562 416 386 289 257 67 190 78 112 53 19782 7566 1304 6262 551 478 462 424 391 12216 181 150 361 12035 370 325 1230 1163 93
is_linear=0
shrinkage=0.05


Tree=125
num_leaves=31
num_cat=0
split_feature=13 12 28 29 12 19 32 37 19 12 37 33 17 21 7 33 33 25 21 29 13 19 33 13 32 31 21 21 25 31
split_gain=4.49594 7.62929 10.3251 9.21337 13.757 9.17634 8.57113 7.70356 7.32038 7.2926 6.82566 8.0886 6.46568 6.36943 5.99896 5.99389 5.91619 5.90055 6.26009 5.57374 5.11788 5.96001 5.70164 7.11094 8.19711 6.66226 6.55339 7.69395 5.91587 6.55878
threshold=8725.0000000000018 23375.000000000004 1.4500000000000002 0.97058823529411775 14325.000000000002 -443.49999999999994 0.93333333333333435 0.25000000000000028 397.50000000000006 23675.000000000004 0.6111111111111206 0.45714285714285746 0.41666666666666669 344.50000000000006 133.50000000000003 0.41333333333333311 0.49999999999999983 1.5000000000000002 -237.49999999999997 0.39444444444444454 -14274.999999999998 -155.49999999999997 0.75055555555555575 -13474.999999999998 0.97222222222222798 0.81666666666666676 328.50000000000006 308.50000000000006 -3.4999999999999996 0.88194444444444453
decision_type=2 2 2 2 2 2 2 2 2 2 2 2 2 2 2 2 2 2 2 2 2 2 2 2 2 2 2 2 2 2
left_child=1 2 5 12 -5 -1 9 -6 14 10 13 15 -4 17 20 -12 -13 18 -3 -19 21 -7 23 -22 26 -24 27 28 -25 -30
right_child=-2 6 3 4 7 8 -8 -9 -10 -11 11 16 -14 -15 -16 -17 -18 19 -20 -21 22 -23 25 24 -26 -27 -28 -29 29 -31
leaf_value=-0.043413552886545859 0.0038507913481515624 0.063538627772178738 -0.046888578797490449 0.066231896565978499 0.063312777655569391 0.0061189575157847504 0.028907316459054394 -0.024993291672076406 0.026893964661949984 0.00012019976655098704 0.038489688947976011 -0.049220615387373823 -0.012237709232973581 -0.036258210789748321 -0.055892045834898207 0.11144314254614081 0.026153902050931072 0.0011137039395608987 -0.014709059494094163 0.052361566692006527 0.053381387718092754 -0.040090716639115856 -0.05201896285530247 -0.013724460998384445 -0.060130984511207464 -0.0017346742434326675 0.027283508886650983 -0.054417658737252766 0.005658985113718761 -0.012561381909036766
leaf_weight=12.146283949725328 705.5140873035416 2.7969572562724379 14.157268178649245 9.1118190065026301 2.8744544908404377 11.590607771649958 27.026486571878195 14.077989194542168 24.730645444244146 2332.4454567283392 9.1408248506486434 3.2342159859836093 292.08321754075587 7.9222809532657257 4.803596068173646 4.3573362044990054 11.477626435458658 9.5079120621085185 21.057043657638133 12.528631109744309 6.5151703655719748 16.737398745492101 10.726014077663423 57.647310007363558 5.2893965765833846 17.397919926792383 24.036199733614922 6.1719734519720069 381.3818352855742 56.510128006339073
leaf_count=116 4693 18 69 48 13 232 135 72 117 11287 48 16 1426 42 32 23 57 43 113 57 38 231 53 269 26 96 102 27 1678 239
internal_value=0.000217046 -0.000533498 -0.0042905 -0.0114321 0.0169729 -0.000548163 0.000954122 -0.00944343 0.000285649 0.000637971 0.0152826 0.0351856 -0.0138707 0.00471039 -0.000809228 0.0630538 0.00902575 0.0119551 -0.00509859 0.0305809 -0.000346035 -0.0210528 0.000685621 0.00184398 0.00119233 -0.0212058 0.00183012 0.000595526 0.00130165 0.00329389
internal_weight=4115 3409.48 967.989 332.305 26.0643 635.684 2441.49 16.9524 623.538 2414.47 82.0228 28.21 306.24 53.8128 598.808 13.4982 14.7118 45.8905 23.854 22.0365 594.004 28.328 565.676 537.552 531.037 28.1239 525.747 501.711 495.539 437.892
internal_count=21416 16723 4884 1628 133 3256 11839 85 3140 11704 417 144 1495 273 3023 71 73 231 131 100 2991 463 2528 2379 2341 149 2315 2213 2186 1917
is_linear=0
shrinkage=0.05


Tree=126
num_leaves=31
num_cat=0
split_feature=38 21 23 37 12 12 34 21 15 11 21 19 44 8 37 11 31 35 20 16 20 39 36 27 18 10 11 8 27 15
split_gain=5.36809 7.16688 7.96346 7.97464 7.01809 6.78473 10.7097 6.01018 5.70427 5.55596 5.39052 7.70869 8.69092 7.3674 7.88685 7.29392 7.35678 6.66901 7.9649 7.75108 5.80549 7.26257 5.6955 5.33916 5.85521 7.77775 5.33203 5.28987 5.19969 5.29101
threshold=0.46000000000000069 188.50000000000003 13.633333333333335 0.70000000000000417 27675.000000000004 27375.000000000004 0.59411764705882364 800.50000000000011 3.5000000000000004 12575.000000000002 -210.49999999999997 -301.49999999999994 1.0000000180025095e-35 0.47639311043566368 0.30555555555556396 28325.000000000004 0.97058823529411775 0.19090909090909094 100.50000000000001 1.0000000180025095e-35 -242.49999999999997 1.0000000180025095e-35 0.48333333333333339 1.0000000180025095e-35 -0.77499999999999991 -5.4999999999999991 4025.0000000000005 0.59959514170040495 0.58333333333333337 -2.4999999999999996
decision_type=2 2 2 2 2 2 2 2 2 2 2 2 2 2 2 2 2 2 2 2 2 2 2 2 2 2 2 2 2 2
left_child=1 2 8 26 5 -3 -7 -2 10 -10 13 12 -12 20 -15 16 17 19 28 -13 -1 23 -16 24 25 -22 -4 -6 29 -19
right_child=7 4 3 -5 27 6 -8 -9 9 -11 11 15 -14 14 22 -17 -18 18 -20 -21 21 -23 -24 -25 -26 -27 -28 -29 -30 -31
leaf_value=0.0030263343452179283 -0.0012230897227671587 0.0076950854203993238 -0.051982959791236051 0.051214149544063441 -0.0011604326519313749 0.01404742625541499 0.090338336083273796 0.051058439570766972 0.097832496497421345 0.019524978967567549 -0.024986188545733028 0.0014364022398995905 0.047653792872714013 0.055003019147222124 0.013901419850996853 -0.0025337469733676134 0.036968133940659988 0.0092175214868403643 -0.028883540792839071 -0.061239815580192751 0.023772216357279444 -0.055193896584728522 -0.037629484059549009 0.037557192895602803 0.02762547934254956 -0.033547171913503232 -0.0051401101819693734 -0.044938446099558355 -0.020018486179464272 0.030313436351487602
leaf_weight=41.041576158255339 2674.2298729093745 442.3141028797254 6.0956573132425538 6.098470644094049 22.653733439743519 16.899547095410529 6.3617388177663079 5.4043355965986839 2.5531576722860363 18.82921415194869 31.147965397685766 41.60794045496732 4.6098917312920085 8.8593175299465639 21.712425696663562 94.033508457243443 30.302488319575787 52.344155092723668 9.1510523837059718 5.4763097725808612 6.8988198973238459 12.442736024037002 7.0023568635806432 4.6726732067763797 6.0756082572042933 36.003240304067731 408.84022667910904 9.986151557415722 7.8415679372847071 71.700091902166605
leaf_count=233 14101 2288 55 29 116 92 29 55 12 89 163 210 21 56 130 418 142 264 47 28 34 60 36 22 26 162 2041 49 41 367
internal_value=0.000205972 0.00267646 9.06819e-05 -0.00500224 0.00751993 0.00909852 0.0354237 -0.00111388 0.00426986 0.0295199 0.00315865 0.006535 -0.0153752 -0.0049303 0.014035 0.00906254 0.0140766 0.010345 0.0157913 -0.00586176 -0.0116353 -0.020806 0.00107465 -0.0126498 -0.0176084 -0.0241799 -0.00585267 -0.0148034 0.0189485 0.0214663
internal_weight=4113.19 1433.56 935.34 421.034 498.215 465.575 23.2613 2679.63 514.306 21.3824 492.924 348.215 35.7579 144.709 37.5741 312.457 218.424 188.121 141.037 47.0843 107.135 66.0931 28.7148 53.6503 48.9777 42.9021 414.936 32.6399 131.886 124.044
internal_count=21416 7260 4686 2125 2574 2409 121 14156 2561 101 2460 1701 184 759 222 1517 1099 957 719 238 537 304 166 244 222 196 2096 165 672 631
is_linear=0
shrinkage=0.05


Tree=127
num_leaves=31
num_cat=0
split_feature=38 21 23 37 12 12 27 21 13 6 11 11 38 27 17 11 29 36 38 13 37 6 21 21 24 21 19 19 31 5
split_gain=4.84691 6.47691 7.18877 7.19198 6.35087 6.13538 5.76651 5.59212 5.31146 7.69436 7.36669 7.03495 5.97443 5.36027 5.29033 5.18287 7.32007 7.86713 6.91683 5.95603 6.79517 5.85104 7.41461 7.51094 7.92004 10.636 8.85618 7.16942 6.67092 6.44154
threshold=0.46000000000000069 188.50000000000003 13.633333333333335 0.70000000000000417 27675.000000000004 27375.000000000004 0.83333333333333337 800.50000000000011 12525.000000000002 23.500000000000004 28325.000000000004 28225.000000000004 0.45000000000000129 -1.1666666666666663 1.5833333333333337 4475.0000000000009 0.37171052631578955 0.19090909090909094 0.42333333333333428 -19674.999999999996 0.40000000000000763 11.500000000000002 -210.49999999999997 -228.49999999999997 -1.4999999999999998 -294.49999999999994 -422.49999999999994 -301.49999999999994 0.97058823529411775 10.500000000000002
decision_type=2 2 2 2 2 2 2 2 2 2 2 2 2 2 2 2 2 2 2 2 2 2 2 2 2 2 2 2 2 2
left_child=1 2 8 -4 5 -3 -7 -2 9 10 11 15 -12 -10 -8 16 -1 -18 -19 20 -17 22 23 24 26 -26 -21 29 -29 -24
right_child=7 4 3 -5 -6 6 14 -9 13 -11 12 -13 -14 -15 -16 19 17 18 -20 21 -22 -23 27 -25 25 -27 -28 28 -30 -31
leaf_value=-0.043974931100736504 -0.001161950133497764 0.0073178903501626182 -0.0055602159941575517 0.048556267488269661 -0.014089331969150857 0.068531037897536368 -0.03232891485777635 0.049988286326061331 0.079085231000187314 -0.043334589738057289 -0.0094567286917389293 0.065240625375838829 0.036405234120847944 0.015645255079580072 0.033066286993772114 0.0028790288579208668 -0.061021646743497054 0.045927594514192954 -0.044228226195420051 0.039474023056553759 0.10853585436014407 0.053858887434915841 0.0031732136629937218 -0.050558374366008074 -0.0044496830536216612 0.049372235259736476 -0.022423299326257185 0.01119029880454636 0.038143540591579594 -0.048032983948879844
leaf_weight=11.722374540753664 2674.2015298530459 441.8738881200552 415.03275312017649 6.1156706707552067 32.614958948455751 7.8386578988283899 4.0821601822972289 5.250120877288281 4.1231430787593153 8.6944243609905225 116.8308163844049 5.1114729791879645 7.4268059805035582 17.838332063518465 11.333749212324618 3.1456740237772456 3.1306091239675871 9.7152563016861659 2.5772324856370679 6.5340009517967692 3.0540238246321678 6.5605040565133086 21.570254147052768 8.226881340146063 23.657111713662744 14.734753772616385 42.895277094095945 161.44719700142741 26.983994465321302 8.3970930464565736
leaf_count=89 14101 2288 2096 29 165 40 18 55 29 61 503 23 34 132 63 28 28 77 21 39 24 41 92 38 115 65 211 748 118 45
internal_value=0.000196069 0.00254391 8.66384e-05 -0.00475116 0.00715144 0.0086543 0.0336941 -0.001058 0.00405748 0.00297014 0.00382154 0.00745546 -0.00664831 0.0280869 0.0153305 0.00658964 -0.0143012 0.00806829 0.0264178 0.00834188 0.0566169 0.00737662 0.00637412 -0.00516397 -0.000801991 0.0161518 -0.014077 0.0114713 0.0150948 -0.0111209
internal_weight=4112.72 1433.27 935.526 421.148 497.743 465.128 23.2546 2679.45 514.377 492.416 483.721 359.464 124.258 21.9615 15.4159 354.352 27.1455 15.4231 12.2925 327.207 6.1997 321.007 314.447 96.048 87.8211 38.3919 49.4293 218.399 188.431 29.9673
internal_count=21416 7260 4686 2125 2574 2409 121 14156 2561 2400 2339 1802 537 161 81 1779 215 126 98 1564 52 1512 1471 468 430 180 250 1003 866 137
is_linear=0
shrinkage=0.05


Tree=128
num_leaves=31
num_cat=0
split_feature=38 21 23 37 33 32 33 32 12 13 12 12 12 37 4 22 11 31 7 7 37 13 12 20 8 36 21 13 15 21
split_gain=4.37698 5.85257 6.4869 6.61348 5.98581 10.0466 5.84701 5.97095 6.73538 7.13073 6.15886 5.57627 8.58716 8.50657 6.20289 5.4291 7.06664 5.55623 6.90589 6.40658 6.30161 5.69343 6.30255 5.39545 7.37371 5.66216 6.64027 6.60038 5.22544 5.202
threshold=0.46000000000000069 188.50000000000003 13.633333333333335 0.6666666666666794 0.46000000000000024 0.40000000000000191 0.47777777777777813 0.55000000000000149 27675.000000000004 14975.000000000002 19375.000000000004 23325.000000000004 24875.000000000004 0.20000000000000873 8.5000000000000018 274.83333333333343 4775.0000000000009 0.39444444444444454 11.500000000000002 17.500000000000004 0.36666666666667241 2775.0000000000005 20425.000000000004 -171.49999999999997 0.42656862745098045 0.73863636363636376 287.50000000000006 18325.000000000004 3.5000000000000004 800.50000000000011
decision_type=2 2 2 2 2 2 2 2 2 2 2 2 2 2 2 2 2 2 2 2 2 2 2 2 2 2 2 2 2 2
left_child=1 2 28 -4 5 23 -6 -8 9 10 -9 -12 -13 -14 -15 16 -7 19 -19 -18 21 -20 -23 24 -3 27 -27 -25 -1 -2
right_child=29 4 3 -5 6 15 7 8 -10 -11 11 12 13 14 -16 -17 17 18 20 -21 -22 22 -24 25 -26 26 -28 -29 -30 -31
leaf_value=0.0027932212162658765 -0.0011038667399708303 0.081137963236103033 -0.0054686677767531444 0.036770036272214389 -0.028223814900638952 0.077985194905500474 0.011954333210490414 0.031251976301392793 -0.062154643801379139 -0.039480246942468634 -0.025691352688124808 0.036517128885265614 -0.061060840809923272 -0.023390732512010043 0.033343444804705968 0.042068611544551354 -0.041202809431984254 0.043483173615224774 0.062281680630499242 0.025451193278056884 -0.036362963196168552 0.046085803552953233 -0.040008033096970576 -0.0027270456637817457 0.012090171966657999 -0.0036279071309265848 0.062483828094335336 0.034650162701165971 0.02803589995208923 0.048926343951998623
leaf_weight=492.81459789536893 2674.1734524425119 5.0843183454126146 411.98151869792491 9.3551193214952928 16.660716569051147 4.1891306610777965 88.24092307779938 15.001782753504811 4.994369037449359 11.464220548048614 20.373652529902756 14.80268360301852 6.3168788701295879 9.3138027312234062 9.7011720240116102 31.524111350998282 9.0264140181243402 18.035267218947411 5.1297442317008999 5.7810851577669373 7.175347711890935 3.546034097671507 4.9703292548656464 162.00954155437648 16.391127644106746 6.8295410610735408 8.0646183937787992 12.639424924738703 21.359894290566444 5.1018400751054278
leaf_count=2460 14101 27 2082 43 88 25 463 71 23 88 96 69 28 45 46 187 43 79 24 28 35 20 23 803 78 32 36 117 101 55
internal_value=0.000186678 0.00241834 8.29352e-05 -0.00451046 0.006801 0.0112408 0 0.00264998 -0.00622623 -0.0028895 0.00264459 -0.0044054 0.00631279 -0.0112147 0.00531568 0.0252962 0.0160138 0.0109472 0.0209186 -0.0148485 0.00102003 0.0211619 -0.00346126 0.0052548 0.0289693 0.00252769 0.0320136 0 0.00385683 -0.00100491
internal_weight=4112.05 1432.78 935.511 421.337 497.266 300.396 196.87 180.209 91.9686 86.9742 75.51 60.5082 40.1345 25.3319 19.015 89.3775 57.8534 53.6642 38.8567 14.8075 20.8215 13.6461 8.51636 211.019 21.4754 189.543 14.8942 174.649 514.174 2679.28
internal_count=21416 7260 4686 2125 2574 1557 1017 929 466 443 355 284 188 119 91 464 277 252 181 71 102 67 43 1093 105 988 68 920 2561 14156
is_linear=0
shrinkage=0.05


Tree=129
num_leaves=31
num_cat=0
split_feature=15 21 19 7 0 35 7 4 23 38 11 32 12 44 23 37 21 27 19 16 33 12 31 13 6 30 34 9 19 8
split_gain=3.99872 7.53052 7.86567 9.96861 8.61591 13.6966 7.23469 11.4009 6.35881 6.35841 7.10197 6.28871 6.12692 6.12203 6.51789 8.37163 10.5869 6.39566 6.50389 5.94834 6.33722 5.86165 5.73003 5.68621 6.94829 5.29156 5.20537 7.63913 7.83955 7.32758
threshold=-2.4999999999999996 -329.49999999999994 -315.49999999999994 21.500000000000004 0.38333333333333336 0.59411764705882364 79.500000000000014 55.500000000000007 128.67500000000004 0.45333333333333503 30425.000000000004 0.3000000000000021 8025.0000000000009 1.0000000180025095e-35 -126.54999999999998 0.48888888888889748 -152.49999999999997 -1.1666666666666663 -282.49999999999994 4.5000000000000009 0.20000000000000009 27325.000000000004 0.24038461538461542 1475.0000000000002 -4.4999999999999991 0.32291666666666669 1.0000000180025095e-35 1.0000000180025095e-35 1.0000000180025095e-35 0.14400921658986179
decision_type=2 2 2 2 2 2 2 2 2 2 2 2 2 2 2 2 2 2 2 2 2 2 2 2 2 2 2 2 2 2
left_child=1 26 3 4 -3 -6 8 -8 9 10 13 -12 -10 14 15 16 23 18 -16 20 22 -9 -11 24 -4 -26 -1 28 29 -28
right_child=-2 2 6 -5 5 -7 7 21 12 19 11 -13 -14 -15 17 -17 -18 -19 -20 -21 -22 -23 -24 -25 25 -27 27 -29 -30 -31
leaf_value=-0.031536351531341121 0.00091994142035504685 -0.026699492408178434 -0.042953071218768818 -0.0529376226129901 -0.045523643529448217 0.037400831893671542 0.066970470041353702 -0.048222314289491801 0.035545241215332264 -0.042475165815538007 -0.07745313407537005 -0.00063010411253319656 -0.034974383110352232 0.035576522127190084 0.047244548042191893 -0.033870366600686944 0.062606853231946841 0.0093520233676620806 -0.022415912683484345 -0.056758128129646625 -0.0038883804086891436 0.027770997032399915 0.0099930284553626098 0.055342817168297434 0.05575161349983776 -0.016387794783075053 0.04580477350547494 0.038450380835231335 -0.064066216215670921 0.002013146416334992
leaf_weight=7.2670899480581275 3354.8919656248763 32.566249646246433 7.258273899555209 17.916396991349757 6.9395498055964735 16.727275527082384 9.1550290212035197 4.9390654917806369 3.337191782891753 20.177904065698389 4.5795435011386854 6.4986847788095474 26.254820734262466 17.717535278759897 3.5136308558285227 5.8917902782559386 14.535782545804976 49.389691215008497 41.062533114105463 5.759730687364935 325.02848475426435 4.9487255252897739 6.7647477686405173 4.7274414971470824 5.1554914508014935 4.7045784331858158 11.091051578521727 21.328612040728331 3.8180961683392516 67.387881006114185
leaf_count=34 17338 175 42 141 37 79 66 35 25 107 19 27 114 86 17 29 66 230 208 31 1655 34 30 22 27 25 65 142 27 483
internal_value=0.000178339 -0.00310381 -0.00517652 -0.0204989 -0.00999917 0.0127862 -0.00317619 0.0270089 -0.00423059 -0.00294082 0.0051586 -0.0332435 -0.0267603 0.00797413 0.00432438 0.0206197 0.0296498 -0.00296752 -0.0167197 -0.00669176 -0.00584237 -0.00979068 -0.0291283 0.00730753 -0.005912 0.0210105 0.008911 0.0118234 0.00482358 0.00831605
internal_weight=4111.33 756.443 645.55 74.1495 56.2331 23.6668 571.401 19.0428 552.358 522.766 165.035 11.0782 29.592 153.957 136.239 42.2734 36.3816 93.9659 44.5762 357.731 351.971 9.88779 26.9427 21.8458 17.1183 9.86007 110.893 103.626 82.297 78.4789
internal_count=21416 4078 3327 432 291 116 2895 135 2760 2621 798 46 139 752 666 211 182 455 225 1823 1792 69 137 116 94 52 751 717 575 548
is_linear=0
shrinkage=0.05


Tree=130
num_leaves=31
num_cat=0
split_feature=8 33 36 27 18 8 13 39 30 11 21 21 19 8 11 21 22 8 11 35 11 23 8 38 19 13 19 30 21 29
split_gain=3.87208 9.96265 9.03733 6.7043 9.86541 5.55905 7.87323 5.73113 10.0775 7.11595 9.76205 6.84882 6.65931 7.57517 11.0773 7.48149 7.31994 6.59121 5.83807 8.42025 6.60291 6.23443 5.39462 5.35294 4.87344 5.28985 7.95336 5.27504 5.10653 4.85778
threshold=0.90645833333333348 0.42666666666666675 0.5634920634920636 2.5833333333333335 2.4500000000000006 0.87577160493827166 9375.0000000000018 1.0000000180025095e-35 0.11805555555555557 11175.000000000002 410.50000000000006 -305.49999999999994 -323.49999999999994 0.41690476190476194 22625.000000000004 -257.49999999999994 -172.83333333333329 0.55019379844961247 25225.000000000004 0.65833333333333344 26525.000000000004 70.450000000000017 0.21498599439775914 0.46333333333333432 173.50000000000003 19825.000000000004 315.50000000000006 0.59166666666666679 316.50000000000006 0.59166666666666679
decision_type=2 2 2 2 2 2 2 2 2 2 2 2 2 2 2 2 2 2 2 2 2 2 2 2 2 2 2 2 2 2
left_child=5 -2 29 -4 -5 7 -7 -1 12 10 -10 17 -9 15 23 -14 -17 -11 -16 20 -20 -21 -18 -15 -6 26 27 -26 -28 -3
right_child=1 2 3 4 24 6 -8 8 9 11 -12 -13 13 14 18 16 22 -19 19 21 -22 -23 -24 -25 25 -27 28 -29 -30 -31
leaf_value=-0.00070358324917617907 -0.023385735094084634 -0.019398145823243104 0.052886636835475023 -0.055314681669258216 0.063411418565225558 0.038137379059955942 -0.018887747848619595 -0.021108187627521133 -0.020229755786809453 -0.031702379499559216 0.07127609046011496 0.0056733642015118413 -0.0025350533064592332 0.0090398066894517223 0.066075045646248942 0.093600800168789855 0.0013140107892290157 0.026327322170823904 -0.023036803755221026 -0.051665623797851584 0.041614730732917327 0.020038905567044879 0.050691011414715326 -0.047000562814735879 -0.061486110053457013 0.061905671022032566 0.059377233361776083 0.0033145172108700288 -0.0080080299807245656 0.0041209381186922125
leaf_weight=3281.4267802694812 62.616585739888251 48.652529313229024 10.694271013140677 5.1741589233279219 4.9933468028902999 21.091653600335125 8.2700878074392659 9.8207185342907888 53.531052777543664 23.100931107997898 2.9648719718679777 356.56827856693417 8.870032921433447 7.0664943885058191 6.7452788744121781 7.1585649810731367 8.1516034081578308 6.0264845667406908 4.5817433819174793 6.574178531765936 23.196348071098328 5.3532071895897388 18.658929489552975 10.066928729414938 5.7967443168163353 4.0238945670425883 6.471390947699545 6.4059174060821533 4.6718087261542678 39.362922883592546
leaf_count=17124 314 242 47 26 25 94 51 52 409 115 19 1847 39 36 30 35 36 38 20 28 104 24 89 60 24 29 28 29 38 203
internal_value=-8.92297e-05 -0.00689262 0.00066223 0.0180706 0.00790453 0.000259316 0.0218963 9.19997e-05 0.00477517 0.00131765 -0.0152218 0.0037566 0.0178721 0.0215326 0.0104469 0.0378075 0.048465 -0.0194759 0.0231655 0.0156026 0.0307273 -0.0191687 0.0359247 -0.0236789 0.0183052 0.00969309 0.000254814 -0.0273115 0.0308612 -0.00883028
internal_weight=4068.09 198.864 136.247 48.2315 37.5373 3869.22 29.3617 3839.86 558.436 442.192 56.4959 385.696 116.244 106.423 63.5842 42.8391 33.9691 29.1274 46.4508 39.7055 27.7781 11.9274 26.8105 17.1334 32.3631 27.3698 23.3459 12.2027 11.1432 88.0155
internal_count=21255 1005 691 246 199 20250 145 20105 2981 2428 428 2000 553 501 302 199 160 153 206 176 124 52 125 96 173 148 119 53 66 445
is_linear=0
shrinkage=0.05


Tree=131
num_leaves=31
num_cat=0
split_feature=19 19 13 38 38 37 19 11 30 38 32 38 13 25 31 21 11 21 17 24 13 37 21 13 38 11 18 5 31 29
split_gain=3.82859 6.17294 4.36753 8.14772 6.72764 8.91269 5.97839 6.73784 5.7738 5.43905 5.37683 4.85166 4.57937 4.51901 4.46604 4.49473 3.53562 3.48551 10.5677 6.89527 9.86006 8.1176 7.63824 6.84087 8.42311 8.11423 6.77452 6.49983 6.50449 6.28841
threshold=399.50000000000006 392.50000000000006 5775.0000000000009 0.133333333333335 0.73003496503496634 0.75555555555556619 404.50000000000006 22225.000000000004 0.27922077922077926 0.30717948717948806 0.49743589743590405 0.34000000000000119 6575.0000000000009 -1.4999999999999998 1.0000000180025095e-35 91.500000000000014 30925.000000000004 -171.49999999999997 -2.4166666666666665 -3.4999999999999996 3375.0000000000005 0.60000000000000564 -228.49999999999997 1725.0000000000002 0.69309523809523976 23875.000000000004 -4.5499999999999989 39.500000000000007 0.73863636363636376 0.42261904761904767
decision_type=2 2 2 2 2 2 2 2 2 2 2 2 2 2 2 2 2 2 2 2 2 2 2 2 2 2 2 2 2 2
left_child=1 17 3 -2 8 -6 7 -5 12 10 -8 -11 -4 -13 -9 -16 -7 19 -19 23 29 -22 -23 24 25 -1 -26 28 -27 -21
right_child=2 -3 4 6 5 16 9 14 -10 11 -12 13 -14 -15 15 -17 -18 18 -20 20 21 22 -24 -25 26 27 -28 -29 -30 -31
leaf_value=-0.0013008513513410402 -0.054544765115931641 -0.026797737985917315 0.046557276759865762 -0.045651317936465846 -0.08251414651447013 0.022578920003124978 0.0021276559968865876 -0.0055425776988594147 0.024108520587701451 -0.050718006384989203 0.056772568119979695 0.03535836961118663 -0.0084276943094805674 -0.0058141388738074378 0.082362651663066097 0.026779289840743327 -0.054979167065333984 -0.014719647528177938 -0.00048782928278264404 -0.0090537383935237314 0.0026873264259203635 0.010568145094021443 0.047575119115052522 -0.0059410542830841979 -0.0071215478778363268 0.047375349280968454 0.071286334400382442 -0.028764097945417278 0.0071094593156463661 0.002462015172784261
leaf_weight=49.421973272226751 6.423837035894393 22.110357172787189 4.2696331813931456 2.8136737719178226 3.9863073090091339 7.0789357917383295 12.20757318288088 5.0066737532615688 77.061709620989859 5.5737131908535948 7.2324736081063739 6.9810959585010997 28.104491808451712 108.03303864039481 5.9306442067027119 10.63282462954521 1.7315136138349769 136.72914268262684 2818.3021358624101 241.59998257923871 113.03952717594802 34.96633636392653 23.701496318913996 38.55673698708415 3.4321572873741379 28.647290285676718 11.623466320335863 4.5227777436375609 15.952434889972208 231.61075484286994
leaf_count=396 29 124 19 12 39 97 66 22 624 28 37 51 203 696 27 53 14 785 14184 1156 594 196 133 221 28 125 71 32 67 1126
internal_value=-8.40533e-05 -0.000512791 0.00541859 0.000224322 0.0126312 -0.0213837 0.00242649 0.025233 0.0166703 -0.00152442 0.0229001 -0.00551906 -0.000901044 -0.00324308 0.0348781 0.0473561 0.00632937 -0.000355857 -0.0011485 0.00257626 0.00030879 0.0105757 0.0256594 0.0121476 0.0183308 0.0129115 0.0531531 0.0272856 0.033133 -0.00340751
internal_weight=4067.28 3774.22 293.068 170.836 122.233 12.7968 164.412 24.3838 109.436 140.028 19.44 120.588 32.3741 115.014 21.5701 16.5635 8.81045 3752.11 2955.03 797.075 644.918 171.707 58.6678 152.157 113.6 98.5445 15.0556 49.1225 44.5997 473.211
internal_count=21255 19238 2017 1021 996 150 992 114 846 878 103 775 222 747 102 80 111 19114 14969 4145 3205 923 329 940 719 620 99 224 192 2282
is_linear=0
shrinkage=0.05


Tree=132
num_leaves=31
num_cat=0
split_feature=4 19 19 23 23 35 23 21 0 12 35 8 11 7 33 17 19 12 5 23 11 7 23 12 33 33 8 39 18 11
split_gain=3.74713 3.46049 5.95493 7.19019 8.858 7.42993 7.75122 6.22878 8.33324 6.08904 5.83578 5.69867 4.88222 5.22372 4.74999 3.98076 3.79909 6.61255 7.64251 9.02998 10.2871 7.27589 7.08793 6.99821 8.67156 7.60884 6.86913 5.78728 5.624 5.24528
threshold=164.50000000000003 399.50000000000006 373.50000000000006 144.45000000000002 89.450000000000017 0.9545454545454547 263.10000000000008 157.50000000000003 0.18333333333333338 22975.000000000004 0.41428571428571431 0.80322580645161301 26775.000000000004 19.500000000000004 0.3993006993006995 3.5833333333333335 404.50000000000006 21875.000000000004 29.500000000000004 419.90000000000003 30075.000000000004 50.500000000000007 495.10000000000008 24625.000000000004 0.31706349206349221 0.64809523809523839 0.40936473165388837 1.0000000180025095e-35 6.9000000000000012 22225.000000000004
decision_type=2 2 2 2 2 2 2 2 2 2 2 2 2 2 2 2 2 2 2 2 2 2 2 2 2 2 2 2 2 2
left_child=1 2 -1 4 12 7 9 11 -9 -7 -10 -5 14 -14 -4 -12 29 27 19 23 21 22 -21 24 -19 -26 -25 -18 -24 -3
right_child=-2 16 3 5 -6 6 -8 8 10 -11 15 -13 13 -15 -16 -17 17 18 -20 20 -22 -23 28 26 25 -27 -28 -29 -30 -31
leaf_value=-0.00024611076460296169 0.039064047699916248 -0.039248865465014104 -0.02736378941342307 0.075083875779005285 -0.070016905025401796 -0.041394414039121072 -0.076015010721338816 0.048160325639651919 0.0086748510088512625 0.035434334677535803 -0.077258205115537784 -0.0005757796952853884 -0.050560237337601302 0.011941691815824875 0.052229574451585825 -0.011448996615665763 0.0089910268599970086 0.032643430194752673 0.019347695954350971 -0.087987907719436209 0.013147011696679173 -0.102587063404218 0.054598702550706008 -0.032459516280096468 -0.028754521056095935 0.0239627905380379 0.021586520222108403 0.049493891729755553 -0.033913572263958157 0.023276450917065733
leaf_weight=3684.0990767041221 6.0038007497787467 3.4970247894525519 3.0664909873157766 5.902814853936432 10.39419707842171 5.131319413892923 5.7637189840897909 6.0633845757693079 9.5218797428533453 4.9650378599762917 4.9008642826229316 4.0271798642352223 10.158554958179591 4.7405758760869494 4.3510942431166768 4.7060204613953829 75.727569799870253 8.7272250056266767 29.923368662595749 3.8346374630928102 7.4296063892543307 5.7344466447830191 2.5188742168247682 6.8264673650264731 44.89568543061614 7.89040333777666 37.141295928508043 10.002949886955319 5.5351201742887497 42.331905168481171
leaf_count=18739 43 21 17 34 54 30 30 35 52 21 27 20 52 26 27 34 716 41 258 23 52 38 22 39 202 34 198 106 42 222
internal_value=-7.95545e-05 -0.000139634 -0.000547276 -0.0137285 -0.0319958 -0.00187045 -0.0302506 0.0108527 -0.0022174 -0.00314535 -0.0186134 0.0442012 -0.0138307 -0.0303931 0.0187336 -0.0459861 0.00510131 0.00261358 -0.00335152 -0.00860416 -0.0355377 -0.0563028 -0.0328912 -0.00213226 -0.0130525 -0.0207494 0.0130272 0.0138273 -0.0052882 0.0183215
internal_weight=4065.81 4059.81 3767.79 83.6931 32.7109 50.9822 15.8601 35.1221 25.1921 10.0964 19.1288 9.92999 22.3167 14.8991 7.41759 9.60688 292.017 246.188 160.457 130.534 25.0527 17.6231 11.8886 105.481 61.5133 52.7861 43.9678 85.7305 8.05399 45.8289
internal_count=21255 21212 19198 459 176 283 81 202 148 51 113 54 122 78 44 61 2014 1771 949 691 177 125 87 514 277 236 237 822 64 243
is_linear=0
shrinkage=0.05


Tree=133
num_leaves=31
num_cat=0
split_feature=8 33 18 23 22 20 37 32 32 37 12 12 29 8 13 39 30 11 21 21 12 4 19 8 13 34 8 34 11 33
split_gain=3.45046 8.91361 5.10998 13.1026 6.15211 8.57663 5.15626 5.50372 5.36475 5.05522 7.06824 8.0816 4.99961 4.98426 7.15235 5.1938 9.17884 6.47439 8.76952 6.23104 9.03451 7.76544 6.09012 6.8833 8.40334 5.79229 10.6366 9.57085 7.49199 5.76773
threshold=0.90645833333333348 0.42666666666666675 2.4500000000000006 181.10000000000002 193.83333333333334 290.50000000000006 0.44444444444444686 0.62962962962963742 0.68888888888890376 0.3333333333333417 23975.000000000004 20225.000000000004 0.48529411764705888 0.87577160493827166 9375.0000000000018 1.0000000180025095e-35 0.11805555555555557 11175.000000000002 410.50000000000006 -305.49999999999994 27675.000000000004 9.5000000000000018 -323.49999999999994 0.45961478720099419 -6974.9999999999991 0.69375000000000009 0.3163105784262637 0.84523809523809534 4475.0000000000009 0.52512626262626261
decision_type=2 2 2 2 2 2 2 2 2 2 2 2 2 2 2 2 2 2 2 2 2 2 2 2 2 2 2 2 2 2
left_child=13 -2 3 4 12 -6 7 9 -9 10 11 -4 -3 15 -15 -1 22 18 25 20 21 -19 -17 -24 -25 -18 -27 28 -28 -23
right_child=1 2 6 -5 5 -7 -8 8 -10 -11 -12 -13 -14 14 -16 16 17 19 -20 -21 -22 29 23 24 -26 26 27 -29 -30 -31
leaf_value=-0.00066134656681525851 -0.022067466921929308 0.062213342020196342 0.0071782184630700034 -0.079945678751710617 -0.046222146322808383 0.017713027148361836 0.015268475912788735 0.067176482270564553 -0.0071801640745452269 -0.057110974866930203 0.033889974869527377 -0.080495703949424471 -0.0020908725326021938 0.036352935532048131 -0.017903316446202432 -0.020322973437264285 -0.031014086531999791 -0.027108513929638329 0.068029650306642986 0.0054043245275813591 -0.083032232579797638 -0.00060707358976759725 0.03366049227287251 -0.044722683838184119 0.01534592583157255 0.081166443442263564 0.091924774171971757 -0.0554191196208903 -0.012941182291455064 0.081641419176308169
leaf_weight=3279.3846643446013 62.785184167325497 5.3610458038747293 5.6456658896058851 6.3080078903585663 11.752165060490372 9.1940823774784786 63.343953734263778 3.8936993777751905 5.8783872351050377 7.0815526973456135 6.444816753268241 4.6487568616867065 6.4348847735673189 20.978716760873798 8.3231034046038967 9.7599280197173339 35.399471521377563 15.929359495639806 2.9173519397154442 356.07192133925855 4.4984510391950598 5.2497638314962369 51.666963838040829 6.4945254242047659 48.159305326640606 3.470183581113818 2.5852917246520501 7.2347713252529502 4.4287875033915043 3.3558995071798563
leaf_count=17124 314 27 37 30 62 46 327 19 30 34 26 20 33 94 51 52 271 76 19 1847 20 35 237 47 217 27 30 51 30 22
internal_value=-7.49931e-05 -0.00649881 0.00066343 -0.0145443 -0.00158698 -0.0179702 0.00684994 -0.00887415 0.0223212 -0.0219204 -0.00648528 -0.0323261 0.0269913 0.000254164 0.0207631 9.56889e-05 0.00455931 0.0012538 -0.0145929 0.00357579 -0.0186196 -0.00631764 0.0170663 0.0205614 0.008048 -0.0193439 0.00373362 -0.0152102 0.0257569 0.0314619
internal_weight=4064.68 198.772 135.987 39.0502 32.7422 20.9462 96.9368 33.5929 9.77209 23.8208 16.7392 10.2944 11.7959 3865.91 29.3018 3836.61 557.222 441.141 56.0359 385.105 29.0335 24.535 116.081 106.321 54.6538 53.1185 17.719 14.2489 7.01408 8.60566
internal_count=21255 1005 691 198 168 108 493 166 49 117 83 57 60 20250 145 20105 2981 2428 428 2000 153 133 553 501 264 409 138 111 60 57
is_linear=0
shrinkage=0.05


Tree=134
num_leaves=31
num_cat=0
split_feature=4 19 19 23 23 38 30 22 20 20 12 38 0 0 8 12 11 7 33 37 13 38 12 38 38 30 33 13 13 21
split_gain=3.43276 3.19458 5.30379 6.48911 7.87529 6.59121 5.78676 6.25488 6.34254 5.23293 4.89992 5.68544 5.05615 4.76023 4.83831 4.48997 4.47921 4.70582 4.33392 4.05022 3.71442 7.02987 6.31692 6.20568 7.91113 5.33236 5.76331 5.9054 4.78267 6.0055
threshold=164.50000000000003 399.50000000000006 373.50000000000006 144.45000000000002 89.450000000000017 0.50488095238095387 0.29285714285714287 226.16666666666671 191.50000000000003 -49.499999999999993 25375.000000000004 0.47500000000000153 0.41666666666666674 0.18333333333333338 0.52397372742200343 23575.000000000004 26775.000000000004 19.500000000000004 0.3993006993006995 0.49444444444445063 5775.0000000000009 0.133333333333335 27125.000000000004 0.73003496503496634 0.81333333333333491 0.27922077922077926 0.54833333333333378 6575.0000000000009 14675.000000000002 308.50000000000006
decision_type=2 2 2 2 2 2 2 2 2 2 2 2 2 2 2 2 2 2 2 2 2 2 2 2 2 2 2 2 2 2
left_child=1 2 -1 4 16 -6 9 -8 -9 -5 11 12 -10 -13 -15 19 18 -18 -4 -11 21 -3 -23 25 -25 26 27 -22 29 -29
right_child=-2 20 3 6 5 -7 7 8 10 15 -12 13 -14 14 -16 -17 17 -19 -20 -21 23 22 -24 24 -26 -27 -28 28 -30 -31
leaf_value=-0.00023542718208955239 0.037604806183266233 -0.050586063729605828 -0.025446625062699641 -0.040410663531894812 -0.1027180595378048 -0.021492566353884898 0.032941525481233108 -0.08756133803893415 -0.026937734271079546 0.043763529094174025 0.034294801814383491 5.4520175936645488e-05 0.044495215294835647 -0.01317538490737279 -0.093631403449805875 0.067171935058594132 -0.047874298315077973 0.01139753834934207 0.050760713522126348 -0.033912628196383451 0.064355473343655295 -0.0020270459376547623 0.024925078873175063 -0.068922154629547899 0.010417982205074464 0.022779366255633718 -0.057355750823996257 0.0054022276998286038 0.029344835918957809 -0.05562217947765509
leaf_weight=3683.2233663760126 5.9358351044356814 6.4634380415081969 3.0733585786074427 2.479133978486062 5.6046064393594843 4.8889485569670796 6.0354494936764231 3.2388798799365786 5.40308562200517 3.4774500336497987 4.2579417303204528 3.743170488625764 4.3752888590097427 3.0783548895269615 5.561286105774343 6.2300884425640106 10.224645352922378 4.7291408665478221 4.2771658515557647 3.021777706220746 3.7180577367544201 137.83747610636055 25.665695447474718 5.0866933939978463 7.7012453936040401 75.829521840438247 3.9379408592358223 10.404408670961862 7.8794420007616273 6.3404163829982272
leaf_count=18739 43 29 17 11 29 25 34 17 24 23 20 23 27 20 36 29 52 26 27 19 17 794 195 54 96 624 23 47 96 39
internal_value=-7.14478e-05 -0.000128719 -0.000519807 -0.0129591 -0.0302755 -0.0659072 -0.00166601 -0.0127577 -0.0223051 0.0239524 -0.0138164 -0.0233973 0.00464533 -0.0458022 -0.0660153 0.0370946 -0.0130693 -0.0288462 0.0183124 0.00692417 0.00491743 0.000121058 0.00218582 0.0116135 -0.0210433 0.0155385 -0.00133457 0.00644763 -0.00231867 -0.0176008
internal_weight=4063.72 4057.79 3766.92 83.6998 32.7979 10.4936 50.9019 35.6935 29.658 15.2085 26.4191 22.1612 9.77837 12.3828 8.63964 12.7293 22.3043 14.9538 7.35052 6.49923 290.864 169.967 163.503 120.898 12.7879 108.11 32.2803 28.3423 24.6243 16.7448
internal_count=21255 21212 19198 459 176 54 283 201 167 82 150 130 51 79 56 71 122 78 44 42 2014 1018 989 996 150 846 222 199 182 86
is_linear=0
shrinkage=0.05


Tree=135
num_leaves=31
num_cat=0
split_feature=44 12 12 12 38 19 19 11 13 38 12 26 23 23 33 31 8 30 0 38 33 8 10 19 14 15 32 32 10 30
split_gain=5.42097 8.84549 6.24362 6.09684 9.23233 11.9495 6.59729 6.35222 5.24306 5.33483 7.62187 8.68527 6.33024 6.21638 6.4087 12.1816 8.97979 8.05974 6.14014 8.00024 5.65894 6.50702 5.37844 5.36631 5.33758 7.18785 6.58452 10.9938 5.26855 6.27056
threshold=1.0000000180025095e-35 27975.000000000004 25225.000000000004 24675.000000000004 0.76035714285714373 -239.49999999999997 -122.49999999999999 31875.000000000004 23975.000000000004 0.49333333333333496 22075.000000000004 -1.0000000180025095e-35 -148.89999999999998 -271.54999999999995 0.59411255411255393 0.70714285714285718 0.55395010395010413 0.32291666666666669 0.31666666666666671 0.62041666666666784 0.42557189542483692 0.61522368844544595 9.5000000000000018 -20.499999999999996 4.5000000000000009 4.5000000000000009 0.2666666666666786 0.16666666666666671 1.5000000000000002 0.43650793650793657
decision_type=2 2 2 2 2 2 2 2 2 2 2 2 2 2 2 2 2 2 2 2 2 2 2 2 2 2 2 2 2 2
left_child=-1 2 3 7 5 -5 -7 8 9 22 13 12 -12 -11 15 16 18 -18 19 -15 -19 -22 24 -16 25 26 27 -2 29 -20
right_child=1 -3 -4 4 -6 6 -8 -9 -10 10 11 -13 -14 14 23 -17 17 20 28 -21 21 -23 -24 -25 -26 -27 -28 -29 -30 -31
leaf_value=-0.00053944582448260919 0.040095703116530157 0.033803126543692712 -0.0037677648773870847 0.10640993449866415 -0.031803221207244776 -0.018362036808997988 0.031652676466603434 -0.05731673121207366 0.054428175576469728 0.088677385335259068 -0.047332208861017203 -0.022455775548054179 0.02152794500320114 -0.074685295885432351 0.028706947878243683 0.055680470038717705 -0.012433748549843124 0.057302626770921662 0.011432516422436881 0.0024600592372790993 0.062499327305557323 -0.0037938980779114507 -0.044994317478412461 -0.026203986398727654 0.03526550457784014 -0.023516170495922695 0.020921104945428239 -0.036778614003785626 0.031177873189078983 -0.04381571426947535
leaf_weight=3436.3992030601948 6.875782914459708 24.593750891275704 209.56256422121078 4.6174183897674075 6.6236896812915793 7.9947447292506686 33.547335989773273 3.9991224929690352 5.2461948832496992 2.2062873970717183 3.7671123966574696 60.218614868819714 23.159880597144365 7.2612191401422006 5.3666123449802425 13.454129996709524 13.132373768836258 14.221426765434442 11.148436037823563 5.9487396404147148 5.0024770796299007 13.011313658207653 3.8689396902918807 22.608276328071952 23.935592617839575 14.455707432702182 75.761535000056028 13.707250498235224 9.6745912628248316 9.2220595944672805
leaf_count=17914 35 121 1039 23 32 41 152 21 106 17 28 317 110 41 31 69 71 84 61 38 28 83 25 157 141 75 388 64 57 46
internal_value=0.000253469 0.00442565 0.00326496 0.00678565 0.0226828 0.0306612 0.0218863 0.00448169 0.00519139 0.00444092 -0.000389138 -0.0118837 0.0115699 0.0071502 0.00566163 0.0114996 0.00468074 0.0202405 -0.0115326 -0.0398119 0.0337036 0.0145833 0.0121174 -0.0154272 0.0138266 0.00912261 0.0140909 -0.0107872 0.000825879 -0.0134269
internal_weight=4090.59 654.193 629.599 420.037 52.7832 46.1595 41.5421 367.254 363.255 358.008 219.404 87.1456 26.927 132.258 130.052 102.077 88.6226 45.3676 43.255 13.21 32.2352 18.0138 138.605 27.9749 134.736 110.8 96.3446 20.583 30.0451 20.3705
internal_count=21415 3501 3380 2341 248 216 193 2093 2072 1966 1238 455 138 783 766 578 509 266 243 79 195 111 728 188 703 562 487 99 164 107
is_linear=0
shrinkage=0.05


Tree=136
num_leaves=31
num_cat=0
split_feature=0 19 11 34 38 11 20 20 12 20 6 20 11 7 35 35 4 19 19 38 30 37 0 12 17 13 21 0 38 31
split_gain=4.40942 7.45592 4.17652 5.77495 6.59815 4.02441 3.87023 6.61753 4.80061 4.00659 3.67584 5.23461 3.61534 6.95441 8.29895 8.52126 8.23436 6.52646 5.91849 5.66548 3.58002 4.3879 4.74028 3.57787 7.45916 4.06295 7.23424 3.99236 5.24399 3.51549
threshold=1.1833333333333336 -229.49999999999997 32375.000000000004 0.78888888888888908 0.66580086580086772 1550.0000000000002 -155.49999999999997 24.500000000000004 26525.000000000004 157.50000000000003 10.500000000000002 272.50000000000006 31775.000000000004 27.500000000000004 0.78888888888888908 0.39444444444444454 7.5000000000000009 274.50000000000006 219.50000000000003 0.37500000000000205 0.59166666666666679 0.33333333333333837 1.3500000000000003 4325.0000000000009 3.8333333333333335 26925.000000000004 269.50000000000006 0.55000000000000016 0.8000000000000016 0.48529411764705888
decision_type=2 2 2 2 2 2 2 2 2 2 2 2 2 2 2 2 2 2 2 2 2 2 2 2 2 2 2 2 2 2
left_child=2 -2 5 4 6 -1 -4 -8 9 -9 11 -11 23 14 15 18 -16 -17 -14 -15 21 -3 -23 24 25 27 -27 28 -7 -21
right_child=1 20 3 -5 -6 12 7 8 -10 10 -12 -13 13 19 16 17 -18 -19 -20 29 -22 22 -24 -25 -26 26 -28 -29 -30 -31
leaf_value=-0.048368092277750283 0.037986335145801853 0.019056738851612364 -0.031420949546092918 0.042765875372531389 -0.041195302081670014 0.0075907068506659006 0.056700771908452574 -0.032740826025659878 -0.023516537634132507 0.051185881645826187 0.06858311731519344 -0.015060778602346454 -0.036689475829363868 0.013998001960651305 -0.066664240191129417 0.069537246030378363 0.015811999265788756 -0.0006682031123903605 0.022148215573248128 -0.027249068136399525 -0.055506257822511076 -0.051104883894762865 0.0012252915205823475 0.00018177393427242116 0.049518167116974383 -0.004915934496444882 -0.12380449352634089 0.052251376264318153 -0.066458628739735223 -0.075177755991278725
leaf_weight=4.1595621472224584 5.1275905296206465 6.2765335291624131 4.2684245631098738 13.082358855754135 6.4695885702967635 90.5358975706622 8.4386448264121992 2.831632547080523 9.0112771317362768 5.3054244071245211 4.4771793112158766 6.4093127697706223 9.1706930398941093 4.4713378734886673 7.5648818928748351 8.6123016700148565 4.8107889890670776 5.1106531694531432 7.7440988533198825 9.5936671346426028 7.8724980801343909 10.082975544035436 7.2004393190145484 3808.0822096075863 10.314076170790939 6.9029942192137224 1.5029083807021377 4.7671090466901651 2.3454631222411981 7.1110334843397132
leaf_count=302 26 31 21 62 33 874 39 14 42 23 28 32 38 25 34 37 20 24 37 51 37 45 37 18845 259 184 26 110 33 46
internal_value=0.000241478 -0.0170181 0.000398814 0.0134504 0.00514812 0.000200143 0.0127125 0.0180858 0.00612456 0.0204763 0.0302336 0.0146974 0.000253258 -0.0115049 0 0.01402 -0.0343328 0.0432142 -0.0094861 -0.0348873 -0.0262416 -0.0160583 -0.0291344 0.00044714 0.00908052 0.0050578 -0.0279657 0.00797743 0.00559756 -0.0482753
internal_weight=4089.65 36.56 4053.09 60.2938 47.2115 3992.8 40.7419 36.4735 28.0348 19.0235 16.1919 11.7147 3988.64 64.1895 43.0134 30.6377 12.3757 13.723 16.9148 21.176 31.4324 23.5599 17.2834 3924.45 116.368 106.054 8.4059 97.6485 92.8814 16.7047
internal_count=21415 176 21239 294 232 20945 199 178 139 97 83 55 20643 312 190 136 54 61 75 122 150 113 82 20331 1486 1227 210 1017 907 97
is_linear=0
shrinkage=0.05


Tree=137
num_leaves=31
num_cat=0
split_feature=10 10 10 15 10 4 37 18 37 15 24 37 37 11 11 8 33 32 7 30 13 10 7 10 17 22 6 19 28 11
split_gain=5.10807 13.1093 11.3507 10.0588 9.74767 13.5014 8.73488 8.46945 7.7222 5.34499 6.99444 6.97389 7.41775 5.52181 5.31996 4.90087 4.59495 7.82454 4.93261 5.13617 4.47535 4.01091 26.1398 6.64523 17.5803 10.1214 8.79566 8.37856 8.25013 7.98679
threshold=-11.499999999999998 -12.499999999999998 -6.4999999999999991 1.0000000180025095e-35 -5.4999999999999991 9.5000000000000018 0.33333333333333576 -0.63333333333333319 0.1333333333333416 -1.4999999999999998 -1.4999999999999998 0.57777777777778139 0.65000000000000979 24375.000000000004 22075.000000000004 0.47844667409884806 0.42557189542483692 0.38888888888889217 9.5000000000000018 0.48529411764705888 5375.0000000000009 -4.4999999999999991 28.500000000000004 -3.4999999999999996 -0.41666666666666657 -192.16666666666666 3.5000000000000004 -349.49999999999994 -2.0999999999999996 10625.000000000002
decision_type=2 2 2 2 2 2 2 2 2 2 2 2 2 2 2 2 2 2 2 2 2 2 2 2 2 2 2 2 2 2
left_child=1 -1 3 8 5 6 -4 -5 -2 11 -11 13 -13 -8 -3 16 -10 -18 -19 -20 -7 22 -6 24 25 26 28 -28 29 -23
right_child=2 14 4 7 21 20 9 -9 15 10 -12 12 -14 -15 -16 -17 17 18 19 -21 -22 23 -24 -25 -26 -27 27 -29 -30 -31
leaf_value=-0.0026295570384529425 0.071180955639234891 0.002991885873928157 -0.063815520743878515 0.081701947943800327 0.0014002088357915447 0.034926204864259208 0.014234963673762875 -0.013567408637547258 -0.028343310516449366 -0.05447019346921244 0.012165540211484673 -0.046653195917517043 0.023273886642330932 0.07235665291535999 0.080620392247779671 -0.046455451747208443 0.055935228175129428 -0.049831118483829741 0.031261712783155093 -0.01498564071047688 0.088702962051564999 -0.024448401797699849 -0.062179749526991082 -5.0254942653771918e-05 0.052776695192214888 -0.0053240378766904219 0.016376937858842675 0.11424456576531923 -0.002244467454628116 0.052463888366617972
leaf_weight=23.289186906069517 2.1754389964044085 3.1086406325921407 4.497661940753459 4.6184650510549545 99.199037056416273 26.162567980587486 8.9650794267654437 4.4170698001980764 43.607340254820883 6.5808966280892482 9.3199450746178609 6.1234327228739849 9.5578418932855111 7.9440990239381781 8.9546745941042882 16.752008127048612 4.5359664782881728 7.2014440959319463 7.662812788039445 26.017954868264496 4.7364130094647399 4.0608564717695144 19.18090186920017 3541.2612482048571 20.821846965700388 106.23568389657885 4.6102956533432007 4.3882571170106512 35.911435474641621 16.72491791844368
leaf_count=151 12 20 22 20 446 136 45 22 226 30 39 32 46 32 42 126 26 42 39 165 24 41 153 18557 95 507 29 25 188 77
internal_value=0.000229584 0.0191267 6.30627e-05 -0.0152767 0.000520616 0.0173723 0.00193646 0.034943 -0.0195548 0.00825676 -0.0152686 0.0198993 -0.00383794 0.0420999 0.0612161 -0.0215336 -0.016741 -0.00545366 -0.0125068 -0.00425436 0.0435903 0.000151924 -0.00890313 0.000440567 0.00947921 0.00417896 0.0196068 0.0653839 0.0121511 0.0371532
internal_weight=4088.62 35.3525 4053.27 116.989 3936.28 83.8879 52.989 9.03553 107.953 48.4913 15.9008 32.5905 15.6813 16.9092 12.0633 105.778 89.0255 45.4182 40.8822 33.6808 30.899 3852.39 118.38 3734.01 192.753 171.931 65.6958 8.99855 56.6972 20.7858
internal_count=21415 213 21202 678 20524 406 246 42 636 224 69 155 78 77 62 624 498 272 246 204 160 20118 599 19519 962 867 360 54 306 118
is_linear=0
shrinkage=0.05


Tree=138
num_leaves=31
num_cat=0
split_feature=44 12 12 23 38 0 19 19 20 7 20 22 33 37 14 21 33 37 31 29 19 36 19 12 38 11 23 22 8 25
split_gain=4.85194 8.02402 5.58837 5.88396 5.04447 5.68154 7.21853 8.14974 7.24721 6.20268 8.0591 8.19219 7.77441 6.68382 6.02769 5.62645 5.27682 7.64285 6.82078 6.57426 6.56743 5.71548 9.47418 5.40798 5.08435 6.64338 10.5853 5.07797 7.2647 6.04045
threshold=1.0000000180025095e-35 27975.000000000004 25225.000000000004 -85.549999999999983 0.49333333333333496 0.28333333333333338 122.50000000000001 136.50000000000003 179.50000000000003 44.500000000000007 328.50000000000006 251.16666666666671 0.61012820512820543 0.77777777777777901 2.5000000000000004 157.50000000000003 0.42999999999999955 0.55555555555555669 0.55050505050505061 0.46862745098039221 200.50000000000003 0.48333333333333339 -87.499999999999986 18525.000000000004 0.67666666666666819 27025.000000000004 66.450000000000017 128.16666666666671 0.24795081967213117 4.5000000000000009
decision_type=2 2 2 2 2 2 2 2 2 2 2 2 2 2 2 2 2 2 2 2 2 2 2 2 2 2 2 2 2 2
left_child=-1 2 3 -2 27 6 8 -8 15 10 11 12 13 14 -9 -6 20 18 23 -20 21 -7 -23 -18 25 -22 -27 28 -5 -29
right_child=1 -3 -4 4 5 16 7 9 -10 -11 -12 -13 -14 -15 -16 -17 17 -19 19 -21 24 22 -24 -25 -26 26 -28 29 -30 -31
leaf_value=-0.00053211256889350116 0.023429676995682606 0.032155531914515464 -0.0035909903860214185 0.062307823859595025 0.0057621475651438636 0.069004135908180761 -0.11846444186621451 -0.025899074393444223 0.046883789225280553 -0.076488019385035938 0.023266141112131149 -0.071807404462129437 -0.063921010466648484 -0.047341683240743733 0.047047445017231126 -0.056244499226877846 0 0.0052258137619839926 0.039566885480771197 -0.048699894581636261 0.039377680369249837 -0.033363138501213051 0.036511545258203902 -0.079316214164411522 0.024216800974949812 -0.11835058750967964 -0.011101512866777196 0.027722569352302356 -0.0044062792180401848 -0.00018232369081417227
leaf_weight=3434.532281646505 45.264746978878975 24.582434202544391 209.44149579200894 4.2918079141527405 16.350013603456325 7.7060627760365596 2.0863728113472453 3.9924119552597501 8.3828360699117166 4.1722447806969276 11.089353464543818 7.3734304914250961 5.1846501454710952 4.3318736571818581 8.743883856572209 4.5737058511003843 2.8152968501672166 63.996427727863193 4.9258850757032615 3.5270142322406173 3.811953620053834 6.2447900399565723 19.935371384955943 7.6291266810148954 11.851936148479579 2.8513245973736039 11.190586103126405 61.477003238163888 57.352824285626411 27.789460830856115
leaf_count=17914 268 121 1039 22 92 35 10 22 41 34 76 37 26 20 46 26 22 391 27 21 30 30 101 39 69 14 63 324 281 174
internal_value=0.000217752 0.00416909 0.00306137 0.00639907 0.004317 -0.000443673 -0.0115211 -0.0236779 0.00780862 -0.0189076 -0.0127117 -0.0263796 -0.0108496 0.00525857 0.023768 -0.00775709 0.0052946 -0.0029668 -0.030856 0.00201375 0.0161298 0.0311447 0.0195905 -0.0576992 -0.000877422 -0.0178563 -0.0339158 0.0113732 0.000250885 0.0189891
internal_weight=4087.5 652.966 628.384 418.942 373.678 222.767 76.2808 46.9742 29.3066 44.8878 40.7156 29.6263 22.2528 17.0682 12.7363 20.9237 146.486 82.8938 18.8973 8.4529 63.592 33.8862 26.1802 10.4444 29.7058 17.8539 14.0419 150.911 61.6446 89.2665
internal_count=21415 3501 3380 2341 2073 1272 430 271 159 261 227 151 114 88 68 118 842 500 109 48 342 166 131 61 176 107 77 801 303 498
is_linear=0
shrinkage=0.05


Tree=139
num_leaves=31
num_cat=0
split_feature=10 10 10 10 5 20 37 18 17 13 21 11 19 34 19 30 36 11 18 19 35 8 37 5 10 35 10 7 20 10
split_gain=4.59475 11.6484 10.3797 8.75795 12.2547 6.37794 6.93022 6.47126 5.78726 5.18496 5.05716 4.98387 7.95524 6.6995 5.75818 6.63797 5.12233 4.65495 4.29652 4.49589 5.03164 4.64459 3.93726 3.79792 5.10454 3.66045 3.64239 24.6795 6.52022 6.0012
threshold=-11.499999999999998 -12.499999999999998 -6.4999999999999991 -5.4999999999999991 15.500000000000002 40.500000000000007 0.1333333333333416 -0.63333333333333319 -1.8333333333333333 1075.0000000000002 1.0000000180025095e-35 27975.000000000004 -93.499999999999986 0.46410256410256417 -70.499999999999986 0.19090909090909094 0.59411764705882364 22075.000000000004 -2.2249999999999996 -229.49999999999997 0.39444444444444454 0.28633540372670813 0.53333333333333921 26.500000000000004 -15.499999999999998 0.59411764705882364 -4.4999999999999991 28.500000000000004 24.500000000000004 -3.4999999999999996
decision_type=2 2 2 2 2 2 2 2 2 2 2 2 2 2 2 2 2 2 2 2 2 2 2 2 2 2 2 2 2 2
left_child=1 22 5 4 8 6 -2 -7 18 25 11 14 13 -13 15 16 -8 -3 19 20 -4 -21 23 -1 -25 -10 27 28 -5 -28
right_child=2 17 3 26 -6 7 10 -9 9 -11 -12 12 -14 -15 -16 -17 -18 -19 -20 21 -22 -23 -24 24 -26 -27 29 -29 -30 -31
leaf_value=0.058874060058355028 0.066483670292595401 0.0027652070063085214 -0.022096767127571255 -0.0014840321088552457 0.042883321272393179 0.052531802232401038 0.046330012533673179 -0.020770919603545653 -0.058445631640852092 0.01389095557125917 -0.064160947656498463 0.022049689716696463 0.034821515790092211 -0.056926607247249864 -0.047706912144388935 -0.025751298074192366 -0.01289272190982408 0.075303169076355536 0.044296267039801822 -0.047157298589455297 0.047772178374086378 0.013314263809472735 -0.022215424633838243 0.03379359267037909 -0.04926345325489824 -0.0052650803846392442 0.0089915066365483156 -0.06145852445716176 0.058684103857050335 -5.7886263680862851e-05
leaf_weight=3.7648117952048796 2.214652255177497 3.112141214311122 3.5437540747225276 94.59684716258198 28.73292681761086 6.6101557090878487 6.4565740060061199 5.2647488415241224 7.7937324494123477 8.0626458674669248 6.257745385169982 4.2506910189986247 10.382153928279875 6.7081238254904747 18.866996253840625 41.088672700338066 7.9715407844632864 9.1122456938028318 9.3524243384599668 6.153590179979803 8.2520299069583398 6.1956818699836731 12.190670028328894 4.1369657441973686 3.1741082072257996 5.8959381133317947 193.0467961281538 18.452529436908662 4.6233888119459143 3540.7094870526344
leaf_count=21 12 20 18 426 149 30 36 28 35 33 29 23 43 37 106 291 43 42 41 30 45 29 83 26 21 26 962 153 20 18557
internal_value=0.000206688 0.0180938 4.83197e-05 0.000484354 0.0164483 -0.01468 -0.0186628 0.0197134 0.00255774 -0.0173682 -0.0206241 -0.0176619 0.00342207 -0.0259189 -0.0237745 -0.0154802 0.0134017 0.0574141 0.0156591 0.00422352 0.0263521 -0.0165536 -0.00250858 0.0187391 -0.00176919 -0.0361084 0.000134534 -0.00852112 0.00132556 0.000408885
internal_weight=4086.97 35.4909 4051.48 3935.41 83.9827 116.072 104.197 11.8749 55.2498 21.7523 101.982 95.7248 21.341 10.9588 74.3838 55.5168 14.4281 12.2244 33.4975 24.1451 11.7958 12.3493 23.2666 11.0759 7.31107 13.6897 3851.43 117.673 99.2202 3733.76
internal_count=21415 213 21202 20524 406 678 620 58 257 94 608 579 103 60 476 370 79 62 163 122 63 59 151 68 47 61 20118 599 446 19519
is_linear=0
shrinkage=0.05


Tree=140
num_leaves=31
num_cat=0
split_feature=10 10 0 21 10 37 41 35 21 23 13 8 37 11 38 8 17 25 37 37 34 42 36 13 4 37 35 38 31 5
split_gain=4.82615 9.12514 7.46923 6.15933 5.3794 4.90247 6.40084 7.85252 7.82281 12.7383 6.42629 6.18833 5.90001 5.80449 5.56034 9.57177 5.51871 5.31178 5.18068 8.3073 6.89523 6.6724 6.58543 6.44582 6.40266 6.07217 5.53957 7.06859 7.37632 6.39412
threshold=-11.499999999999998 -10.499999999999998 0.51666666666666672 -294.49999999999994 -12.499999999999998 0.53333333333334232 1.0000000180025095e-35 0.54195804195804198 -177.49999999999997 148.30000000000004 7925.0000000000009 0.45476087893149508 0.47222222222222365 4475.0000000000009 0.67041666666666788 0.64022471910112377 2.5833333333333335 -1.4999999999999998 0.5833333333333437 0.60000000000000109 0.55050505050505061 1.0000000180025095e-35 0.48333333333333339 2575.0000000000005 10.500000000000002 0.66666666666666696 0.69375000000000009 0.43333333333333396 0.48529411764705888 6.5000000000000009
decision_type=2 2 2 2 2 2 2 2 2 2 2 2 2 2 2 2 2 2 2 2 2 2 2 2 2 2 2 2 2 2
left_child=2 -2 4 -4 -1 6 14 13 12 11 -11 -10 -9 17 -3 -16 -17 -8 -7 20 23 -21 24 -20 25 -23 27 -24 29 -29
right_child=1 5 3 -5 -6 18 7 8 9 10 -12 -13 -14 -15 15 16 -18 -19 19 21 -22 22 26 -25 -26 -27 -28 28 -30 -31
leaf_value=-0.013498315986393908 -0.051217998497532807 -0.00039935492916753722 0.10240568620899847 0.020672455366643881 0.03647225015120803 0.0068958460560307206 0.07810054896302604 -0.046688854025047889 0.0084151045588589449 -0.00011312593045862393 -0.063500098448295267 0.044117799960254382 0.010517823259903473 -0.013904068919195487 -0.042838543363913947 0.054300407120324849 -0.019688822889053367 0 0.039499131002268727 0.0026950667636893594 -0.023700176600289356 0.050330596477390827 0.054347189870514505 -0.024466802996893269 -0.0401185107924346 0.0058858012833706373 -0.0018640352349174147 -0.054503433528845784 -0.0066430106725420372 -0.018366704502564914
leaf_weight=15.897629097104071 8.7315923590213043 1755.534542539157 3.9888301268219948 5.8931387513875944 7.9910496463999179 362.14606893062592 3.08550273347646 11.061612173914911 25.313995804637671 11.098372406326236 6.2944286782294503 24.087685990147293 7.3051937483251086 254.26061631459743 19.294996730051938 4.9465086255222541 4.829928008839488 6.7882283786311728 9.4378990484401566 1186.851027879864 59.798180195502937 10.99368906021118 3.1761441426351658 6.5278620030730954 5.0297934189438811 26.178880476392806 116.38535431958735 21.220613453537226 52.82808184158057 30.589413286186755
leaf_count=113 66 9008 18 30 42 1853 26 50 124 51 31 125 37 1280 93 24 24 51 49 6427 357 56 17 35 24 142 604 99 260 156
internal_value=-0.00028675 -0.000445766 0.0185048 0.0548602 0.00309136 -0.000333114 -0.00197683 -0.00816707 0.00498959 0.0129855 -0.0235705 0.0259783 -0.023731 -0.0124282 -0.000762037 -0.0224154 0.0174114 0.0248341 0.00151894 0.000241787 -0.015884 0.00108696 -0.00605688 0.0130449 0.0119905 0.0192641 -0.00948016 -0.0176461 -0.0199289 -0.0333406
internal_weight=4067.57 4033.8 33.7706 9.88197 23.8887 4025.06 2133.9 349.296 85.1613 66.7945 17.3928 49.4017 18.3668 264.134 1784.61 29.0714 9.77644 9.87373 1891.16 1529.02 75.7639 1453.25 266.402 15.9658 42.2024 37.1726 224.2 107.814 104.638 51.81
internal_count=21272 21069 203 48 155 21003 10924 1775 418 331 82 249 87 1357 9149 141 48 77 10079 8226 441 7785 1358 84 222 198 1136 532 515 255
is_linear=0
shrinkage=0.05


Tree=141
num_leaves=31
num_cat=0
split_feature=10 10 0 21 10 37 41 35 21 23 29 8 31 37 20 36 37 38 8 29 5 32 12 12 36 46 12 35 37 37
split_gain=4.35405 8.47408 6.62954 5.35135 4.8367 4.42407 5.77697 7.08839 7.06378 11.5043 6.42326 6.03022 5.68164 5.36441 5.28787 5.0761 6.67201 5.03235 8.67505 5.66184 4.94234 6.25195 7.9198 11.5619 6.73556 5.43169 5.75358 4.882 4.7825 6.22339
threshold=-11.499999999999998 -10.499999999999998 0.51666666666666672 -294.49999999999994 -12.499999999999998 0.53333333333334232 1.0000000180025095e-35 0.54195804195804198 -177.49999999999997 148.30000000000004 0.64583333333333337 0.45476087893149508 0.24038461538461542 0.47222222222222365 36.500000000000007 0.9545454545454547 0.33333333333334036 0.67041666666666788 0.64022471910112377 0.48529411764705888 1.0000000180025095e-35 0.46666666666666967 25075.000000000004 11175.000000000002 0.65833333333333344 1.0000000180025095e-35 28075.000000000004 0.78888888888888908 0.5833333333333437 0.60000000000000109
decision_type=2 2 2 2 2 2 2 2 2 2 2 2 2 2 2 2 2 2 2 2 2 2 2 2 2 2 2 2 2 2
left_child=2 -2 4 -4 -1 6 17 15 13 10 11 12 -10 -9 -13 -8 -17 -3 -19 -20 21 22 23 -7 -25 28 -27 -14 -22 -30
right_child=1 5 3 -5 -6 20 7 8 9 -11 -12 14 27 -15 -16 16 -18 18 19 -21 25 -23 -24 24 -26 26 -28 -29 29 -31
leaf_value=-0.012913900616723538 -0.049984456672598598 -0.00037938439357004821 0.095234290748866107 0.019529926408151134 0.034396498560225745 0.037636976577046947 -0.013903731946856002 -0.044570355624669052 -0.022513493694650222 -0.022306490179456531 -0.0078545395340315887 0.080289678011638665 0.056251508989538304 0.0099921452247044486 0.024693876256983643 -0.04610639102612657 0.024378867982327353 -0.040841043337931773 0.054798466568038932 -0.020209644993369306 0.0055568532797609614 0.024715560687715063 0.033548436381800766 0 -0.071721051456391835 0.0084490036020083287 0.061741961129022374 -0.0056772923859326049 -0.015588870614926947 -0.00037208940096538886
leaf_weight=15.793465990573166 8.5079188523814064 1755.5520458798856 4.0797526240348816 5.9308503866195661 8.0539798391982931 5.560739695094532 242.14404369797558 11.013977341353895 6.5192622682079699 17.479046141728759 11.380451147444544 9.8546911161392945 8.5684082210063917 7.3101669931784263 8.2932683741673809 3.9993366599082973 17.854958636686206 19.233216797932986 4.8291527945548278 4.9362950567156076 327.70991863869131 48.732369443401694 9.1269751340150815 4.950999252498149 9.1783782169222814 128.3141904855147 5.2171749658882609 4.7841681838035575 70.867606495507061 1281.4211998553947
leaf_count=113 66 9008 18 30 42 42 1253 50 37 82 62 51 39 37 39 18 86 93 23 25 1685 251 38 21 41 669 25 21 415 6892
internal_value=-0.000272631 -0.000423938 0.0175528 0.051514 0.00293233 -0.000316693 -0.00187826 -0.00776008 0.00473334 0.0123184 0.0246909 0.034559 0.0150642 -0.0225959 0.055432 -0.0118114 0.0111011 -0.000724135 -0.0213501 0.0165556 0.00144263 0.0138 -0.00450804 -0.0224814 -0.0465912 0.000910721 0.0106133 0.0338138 0.000135972 -0.00117433
internal_weight=4067.2 4033.34 33.858 10.0106 23.8474 4024.83 2133.75 349.202 85.2034 66.8793 49.4002 38.0198 19.8718 18.3241 18.148 263.998 21.8543 1784.55 28.9987 9.76545 1891.08 77.5495 28.8171 19.6901 14.1294 1813.53 133.531 13.3526 1680 1352.29
internal_count=21272 21069 203 48 155 21003 10924 1775 418 331 249 187 97 87 90 1357 104 9149 141 48 10079 393 142 104 62 9686 694 60 8992 7307
is_linear=0
shrinkage=0.05


Tree=142
num_leaves=31
num_cat=0
split_feature=40 32 6 13 13 0 11 22 11 19 25 10 13 18 10 20 5 14 10 33 11 4 11 20 36 36 8 23 6 33
split_gain=4.0181 4.84908 5.85465 4.62359 7.24328 4.55245 4.85412 4.08931 4.47498 3.94702 3.56968 3.64838 5.86917 5.22488 5.15796 3.54354 7.34781 6.06245 6.08862 5.06528 3.98556 3.67087 4.80302 3.31218 3.13848 5.28845 4.75134 9.67155 9.09268 7.91215
threshold=1.0000000180025095e-35 1.0000000180025095e-35 -11.499999999999998 -8574.9999999999982 -4574.9999999999991 0.61666666666666681 8275.0000000000018 6.8333333333333348 29125.000000000004 -376.49999999999994 -7.4999999999999991 -11.499999999999998 375.00000000000006 -4.5499999999999989 -10.499999999999998 -146.49999999999997 8.5000000000000018 -1.4999999999999998 -2.4999999999999996 0.11999999999999993 27275.000000000004 7.5000000000000009 26075.000000000004 446.50000000000006 0.69375000000000009 0.70714285714285718 0.55395010395010413 32.32500000000001 9.5000000000000018 0.37999999999999945
decision_type=2 2 2 2 2 2 2 2 2 2 2 2 2 2 2 2 2 2 2 2 2 2 2 2 2 2 2 2 2 2
left_child=1 2 -1 5 -5 6 -4 15 -9 -2 -3 12 13 -12 -13 16 20 -17 -19 -18 -6 22 -20 -11 -16 -26 -27 -28 -29 -30
right_child=9 10 3 4 7 -7 -8 8 -10 23 11 14 -14 -15 24 17 19 18 21 -21 -22 -23 -24 -25 25 26 27 28 29 -31
leaf_value=0.058103058157805976 -0.036552440229408734 -0.038335061081421248 0.020705424138870537 0.056087152638539042 0.063620418103413581 0.032918439956625113 -0.050660056642145707 0.063196478665321285 -0.00028156158002710008 -0.0040080201620747991 0.050927987254824669 -0.047345504349115199 0.053601072188039889 -0.013422633154529752 -0.0010661883589893979 -0.042049768698727862 0.018443618159974674 0.049637815594520261 0.0091914570956066755 -0.045568445231310678 0.0083796769971084453 0.019954829845721139 -0.05103009634550304 -0.043718205359223584 0.041723016780174843 -0.0010507921464985254 0.022332637044334427 0.0061300511504622651 0.0083070010024982634 -0.026464485786322402
leaf_weight=6.1106364242732516 10.099884031340478 6.0014896299689999 3.0681798495352259 8.5001352988183481 8.0772226154804247 3.3463216843083492 8.852340064942835 6.164371492341159 4.7059047371149063 275.41836439911276 4.050277233123782 5.6900425432249895 8.1209097355604154 12.965204186737539 2560.2353390194476 9.4593335241079313 6.2946611586958152 5.7110937684774354 5.7386022489518016 5.7846123427152634 5.874993458390235 7.1240457370877257 7.2822638936340809 5.2861245535314074 8.2891180850565416 609.32887705601752 73.237450523301959 315.32657635211945 25.463236404582858 44.593042358290404
leaf_count=35 61 62 36 37 33 22 51 30 23 1362 30 48 37 72 13449 41 32 23 25 29 24 32 32 30 56 3176 388 1529 152 315
internal_value=-0.000258765 0.000176234 0.0109198 0.00780659 0.0126157 -0.0172111 -0.0318562 0.00735943 0.035508 -0.00592148 -0.000121298 -5.63548e-05 0.0188872 0.00181098 -0.000188982 0.00224063 0.0162675 -0.00797438 0.00441332 -0.0119229 0.0409406 -0.00834273 -0.0242402 -0.00478894 -0.00011252 0.00215138 0.00183568 0.00568097 0.00249857 -0.0137611
internal_weight=4066.2 3775.4 102.095 95.9841 80.7172 15.2668 11.9205 72.2171 10.8703 290.804 3673.3 3667.3 25.1364 17.0155 3642.16 61.3468 26.0315 35.3153 25.856 12.0793 13.9522 20.1449 13.0209 280.704 3636.47 1076.24 1067.95 458.62 385.383 70.0563
internal_count=21272 19819 505 470 361 109 87 324 53 1453 19314 19252 139 102 19113 271 118 153 112 61 57 89 57 1392 19065 5616 5560 2384 1996 467
is_linear=0
shrinkage=0.05


Tree=143
num_leaves=31
num_cat=0
split_feature=12 4 10 10 18 36 12 10 19 28 4 19 38 26 0 15 31 4 33 0 0 9 4 4 10 8 6 10 8 10
split_gain=3.68197 7.61382 7.0604 9.95944 9.68849 8.77318 8.58954 8.58192 11.7922 9.29771 8.94527 8.18586 6.98066 7.41424 6.89172 6.94243 7.47387 6.85925 6.45819 6.06773 5.97218 8.59105 32.9653 11.6971 10.3755 13.6715 8.39092 6.8924 6.86609 6.54946
threshold=23225.000000000004 164.50000000000003 2.5000000000000004 3.5000000000000004 1.9000000000000001 0.90454545454545465 24475.000000000004 1.5000000000000002 -4.4999999999999991 -0.63333333333333319 9.5000000000000018 -159.49999999999997 0.23666666666666747 2.5000000000000004 0.55000000000000016 1.5000000000000002 0.43650793650793657 3.5000000000000004 0.33964285714285747 0.48333333333333339 0.51666666666666672 1.0000000180025095e-35 8.5000000000000018 7.5000000000000009 -1.4999999999999998 0.74856321839080475 -6.4999999999999991 -11.499999999999998 0.20135135135135138 -2.4999999999999996
decision_type=2 2 2 2 2 2 2 2 2 2 2 2 2 2 2 2 2 2 2 2 2 2 2 2 2 2 2 2 2 2
left_child=14 2 7 4 5 17 -7 20 11 10 -10 -9 -11 -14 -1 -16 18 -4 -17 -19 21 23 26 -2 -25 -26 -23 -22 -29 -30
right_child=1 -3 3 -5 -6 6 -8 8 9 12 -12 -13 13 -15 15 16 -18 19 -20 -21 27 22 -24 24 25 -27 -28 28 29 -31
leaf_value=-0.00045658719634992622 -0.00096446609045991558 0.06860588888865593 -0.018213497225338281 0.0011531265620313971 0.034993568795785725 -0.070105766756357477 0.001638336744008721 0.004187279105794744 0.056426062427534777 -0.049536584919409585 -0.0035629263557902602 -0.057188353650997559 -0.0034078354154980853 -0.044129851983596508 -0.017123559876900934 -0.010033783357603821 -0.013183131969040529 0.041373651834444893 0.016323265689487467 0.008368002556814488 0.045445633336816005 0.050881118388640068 0.06411949209318038 -0.0079442228053437161 -0.052553004442931206 0.00970588790998448 -0.0020043557584099795 0.033951666768957951 -0.003642308380088589 0.0063363262423516663
leaf_weight=1278.8130702436902 745.76718668360263 4.0553767010569564 12.125247880816458 261.25203778222203 51.341228678822517 6.2784141451120403 11.672766864299772 7.2324405908584621 10.984496057033541 10.34013809263706 13.791082687675951 19.944501016288996 127.78551054187119 12.202375328168271 137.98874379228801 35.844077032059431 85.415374672506005 25.016877852380276 64.925983679480851 32.474499795585871 9.9061316251754743 7.7566579915583125 22.912862099707127 120.38235391397029 33.218043242581189 11.781213089823721 164.57291370630264 18.124258154071867 252.2448794497177 469.65768807195127
leaf_count=7436 3568 31 50 1247 249 26 50 37 45 46 65 93 565 67 724 233 496 119 396 152 47 45 164 691 261 55 666 80 1214 2354
internal_value=-0.000245655 0.000966849 0.000850469 0.00692724 0.0177422 0.00754234 -0.0234265 -0.000328612 -0.0101074 -0.00530766 0.0229527 -0.040716 -0.0100107 -0.00702213 -0.0021116 -0.0086228 -0.00228992 0.0156218 0.0068978 0.0228638 0.000734755 -0.00159683 0.00791055 -0.00364022 -0.0156681 -0.0361568 0.000375182 0.00418101 0.00361582 0.00284268
internal_weight=4065.81 2462.82 2458.77 400.161 138.909 87.5678 17.9512 2058.6 202.281 175.104 24.7756 27.1769 150.328 139.988 1602.99 324.174 186.185 69.6166 100.77 57.4914 1856.32 1106.39 195.242 911.149 165.382 44.9993 172.33 749.933 740.027 721.903
internal_count=21272 11987 11956 1893 646 397 76 10063 918 788 110 130 678 632 9285 1849 1125 321 629 271 9145 5450 875 4575 1007 316 711 3695 3648 3568
is_linear=0
shrinkage=0.05


Tree=144
num_leaves=31
num_cat=0
split_feature=40 32 6 37 5 32 12 12 36 41 12 34 33 37 37 12 28 12 30 20 22 30 33 33 32 13 22 28 12 12
split_gain=3.65566 4.41812 5.12391 4.30924 5.85278 7.53647 7.20697 10.7521 6.59632 5.14261 7.25486 6.26422 5.00975 4.82684 8.13607 5.77436 5.39315 5.00952 5.0953 5.61621 6.77193 7.33149 6.7014 6.66094 8.06567 6.05926 5.37622 4.94495 8.88995 6.4885
threshold=1.0000000180025095e-35 1.0000000180025095e-35 -11.499999999999998 0.53333333333334232 1.0000000180025095e-35 0.46666666666666967 25075.000000000004 11175.000000000002 0.65833333333333344 1.0000000180025095e-35 5925.0000000000009 0.9545454545454547 0.46666666666666656 0.83333333333334292 0.86666666666667458 27225.000000000004 7.3000000000000016 11725.000000000002 0.88194444444444453 358.50000000000006 109.83333333333336 0.42261904761904767 0.22944444444444415 0.45714285714285746 0.53333333333334543 2675.0000000000005 96.166666666666671 2.1000000000000005 4325.0000000000009 25575.000000000004
decision_type=2 2 2 2 2 2 2 2 2 2 2 2 2 2 2 2 2 2 2 2 2 2 2 2 2 2 2 2 2 2
left_child=1 2 -1 9 5 6 7 -5 -9 -3 -11 -12 -13 16 15 -15 27 -16 19 20 22 25 -19 -23 -25 -22 -24 -6 -29 -30
right_child=-2 3 -4 4 13 -7 -8 8 -10 10 11 12 -14 14 17 -17 -18 18 -20 -21 21 23 26 24 -26 -27 -28 28 29 -31
leaf_value=0.05429229455834627 -0.0056366121740097884 -0.00052324008407641522 0.0075026566589159981 0.036447328647413492 0.0032334094280032002 0.028253199108563134 0.031732030343090425 0 -0.071465127200836906 0.017237356621358849 -0.007670554849750569 -0.06191870197458077 -0.0076922412321426131 -0.03404004355542619 0.017896719903312316 0.0095487866588776695 0.045572652025357624 0.045448769859383086 -0.027530705326117066 -0.024675128185789499 0.038360928446631325 0.084803531364548337 -0.0090894108302755888 -0.034407017443202917 0.047685216993042352 -0.012867562067193181 -0.067461308090398867 0.042516615522235318 -0.010617232186803974 0.0086989921345874011
leaf_weight=6.1909743361175051 290.57598232105374 1570.7102837446146 95.795932685956359 5.4460088061168852 1204.4290361758322 44.894389206543565 9.0736050307750684 4.9516222625970832 8.7833211049437505 27.571510309353471 300.56873859465122 9.8586049685254711 7.9043655321001998 35.572819232009351 29.195006398484111 9.3959925062954408 7.0103537160903207 4.9688935494050375 20.922990083694458 20.218914616852999 7.9021907858550575 6.0215747654438045 39.568067852407694 4.2967178262770167 9.0296706771478039 20.546902231872082 4.3429517820477477 9.5940293157473189 192.07222743518651 55.823807157576084
leaf_count=35 1453 8132 470 42 6246 234 38 21 39 197 1487 43 37 199 244 44 86 25 112 128 38 27 206 22 46 91 20 174 1050 286
internal_value=-0.000233126 0.000181871 0.0104423 -0.000102123 0.00168716 0.0155276 -0.00454436 -0.0220399 -0.0456878 -0.00174226 -0.00726152 -0.00940387 -0.0382465 0.001081 -0.00596421 -0.0248205 0.00210144 -0.000845394 -0.004862 -0.000741768 0.00423229 0.0176316 -0.00877731 0.0413001 0.0207854 0.00127136 -0.0151164 0.00188646 -0.00439341 -0.00624549
internal_weight=4063.24 3772.66 101.987 3670.67 1754.06 73.1489 28.2546 19.181 13.7349 1916.61 345.903 318.332 17.763 1680.91 211.983 44.9688 1468.93 167.014 137.819 116.896 96.677 47.7971 48.8799 19.348 13.3264 28.4491 43.911 1461.92 257.49 247.896
internal_count=21272 19819 505 19314 9418 374 140 102 60 9896 1764 1567 80 9044 1202 243 7842 959 715 603 475 224 251 95 68 129 226 7756 1510 1336
is_linear=0
shrinkage=0.05


Tree=145
num_leaves=31
num_cat=0
split_feature=8 36 33 22 33 11 30 34 27 21 23 13 11 38 10 17 10 20 4 30 38 20 5 7 8 20 7 9 7 20
split_gain=5.8545 6.06782 7.37675 11.4808 7.23158 5.518 5.15381 6.35601 4.88597 8.33434 4.71055 4.60827 5.3645 6.45318 4.23729 3.8359 9.62029 8.26754 7.5608 7.47186 8.49004 6.83424 6.30058 7.5258 6.2772 10.8387 6.15178 8.73652 6.18178 6.13517
threshold=0.90645833333333348 0.39444444444444454 0.58017857142857188 343.16666666666669 0.42999999999999955 26125.000000000004 0.19090909090909094 0.48333333333333339 2.8333333333333335 105.50000000000001 204.77500000000003 7625.0000000000009 27425.000000000004 0.54032967032967172 17.500000000000004 3.1666666666666674 1.5000000000000002 1.0000000180025095e-35 66.500000000000014 0.11805555555555557 0.90000000000000069 10.500000000000002 31.500000000000004 27.500000000000004 0.46180371352785149 -168.49999999999997 102.50000000000001 1.0000000180025095e-35 99.500000000000014 -137.49999999999997
decision_type=2 2 2 2 2 2 2 2 2 2 2 2 2 2 2 2 2 2 2 2 2 2 2 2 2 2 2 2 2 2
left_child=14 2 -2 5 6 -4 -3 -8 9 -6 -10 12 -12 -14 15 16 26 18 24 22 21 -21 23 -19 25 -18 28 29 -1 -28
right_child=1 4 3 -5 8 -7 7 -9 10 -11 11 -13 13 -15 -16 -17 17 19 -20 20 -22 -23 -24 -25 -26 -27 27 -29 -30 -31
leaf_value=0.0017563207002201575 -0.023437220798403251 -0.06356886579346703 0.013844717458338061 0.053994565798946327 -0.014207669223971995 -0.038540830254436727 0.02822250637670087 -0.02755864964373559 -0.033907839032222095 0.049357702534779266 0.047096269543441205 0.031867571001061655 0.015463881345652311 -0.05464587771051102 -0.045013673116062171 0.0050990716461529143 0.0062410148278095913 0.014337729384433871 0.02994931214741374 0.044433867970648827 0.042739944815441001 -0.0060199341680685255 0.06790184893866795 -0.050359200807205684 -0.014578526457798497 -0.068942752776312788 0 0.053129827840824685 0.059201700414140274 -0.034252579695885355
leaf_weight=2594.7716653700918 83.415751246735454 5.2754094600677517 8.961113648489123 8.5842688269913179 7.3686552494764355 10.96067178621888 7.5531328944489387 15.020004419609903 7.930413430556654 16.035820528864861 3.3395293951034608 12.710525652393697 5.7978417724370939 7.1197081282734871 4.9889567345380774 426.72656722925603 6.5845547299832132 51.453269016928971 6.5004322938621035 6.664319895207881 9.1467962041497213 621.73012597579509 4.8255950585007659 4.8015821129083625 43.742755651473999 16.308085218071938 22.561483356170356 4.282137149013578 4.5974365025758734 31.566315387375653
leaf_count=13099 430 24 47 43 32 51 36 84 38 74 21 85 25 32 30 2708 36 267 36 34 45 3189 26 22 223 78 166 61 29 230
internal_value=0.000134056 -0.00820187 -0.0159283 0.00587513 0.0015583 -0.0147759 -0.0194073 -0.0086312 0.0113394 0.0291568 0 0.00935425 -0.00802923 -0.022917 0.000567482 0.000628914 7.11157e-05 -0.00484133 -0.0208366 -0.00315695 -0.00476381 -0.00546992 0.0135137 0.0086473 -0.0259032 -0.0471673 0.00149958 -0.0145242 0.00186212 -0.0200567
internal_weight=4061.32 200.073 111.922 28.5061 88.151 19.9218 27.8485 22.5731 60.3025 23.4045 36.898 28.9676 16.2571 12.9175 3861.25 3856.26 3429.54 771.758 73.1358 698.622 637.541 628.394 61.0804 56.2549 66.6354 22.8926 2657.78 58.4099 2599.37 54.1278
internal_count=21301 1022 571 141 451 98 144 120 307 106 201 163 78 57 20279 20249 17541 3956 373 3583 3268 3223 315 289 337 114 13585 457 13128 396
is_linear=0
shrinkage=0.05


Tree=146
num_leaves=31
num_cat=0
split_feature=10 19 4 10 5 13 10 14 24 10 13 21 19 10 5 13 29 21 32 4 29 6 43 38 32 19 5 0 38 38
split_gain=4.92553 11.3489 6.85868 6.83056 10.4082 9.33257 10.6422 8.16849 7.35942 6.77452 6.71759 6.03407 5.96183 5.9774 11.5681 6.26508 6.12973 16.2157 6.46035 5.91927 5.70076 5.698 7.00268 6.46974 6.35416 5.82513 7.44561 6.74682 6.71251 11.6906
threshold=1.5000000000000002 5.5000000000000009 67.500000000000014 2.5000000000000004 73.500000000000014 -974.99999999999989 5.5000000000000009 1.0000000180025095e-35 5.5000000000000009 6.5000000000000009 1175.0000000000002 472.50000000000006 56.500000000000007 3.5000000000000004 13.500000000000002 11375.000000000002 0.10555555555555557 113.50000000000001 0.20000000000000182 1.5000000000000002 0.59166666666666679 1.0000000180025095e-35 1.0000000180025095e-35 0.25000000000000022 0.60000000000001263 136.50000000000003 3.5000000000000004 0.41666666666666674 0.55052447552447703 0.46000000000000069
decision_type=2 2 2 2 2 2 2 2 2 2 2 2 2 2 2 2 2 2 2 2 2 2 2 2 2 2 2 2 2 2
left_child=2 -2 11 4 8 6 -5 -7 10 -8 -3 19 20 14 16 -15 17 -14 -18 -1 -9 24 23 -23 -20 -25 27 -27 29 -28
right_child=1 3 -4 5 -6 7 9 12 -10 -11 -12 -13 13 15 -16 -17 18 -19 21 -21 -22 22 -24 25 -26 26 28 -29 -30 -31
leaf_value=-0.0034835108782121623 -0.020172938781190954 -0.019015729876649706 -0.018303049463110115 0.042629839036129963 0.070001676853899505 -0.033494036486886695 -0.039785271415489716 0.03689866714233514 0.053461057944424788 0.025374274795536167 -0.0042123749264967019 -0.016935785754489355 -0.097142340400102389 -0.006717778539453924 0.036590414324617578 0.0057545460307259419 0.048907558397823014 0.00049728415320980527 -0.0037817999418222992 0.0030154464091320266 -0.012799683209389108 0.047097665666731486 0.033631242377665176 -0.03203856367935428 -0.057554530665716253 -0.0015880122468135548 0.035389869689998792 -0.067882405735859436 0.050390145354045103 -0.031707615625020835
leaf_weight=415.59986750595272 83.616590490564704 102.72273663617671 43.507297235541046 27.666621522977948 4.3018306363373986 17.489633539691567 8.2581531200557929 20.896267838776115 4.8207374634221187 7.4626746848225585 306.92989969998598 42.677295892499387 5.3521959800273207 351.81028125435114 27.87747775670141 140.55551045481116 8.082122325897215 18.864597376435995 53.78041270095855 2210.6139951720834 7.7196593638509503 8.0066103376448137 23.863904559984803 11.929523400031028 6.061459580436348 56.551631621085107 15.119495099410416 4.033785236068069 13.361781004816292 11.178075259551404
leaf_count=2082 408 465 346 165 35 84 46 95 61 55 1784 257 24 1715 181 1064 37 86 258 11298 36 38 116 59 30 266 71 21 66 52
internal_value=0.000127978 -0.00234044 0.0013569 -0.00115598 -0.00637987 0.00142466 0.0239851 0.000195909 -0.00720139 -0.00857313 -0.00794034 0.00167993 0.00095701 0.000101445 0.0061757 -0.00314671 0.00255067 -0.0211873 0.00529495 0.00198499 0.0233196 0.0035185 0.00892235 0.00395055 -0.00939885 0.000787115 0.00477136 -0.00618888 0.0216139 0.00666785
internal_weight=4060.71 1348.31 2712.4 1264.7 418.775 845.922 43.3874 802.534 414.473 15.7208 409.653 2668.89 785.045 756.429 264.063 492.366 236.186 24.2168 211.969 2626.21 28.6159 203.887 144.045 120.181 59.8419 112.174 100.245 60.5854 39.6594 26.2976
internal_count=21301 7318 13983 6910 2345 4565 266 4299 2310 101 2249 13637 4215 4084 1305 2779 1124 110 1014 13380 131 977 689 573 288 535 476 287 189 123
is_linear=0
shrinkage=0.05


Tree=147
num_leaves=31
num_cat=0
split_feature=8 17 33 36 22 20 27 0 12 38 21 15 33 6 23 11 38 19 24 10 12 12 12 8 39 33 23 28 12 20
split_gain=5.08934 5.52998 4.97588 6.90584 6.23924 6.04498 5.06822 8.87359 4.36281 5.69255 5.74669 4.21942 3.91134 4.4874 4.64738 5.61553 5.37927 4.45719 4.02054 3.7294 3.71501 3.62161 4.34565 3.43253 6.79181 3.9142 5.76361 14.9484 4.78952 4.31761
threshold=0.90645833333333348 1.1666666666666667 0.58017857142857188 0.39444444444444454 348.16666666666669 250.50000000000003 2.8333333333333335 0.2166666666666667 24975.000000000004 0.56619047619047802 173.50000000000003 4.5000000000000009 0.42041666666666683 5.5000000000000009 220.30000000000004 25325.000000000004 0.47333333333333466 136.50000000000003 2.5000000000000004 17.500000000000004 17475.000000000004 21125.000000000004 24975.000000000004 0.85540069686411158 1.0000000180025095e-35 0.21666666666666684 108.50000000000001 2.1000000000000005 20525.000000000004 416.50000000000006
decision_type=2 2 2 2 2 2 2 2 2 2 2 2 2 2 2 2 2 2 2 2 2 2 2 2 2 2 2 2 2 2
left_child=19 -2 3 12 5 21 8 -8 9 -5 -11 20 17 14 15 16 -14 -3 -16 23 -7 -4 -23 -1 25 -25 -27 28 -28 -29
right_child=1 2 4 6 -6 11 7 -9 -10 10 -12 -13 13 -15 18 -17 -18 -19 -20 -21 -22 22 -24 24 -26 26 27 29 -30 -31
leaf_value=0.00036323026684452323 -0.053776158795100837 0.029014737382246376 0.052898026355972683 0.035993556947034849 0.040900351329449275 -0.077312698336662489 0.0023423592107486776 -0.054385198923951605 0.047186177808122863 -0.056213234749981203 0.015065091218265745 0.013965427999787934 -0.058053674170513873 -0.064447108859213786 -0.048360748619302028 -0.066413978883157906 0.026601778581804649 -0.016437779530203051 0.0053996165909391096 -0.041837075776027147 -0.017991677180125325 -0.016391457800083654 0.04156070701283994 0.053088313210269335 -0.03658665745969731 0.051382903133510606 0.011004470879736758 0.02753312582776159 -0.051003558331835279 -0.015065721840760649
leaf_weight=3772.4253671197221 6.222619403153657 6.5201340448111287 5.0960146188735989 8.0017440021038109 10.927468609996138 4.2291272580623644 30.415145253762603 8.7573978621512634 8.5182114243507367 5.3056120201945287 5.6970028560608625 5.0090018287301055 3.0948254484683302 7.9778354577720156 4.3127290755510357 9.8135378481820208 4.3854879755526781 28.03675464913249 15.879894328303633 5.0849061459302893 7.7889510989189148 9.1301070749759656 4.8552668392658225 6.1933428905904284 6.8015161938965312 7.9535560086369506 3.992948815226554 38.263432518579066 11.943352717906235 6.8120577344670883
leaf_count=19862 30 31 35 36 64 24 175 40 35 24 27 29 17 37 19 52 27 143 87 30 32 38 20 28 32 39 19 176 51 42
internal_value=0.000122125 -0.0076518 -0.00611768 -0.0106676 0.00796108 -0.00195463 0.00114533 -0.0103185 0.017621 0.00392979 -0.0190527 -0.0236633 -0.0205649 -0.0302267 -0.0226588 -0.0416553 -0.00806687 -0.00765863 -0.00601783 0.000526407 -0.0397449 0.0171785 0.0035249 0.000584676 0.0107035 0.0150924 0.0115359 0.00618403 -0.0351835 0.0209656
internal_weight=4059.45 199.975 193.752 146.716 47.0359 36.1085 66.6951 39.1725 27.5226 19.0044 11.0026 17.0271 80.0212 45.4643 37.4865 17.2939 7.48031 34.5569 20.1926 3859.47 12.0181 19.0814 13.9854 3854.39 81.9602 75.1587 68.9653 61.0118 15.9363 45.0755
internal_count=21301 1022 992 750 242 178 337 215 122 87 51 85 413 239 202 96 44 174 106 20279 56 93 58 20249 387 355 327 288 70 218
is_linear=0
shrinkage=0.05


Tree=148
num_leaves=31
num_cat=0
split_feature=8 37 12 12 18 32 29 32 37 18 4 20 27 11 18 23 19 34 11 17 32 11 37 23 30 29 21 32 12 12
split_gain=4.59271 5.53829 10.5656 9.52346 7.37429 8.06549 6.33985 6.15183 8.74962 7.92849 9.43541 6.10509 5.57443 4.78927 4.44245 6.82424 6.22057 4.35747 4.02143 3.98568 3.61558 3.569 3.34446 6.13905 3.40036 3.32942 4.42349 5.08909 3.31451 6.42975
threshold=0.90645833333333348 0.5555555555555608 25075.000000000004 23875.000000000004 3.7750000000000004 0.20000000000000953 0.59166666666666679 0.40000000000001057 0.83333333333333659 2.7083333333333335 6.5000000000000009 290.50000000000006 2.4166666666666674 20325.000000000004 3.1000000000000005 220.30000000000004 210.50000000000003 0.78888888888888908 30325.000000000004 2.5833333333333335 0.53333333333333977 26525.000000000004 0.36111111111111388 87.100000000000009 0.39444444444444454 0.32291666666666669 269.50000000000006 0.66666666666667584 28675.000000000004 28175.000000000004
decision_type=2 2 2 2 2 2 2 2 2 2 2 2 2 2 2 2 2 2 2 2 2 2 2 2 2 2 2 2 2 2
left_child=28 4 3 7 5 -2 18 9 20 -3 -11 12 -4 -7 15 22 -17 -5 -6 -10 -9 -21 24 -24 -15 -16 27 -27 29 -1
right_child=1 2 11 17 6 13 -8 8 19 10 -12 -13 -14 14 25 16 -18 -19 -20 21 -22 -23 23 -25 -26 26 -28 -29 -30 -31
leaf_value=0.00032178941588382538 -0.085198384832965143 -0.0777215007112253 0.05516925485330082 -0.010966095870009816 -0.027997007951635223 0.03414971115923094 0.048232385830046687 0.058685062038368985 -0.058176136526266048 0.045916177222591593 -0.056140239997153299 0.076373942865984062 -0.014121134477633829 -0.0016625209603337882 -0.012202341145085626 -0.034954387783511696 0.032301970049705843 -0.071244379112236397 0.026921768264176572 0.03046679924466706 0.015986600446096046 -0.023174257458536393 -0.053691779607137738 0.00052034331865364811 -0.057469367841042944 -0.060700810180142478 -0.082555002359030627 0.005479396833954802 -0.011855250574340464 0.012676044746177255
leaf_weight=3697.5640085428022 4.4802491515874854 4.6772037819027892 4.8318544179201144 5.5887783765792829 8.9989570211619156 4.2356657125055781 7.6834492348134509 9.0054084397852439 3.7796843331307199 5.1502217166125757 3.8779155164957047 6.2254826352000228 6.8032165318727493 3.9763002246618262 10.06785727851093 4.5172019675374058 12.947883116081355 7.0993179529905319 5.1008026823401442 5.3351980987936241 12.088300858624278 7.1198860146105289 6.6943332776427296 21.80015530064702 10.204670319333671 5.9271801766008156 6.3911464735865584 5.3339847195893526 53.384685631841421 108.35232849698514
leaf_count=19501 19 21 20 24 53 27 41 51 26 26 28 29 28 17 48 20 66 31 28 37 68 37 32 107 52 30 29 27 259 519
internal_value=0.00011612 -0.00726931 0.00270124 -0.00676983 -0.0141804 -0.0201238 0.0119126 0.0028011 0.0134062 -0.0256091 0.00139667 0.0366196 0.0144529 -0.0168149 -0.0193647 -0.0115753 0.014522 -0.0453777 -0.00772751 -0.0139229 0.0346424 0 -0.0223816 -0.0121843 -0.0422926 -0.0359821 -0.0491179 -0.0291414 0.000500218 0.000675146
internal_weight=4059.24 199.942 81.5825 63.7219 118.36 96.5766 21.7832 51.0338 37.3285 13.7053 9.02814 17.8606 11.6351 92.0964 87.8607 60.1405 17.4651 12.6881 14.0998 16.2348 21.0937 12.4551 42.6755 28.4945 14.181 27.7202 17.6523 11.2612 3859.3 3805.92
internal_count=21301 1022 426 349 596 474 122 294 219 75 54 77 48 455 428 294 86 55 81 100 119 74 208 139 69 134 86 57 20279 20020
is_linear=0
shrinkage=0.05


Tree=149
num_leaves=31
num_cat=0
split_feature=10 20 21 26 12 13 33 6 19 4 27 4 37 28 20 9 13 19 4 11 32 31 6 13 32 11 22 22 33 6
split_gain=4.19664 11.1237 6.60257 8.45862 7.04008 7.61249 6.96714 6.76628 6.51523 9.57575 7.29559 6.23953 5.91015 5.81702 5.58453 5.50702 5.00315 5.06735 4.99257 5.22545 4.98226 4.976 4.88159 6.57662 10.2512 7.18065 12.6592 11.1574 8.79194 7.77959
threshold=1.5000000000000002 1.0000000180025095e-35 -112.49999999999999 -2.4999999999999996 27075.000000000004 3475.0000000000005 0.32041666666666674 -7.4999999999999991 27.500000000000004 13.500000000000002 -2.8333333333333326 67.500000000000014 0.66666666666667362 -1.6333333333333331 532.50000000000011 1.0000000180025095e-35 -2724.9999999999995 168.50000000000003 46.500000000000007 29425.000000000004 0.37777777777778992 0.48529411764705888 -2.4999999999999996 3775.0000000000005 0.73333333333334627 29125.000000000004 132.83333333333334 67.833333333333357 0.33416666666666678 4.5000000000000009
decision_type=2 2 2 2 2 2 2 2 2 2 2 2 2 2 2 2 2 2 2 2 2 2 2 2 2 2 2 2 2 2
left_child=11 8 3 13 22 6 -6 -8 10 21 -2 14 20 -3 -1 -13 -9 -18 -12 -20 -7 -10 -4 -24 25 -25 27 -27 -29 -28
right_child=1 2 4 -5 5 12 7 16 9 -11 18 15 -14 -15 -16 -17 17 -19 19 -21 -22 -23 23 24 -26 26 29 28 -30 -31
leaf_value=0.0016636737556677572 0.012553064528748723 -0.0402365861404652 0.0091419292792997205 -0.021593012101110948 0.041978399618966669 -0.026204989320428675 -0.017978791523933894 0.049637685821159419 0.0040777620046580322 0.064461333205702007 -0.044211640718464493 -0.022221351452714165 -0.059271163830448982 0.0036221495250468119 -0.04558903631864699 0.051014582666635361 -0.014986342622927912 0.024702981799084284 -0.034592031105636183 0.035795167088029635 0.027811282032100496 -0.053672664763189382 -0.0096173584384506901 0.011170638860850648 -0.033623413402141054 0.025858219941847133 -0.005560837368640585 -0.091652392886210743 -0.027270311122648772 0.0076857037799549464
leaf_weight=2663.100493144244 8.8826008830219489 8.1393346041440946 107.91735455952585 82.97626490984112 24.404429905116558 8.3322358727455192 15.574753817170857 10.827101297676561 11.148571904748684 4.8546882942318907 39.769265457987785 40.58978415094316 5.2337840050458899 91.608540824614465 6.1606152243912211 2.6089294888079158 12.286302536725996 22.350582793354988 6.2455407083034498 4.3821703121066093 8.5324966460466367 5.396411119028925 218.93914026394486 148.49436115846038 21.300175393000245 6.9926816970109931 226.94931185711175 7.2040223553776768 21.438042202964425 216.26070481352508
leaf_count=13579 52 38 653 454 131 37 88 65 68 27 194 299 25 516 58 47 55 116 31 22 40 29 1024 1078 152 34 1112 34 110 1133
internal_value=0.000110054 -0.00217044 -0.00101815 -0.00980837 0.000461036 0.0125991 0.0193845 0.0102154 -0.0201629 0.00326739 -0.0286966 0.00124395 -0.0133804 0 0.00155104 -0.0175753 0.0200019 0.0104779 -0.0360764 -0.00503976 0.00083197 -0.0146674 -0.000873128 -0.00212557 0.000396571 0.0015648 -0.00140533 -0.0300373 -0.0439001 0.000891701
internal_weight=4058.9 1346.44 1265.76 182.724 1083.04 107.542 85.4432 61.0387 80.6792 21.3997 59.2796 2712.46 22.0985 99.7479 2669.26 43.1987 45.464 34.6369 50.397 10.6277 16.8647 16.545 975.496 867.578 648.639 627.339 478.845 35.6347 28.6421 443.21
internal_count=21301 7318 6895 1008 5887 557 455 324 423 124 299 13983 102 554 13637 346 236 171 247 53 77 97 5330 4677 3653 3501 2423 178 144 2245
is_linear=0
shrinkage=0.05


Tree=150
num_leaves=31
num_cat=0
split_feature=44 35 21 0 32 20 23 38 8 34 11 36 33 36 32 21 20 34 30 32 13 13 38 20 18 27 19 32 6 11
split_gain=5.52343 5.94159 8.76396 8.09985 7.45634 10.1643 8.99338 7.20813 6.99097 6.67659 8.98782 9.90714 6.7549 6.5981 6.27397 5.39074 5.30995 5.15261 8.70194 6.91146 5.71278 4.99568 7.58649 6.20605 7.08252 5.46142 8.03111 4.99026 4.81003 5.08713
threshold=1.0000000180025095e-35 0.69375000000000009 154.50000000000003 0.88333333333333341 0.35000000000000209 266.50000000000006 220.30000000000004 0.36666666666666853 0.60887457505815001 0.19090909090909094 28475.000000000004 0.32051282051282054 0.47999999999999998 0.48333333333333339 0.58333333333334558 376.50000000000006 -264.49999999999994 0.69375000000000009 0.32291666666666669 0.36666666666667019 -5574.9999999999991 11625.000000000002 0.31291666666666768 135.50000000000003 2.4500000000000006 0.83333333333333337 176.50000000000003 0.66666666666666963 18.500000000000004 30075.000000000004
decision_type=2 2 2 2 2 2 2 2 2 2 2 2 2 2 2 2 2 2 2 2 2 2 2 2 2 2 2 2 2 2
left_child=-1 2 17 4 5 15 -7 -3 -8 10 12 -12 -9 14 -6 -4 -15 21 20 -20 -19 23 -23 28 -25 26 -24 -16 29 -2
right_child=1 7 3 -5 13 6 8 9 -10 -11 11 -13 -14 16 27 -17 -18 18 19 -21 -22 22 25 24 -26 -27 -28 -29 -30 -31
leaf_value=-0.00071958450354934198 0.012642598518602544 0.058199811514510404 -0.048596211560130824 -0.057160882589508515 0.025307579781773767 0.049419368763387761 0.0078264214450342144 0.057248897207964437 -0.063618401081319081 0.013152546705434767 0.019354418729781751 -0.065367886445358861 -0.010269559078168974 0.083976974650070715 -0.04422784802451251 0 -0.01056410361651108 0.021106741421234629 0.045716637246070613 -0.002663657723937298 -0.042311156125498815 -0.082669461730257243 0.014863131883111834 0.037641665993658681 -0.025394440249511808 0.033132192448925533 -0.078232519513155213 0.02377087358759002 -0.0450683304744115 -0.027654286925586552
leaf_weight=3417.5174009948969 118.28205731511116 7.7869166433811179 25.75051139947027 7.7837648615241042 38.567970109172165 7.6195857673883465 9.5577476564794761 5.7839953768998411 5.1381052806973448 173.9113088157028 4.8893352895975104 10.748400369659064 9.699389589019118 1.4111835379153479 6.681445347145198 7.153386276215314 64.484645413700491 4.2129238592460778 9.3719887407496554 32.71011402271688 18.429850861430168 3.1442262856289771 5.2915098918601888 37.790711445733905 4.881779331713914 7.2678017597645512 3.896590244024992 4.296102930791676 3.9725537784397593 8.2234010994434339
leaf_count=17894 590 38 141 34 219 37 78 30 32 961 22 48 53 10 36 34 362 23 43 174 90 20 44 171 22 62 24 22 29 40
internal_value=8.20856e-05 0.0043124 0.000955689 -0.00754448 -0.00522007 -0.0203215 0.00552489 0.0111608 -0.017076 0.00932245 -0.0118943 -0.038606 0.0148374 0.00197149 0.0157751 -0.0379656 -0.00833953 0.00686682 -0.00528123 0.00807529 -0.0302508 0.0109726 -0.0127723 0.0136952 0.0302709 0.000699619 -0.0244968 -0.0171906 0.00821682 0.00996386
internal_weight=4066.26 648.739 435.92 178.444 170.661 55.2193 22.3154 212.819 14.6959 205.032 31.1211 15.6377 15.4834 115.441 49.5455 32.9039 65.8958 257.476 64.7249 42.0821 22.6428 192.751 19.6001 173.151 42.6725 16.4559 9.1881 10.9775 130.478 126.505
internal_count=21383 3489 2337 1005 971 322 147 1152 110 1114 153 70 83 649 277 175 372 1332 330 217 113 1002 150 852 193 130 68 58 659 630
is_linear=0
shrinkage=0.05


Tree=151
num_leaves=31
num_cat=0
split_feature=44 35 21 12 37 12 7 38 34 21 11 37 37 32 32 34 12 19 14 37 15 22 11 8 13 38 20 5 27 19
split_gain=4.98727 5.36664 7.90233 7.54313 7.91376 8.58188 7.34693 6.57527 6.01927 8.52435 5.86633 6.68899 5.54691 6.2893 4.90067 4.64427 8.29377 8.31949 7.44565 6.62815 6.77792 8.03734 5.65228 4.51096 4.5041 6.61832 5.62465 6.54886 4.96133 7.10802
threshold=1.0000000180025095e-35 0.69375000000000009 154.50000000000003 7325.0000000000009 0.46666666666667772 25725.000000000004 43.500000000000007 0.36666666666666853 0.19090909090909094 -131.49999999999997 28125.000000000004 0.55555555555555824 0.41892551892552349 0.35000000000000209 0.55000000000000149 0.69375000000000009 27675.000000000004 341.50000000000006 3.5000000000000004 0.40000000000000763 -1.4999999999999998 -30.499999999999996 28575.000000000004 0.43291275580858596 11625.000000000002 0.31291666666666768 135.50000000000003 1.5000000000000002 0.83333333333333337 132.50000000000003
decision_type=2 2 2 2 2 2 2 2 2 2 2 2 2 2 2 2 2 2 2 2 2 2 2 2 2 2 2 2 2 2
left_child=-1 2 15 -4 5 12 -7 -3 9 -9 14 -12 13 -5 -11 24 17 18 19 -17 -21 23 -23 -22 26 -26 -2 -28 29 -27
right_child=1 7 3 4 -6 6 -8 8 -10 10 11 -13 -14 -15 -16 16 -18 -19 -20 20 21 22 -24 -25 25 28 27 -29 -30 -31
leaf_value=-0.00068361029535444042 0.00779546367826125 0.055684646806425188 0.028696195734643815 -0.02124522769846765 -0.021151646386321655 -0.044206005611062804 0.027746131068504789 -0.063962691514885844 0.012495992404100946 0.058404374493966731 0.0066132372803307197 -0.064942477646105556 0.041228114048591544 0.015310846538186325 -0.0053487957459906754 -0.094801276245370936 0.064406711457514268 0.041464885385004473 -0.070923077717838345 -0.034227460342761577 0.0043179414718255392 -0.03202983035397719 0.019817218048807497 0.071060973477320918 -0.076167324075203824 0.030526563669841522 -0.016353744880140113 0.037214907041581764 0.03204032363309188 -0.057771833971607151
leaf_weight=3417.4981076773256 130.5338845057413 7.7374715190380803 13.38968496955931 17.777716107666492 81.841793933883309 15.431353049352767 4.433091200888156 6.0653661815449622 173.90184238087386 6.0466481037437934 8.2866494730114919 5.1630292516201726 11.380127247422932 34.146796943619847 5.6289445506408811 2.1016655564308158 3.9194927066564551 6.8971933191642156 5.5326280090957871 14.333992455154652 4.6757822632789594 12.595888424664745 8.7689651940017921 5.932158337906003 3.2477129623293903 3.6010112380608934 6.5751178115606299 36.016785591840744 7.1462491992861024 5.6805923711508512
leaf_count=17894 659 38 134 95 440 72 29 30 961 30 37 24 64 171 32 9 17 40 30 72 20 67 44 31 20 31 27 166 62 37
internal_value=7.81242e-05 0.00409775 0.000907152 -0.00716563 -0.0101215 0.000684912 -0.0278397 0.0106064 0.00885505 -0.0112601 0.00146745 -0.0207629 0.00974432 0.00268203 0.0274592 0.00651885 -0.00500848 -0.00966095 -0.0163553 -0.00988232 -0.00572449 0.0069649 -0.0105237 0.0424239 0.0104171 -0.012075 0.0130077 0.0288092 0.000677396 -0.0230213
internal_weight=4066.29 648.79 435.96 178.401 165.011 83.1691 19.8644 212.83 205.092 31.1906 25.1253 13.4497 63.3046 51.9245 11.6756 257.559 64.7578 60.8383 53.9411 48.4085 46.3068 31.9728 21.3649 10.6079 192.801 19.6756 173.126 42.5919 16.4279 9.2816
internal_count=21383 3489 2337 1005 871 431 101 1152 1114 153 123 61 330 266 62 1332 330 313 273 243 234 162 111 51 1002 150 852 193 130 68
is_linear=0
shrinkage=0.05


Tree=152
num_leaves=31
num_cat=0
split_feature=44 36 37 11 11 11 30 4 37 21 14 22 33 11 22 30 34 22 35 19 22 4 34 17 20 20 20 21 36 37
split_gain=4.50741 5.31096 8.00031 7.47393 4.86247 6.00346 11.5334 7.30182 5.89369 5.59026 6.72898 6.25021 5.06043 5.40948 4.84034 4.68992 4.55033 4.66465 4.43862 5.38707 11.7921 8.04636 5.61679 5.87656 7.21084 5.05373 4.75364 4.48124 4.4785 4.37355
threshold=1.0000000180025095e-35 0.81666666666666676 0.91666666666667618 4225.0000000000009 30875.000000000004 29775.000000000004 0.64583333333333337 22.500000000000004 0.44444444444444953 194.50000000000003 2.5000000000000004 142.16666666666671 0.45012820512820545 32175.000000000004 135.41666666666671 0.76388888888888895 0.73863636363636376 191.16666666666671 0.69375000000000009 144.50000000000003 126.16666666666667 9.5000000000000018 0.23611111111111113 1.1666666666666667 -299.49999999999994 -224.49999999999997 -87.499999999999986 219.50000000000003 0.39444444444444454 0.77777777777778956
decision_type=2 2 2 2 2 2 2 2 2 2 2 2 2 2 2 2 2 2 2 2 2 2 2 2 2 2 2 2 2 2
left_child=-1 4 3 -3 5 18 7 8 14 11 -11 -10 13 -6 -7 -4 -5 -18 -2 22 26 27 -20 24 -24 -26 -21 -22 -23 -27
right_child=1 2 15 16 12 6 -8 -9 9 10 -12 -13 -14 -15 -16 -17 17 -19 19 20 21 28 23 -25 25 29 -28 -29 -30 -31
leaf_value=-0.00064943448322814213 0.0017475653045478487 0.052776234358480584 0.033134587770164904 -0.006517090554761378 -0.029422707739130451 -0.008133795839409444 0.070285748612555876 0.04781561638210443 -0.015605091305445462 -0.0004996356845504593 -0.087463676283839997 0.05239925729346339 0.016840801419823439 0.027935782793291238 0.040343681933897244 -0.030775887334371713 -0.042120492206506301 0.00091440277526487295 0.062979769991874851 -0.016800191216803113 0.020754730455751332 -0.068366546394723546 0.053829710925540855 0.050154955956026918 -0.036031020283539654 0.0034729923795374495 -0.082632183946342336 0.079031175671463366 0.0014305502490478781 0.044272271546327069
leaf_weight=3417.47926140856 274.8761447891593 4.3836524123325935 18.017905384302143 78.449920193292201 26.423277851194147 7.8665387500077513 10.203602489084004 11.693065784871576 10.953237689100208 4.61119621619582 4.421349011361599 4.745165321044623 12.521245015785096 4.6949850842356673 13.878612631000577 3.2497053719125679 21.225410482846204 8.6101113958284241 7.0592264225706449 7.2048144154250622 10.944473533891143 2.7011602539569131 8.3637307118624431 10.995233226567505 6.7164470292627803 44.360701885074377 4.667723570019005 4.9382375543937078 12.079172796569763 7.6945046894252291
leaf_count=17894 1547 31 111 368 128 36 48 81 50 21 22 26 61 22 66 19 102 48 35 40 61 15 53 48 38 229 23 26 93 41
internal_value=7.45566e-05 0.00389678 -0.00494879 -0.0102915 0.00620922 0.00769487 0.0214075 0.0126419 0.0036014 -0.012944 -0.0441068 0.0048357 -0.00969108 -0.0205468 0.0226206 0.0230367 -0.0129371 -0.0295726 0.00534894 0.0130529 -0.00136903 0.0148984 0.0203055 0.0163104 0.0106267 0.00431258 -0.0435739 0.0395679 -0.0113628 0.0096729
internal_weight=4066.03 648.551 133.937 112.669 514.614 470.974 68.3728 58.1692 46.4761 24.7309 9.03255 15.6984 43.6395 31.1183 21.7452 21.2676 108.285 29.8355 402.602 127.725 42.5356 30.663 85.1898 78.1306 67.1354 58.7717 11.8725 15.8827 14.7803 52.0552
internal_count=21383 3489 679 549 2810 2599 350 302 221 119 43 76 211 150 102 130 518 150 2249 702 258 195 444 409 361 308 63 87 108 270
is_linear=0
shrinkage=0.05


Tree=153
num_leaves=31
num_cat=0
split_feature=11 44 12 36 37 11 7 19 0 28 13 13 6 28 33 34 37 12 7 21 34 26 31 38 34 38 11 11 11 34
split_gain=4.21061 4.04138 5.10379 4.76577 7.30009 6.63971 4.77891 5.67566 9.41463 5.7511 9.21759 10.1603 9.44899 5.9002 5.88942 6.30083 5.84126 9.18038 5.13844 6.24338 4.80777 5.44551 5.17054 4.70444 4.41728 4.2854 9.69456 6.52528 4.39761 4.24347
threshold=1550.0000000000002 1.0000000180025095e-35 3775.0000000000005 0.81666666666666676 0.91666666666667618 4225.0000000000009 101.50000000000001 -359.49999999999994 0.2166666666666667 -1.7749999999999997 -17224.999999999996 -14274.999999999998 -4.4999999999999991 -1.5499999999999998 0.66583333333333372 0.57738095238095244 0.66666666666667362 26075.000000000004 16.500000000000004 -446.49999999999994 0.39444444444444454 -2.4999999999999996 0.39444444444444454 0.10000000000000127 0.55050505050505061 0.66015873015873139 23875.000000000004 12025.000000000002 24925.000000000004 0.73863636363636376
decision_type=2 2 2 2 2 2 2 2 2 2 2 2 2 2 2 2 2 2 2 2 2 2 2 2 2 2 2 2 2 2
left_child=-1 -2 -3 6 5 -5 7 8 -4 14 16 -12 24 -14 15 20 17 -11 -10 -20 22 -22 -9 -15 -13 26 27 -8 -27 -7
right_child=1 2 3 4 -6 29 25 9 18 10 11 12 13 23 -16 -17 -18 -19 19 -21 21 -23 -24 -25 -26 28 -28 -29 -30 -31
leaf_value=-0.048451102477783642 -0.00055958450283679522 0.051919144247541509 -0.021338709293062925 0.050928351008703278 0.021834617525892958 -0.0064374283835194265 -0.038329860425296181 -0.066783086674452902 0.083395804227357664 -0.033530487921932188 -0.043511345552834056 0.048241121955478451 0.050231251097334166 -0.049193854064126213 0.027203838066904795 -0.045522442808657512 0.13453559001666199 0.090556315698285525 0.060908409480003603 -0.026703194064681159 -0.0071487000523852515 0.061132259784312942 0.0097011156532009618 0.0047803165578220556 0.01465252860891696 -0.015976725085125692 -0.049798884206511379 0.045527939008638829 0.042727931249483903 -0.028800644304329926
leaf_weight=4.3654471868649116 3413.5500274868682 5.3669581920839837 5.7622352875769165 4.1462245658040038 20.98606463894248 78.158139783889055 3.5486532263457793 4.6087170243263262 7.2382559031248084 2.6176917515695086 9.7903075851500017 18.989768970757723 7.0087583661079398 3.9717915207147589 7.8074658699333659 14.531390281394122 1.969691429287195 3.1307291276752949 4.7072462849318981 3.353179505094884 7.9053912684321377 4.4207839369773874 3.9347640797495842 339.53415287844837 21.53371868096292 6.5249059721827489 14.55612702667713 6.1391296964138746 5.941163307055831 29.537503426894546
leaf_count=329 17598 199 39 25 120 352 35 21 32 32 63 89 30 17 40 75 21 22 28 29 39 25 24 1601 113 52 103 48 44 138
internal_value=7.16506e-05 0.00012623 0.00374779 0.00332951 -0.00508321 -0.0101937 0.00553299 0.00688945 0.0322518 0.00568911 0.00753164 0.00646722 0.00774211 0.00507775 -0.0115942 -0.0203442 0.0613811 0.0335881 0.0527688 0.0239682 -0.00244083 0.0172328 -0.0312745 0.00412755 0.0305956 -0.0117733 -0.0240576 0.0142221 0.0117206 -0.0126384
internal_weight=4065.64 4061.27 647.721 642.354 132.828 111.842 509.526 472.816 21.0609 451.755 408.547 400.828 391.038 350.515 43.2085 35.401 7.71811 5.74842 15.2987 8.06043 20.8697 12.3262 8.54348 343.506 40.5235 36.71 24.2439 9.68778 12.4661 107.696
internal_count=21383 21054 3456 3257 635 515 2622 2340 128 2212 1988 1913 1850 1648 224 184 75 54 89 57 109 64 45 1618 202 282 186 83 96 490
is_linear=0
shrinkage=0.05


Tree=154
num_leaves=31
num_cat=0
split_feature=11 15 28 6 6 19 32 25 35 4 33 23 12 11 20 32 33 17 37 37 21 12 21 12 20 37 11 13 20 20
split_gain=3.99731 3.92543 8.00813 7.18322 13.1886 6.08864 6.90176 5.90894 6.96553 7.81486 9.70574 8.07945 8.77566 7.62682 9.38123 7.91533 7.71918 9.3377 7.82738 10.0915 8.15104 7.13596 9.79334 8.47828 8.4401 6.89478 6.87088 8.77861 6.55521 6.42752
threshold=1550.0000000000002 -2.4999999999999996 0.90000000000000013 5.5000000000000009 8.5000000000000018 95.500000000000014 0.44444444444444459 -1.0000000180025095e-35 0.11805555555555557 5.5000000000000009 0.33015151515151531 113.7 24525.000000000004 26375.000000000004 -228.49999999999997 0.66666666666666874 0.35055555555555584 -0.41666666666666657 0.28888888888889402 0.388888888888891 -390.49999999999994 27225.000000000004 -288.49999999999994 25575.000000000004 -219.49999999999997 0.41666666666667584 8275.0000000000018 -8824.9999999999982 -122.49999999999999 -12.499999999999998
decision_type=2 2 2 2 2 2 2 2 2 2 2 2 2 2 2 2 2 2 2 2 2 2 2 2 2 2 2 2 2 2
left_child=-1 2 -2 5 -5 -4 -7 8 25 13 -11 21 -13 -10 -15 16 17 -16 -18 -20 -21 22 -12 24 -24 -3 -26 -28 -9 -29
right_child=1 7 3 4 -6 6 -8 28 9 10 11 12 -14 14 15 -17 18 -19 19 20 -22 -23 23 -25 26 -27 27 29 -30 -31
leaf_value=-0.048312223999908366 -0.0015400803320392224 -0.023241271745705699 -0.0086918752474608157 0.050111639297240732 -0.037336705473227053 -0.063228910988262804 -0.0099619176925895021 -0.034538085763474745 0.016358758067785712 -0.01014423352691118 -0.049012450172147809 0.0070635942341459581 0.047615749293775371 0.07856444304531443 -0.006494172419339389 0.025631801917184557 -0.053427646689131428 0.03027640252523281 0.031549257309874276 0.058279903233857788 -0.01663000031325558 0.013570074023807372 0.06652080529416067 -0.023491140103111145 -0.026530903602469541 0.011169781896977137 0.058686091016854972 -0.00048031294476349958 -0.00027742060718820023 0.050535420025129466
leaf_weight=4.164461320731788 690.95712878089398 43.016650279983878 20.391492296010256 8.8315411545336264 8.1999606862664205 18.07973133772612 9.5655590891838056 13.949867300689219 230.22870304808021 141.40019657276571 11.237498281523584 35.3805819042027 21.715667398646474 3.946561984717845 36.575437471270561 29.386239452287555 9.6894152760505659 32.271732650697231 14.70718766376376 3.6823867112398139 79.57682622410357 85.730418033897877 5.2470996603369704 32.787604611366987 17.537742130458355 21.678500490263104 7.5793254375457755 88.589006870985031 2331.9302229695022 6.5230134334415188
leaf_count=329 3683 200 101 42 41 79 50 78 1173 690 55 174 112 17 149 125 44 138 63 15 339 422 29 160 115 97 39 437 12354 33
internal_value=6.80226e-05 0.000120063 -0.00312843 -0.0198901 0.00774485 -0.0297876 -0.0450805 0.000864889 0.00417302 0.00532394 0.000707259 0.00563773 0.0226307 0.0100714 0.00314461 0.00163722 -0.00234161 0.0106882 -0.0107229 -0.00639804 -0.013191 0.00180939 -0.00411394 -0.000865421 0.00502098 -0.011634 0.00224237 0.00722598 -0.000484748 0.00301536
internal_weight=4064.56 4060.39 756.025 65.0683 17.0315 48.0368 27.6453 3304.37 958.488 893.793 453.728 312.328 57.0962 440.064 209.836 205.889 176.503 68.8472 107.656 97.9664 83.2592 255.232 169.501 158.264 125.476 64.6952 120.229 102.691 2345.88 95.112
internal_count=21383 21054 3996 313 83 230 129 17058 4626 4329 2266 1576 286 2063 890 873 748 287 461 417 354 1290 868 813 653 297 624 509 12432 470
is_linear=0
shrinkage=0.05


Tree=155
num_leaves=31
num_cat=0
split_feature=13 34 31 11 36 12 21 17 44 22 5 18 23 23 36 16 7 27 32 32 33 35 30 33 20 19 11 32 12 32
split_gain=3.24047 7.45785 5.93097 10.6487 14.9308 4.72911 6.07163 10.0486 7.73651 6.41122 6.24073 5.57872 4.62085 4.91954 6.17107 7.25465 4.59699 10.4919 4.16573 4.96233 3.75642 3.54458 5.64976 7.43909 6.49827 8.06515 6.23231 8.10929 7.12488 6.49221
threshold=-16874.999999999996 0.59411764705882364 0.97058823529411775 6225.0000000000009 0.62019230769230782 27375.000000000004 -2.4999999999999996 -2.8333333333333326 1.0000000180025095e-35 -39.833333333333321 5.5000000000000009 -1.0999999999999999 263.10000000000008 -43.499999999999993 0.69375000000000009 1.5000000000000002 6.5000000000000009 -2.4166666666666665 0.58888888888890045 0.3000000000000021 0.71428571428571463 0.69375000000000009 0.88194444444444453 0.2938095238095238 -104.49999999999999 -212.49999999999997 24375.000000000004 0.88888888888888917 20825.000000000004 0.70000000000000406
decision_type=2 2 2 2 2 2 2 2 2 2 2 2 2 2 2 2 2 2 2 2 2 2 2 2 2 2 2 2 2 2
left_child=1 12 5 4 -4 6 7 -3 9 10 -9 -7 13 14 15 16 17 -1 19 -13 -15 -2 -23 -24 -25 -26 27 -27 29 -28
right_child=21 2 3 -5 -6 11 -8 8 -10 -11 -12 18 -14 20 -16 -17 -18 -19 -20 -21 -22 22 23 24 25 26 28 -29 -30 -31
leaf_value=-0.051420945709945425 -0.00053081047666158026 -0.051807433863529179 0.18859650289907853 -0.0058945118468444998 -0.014984926483805975 -0.01292547057013161 -0.031797183431041258 0.068676702615025911 0.14911549312864988 0.098568400593653821 -0.052859622954139589 0.012137617274480927 0.0392264921370028 -0.040793970408780994 -0.049678895332250943 0.077359491817470608 -0.019031747536867302 0.087704540972263045 -0.0088496097326983304 0.087770603133325215 0.03780467163509596 0.0011339177528871722 -0.051944304163638801 0.0020432304741542164 0.061544842862076767 0.038505120870691967 0.061405525451844724 -0.0077345065404675634 -0.010255158908016905 -0.0079684376968692013
leaf_weight=2.107588711194694 2758.9690960790031 3.7020585909485817 2.1432464458048339 4.4417214170098305 1.4101858623325823 8.928845959715547 18.384597605559975 1.4986849073320616 1.417477138340473 1.7956304131075764 2.9573948364704847 4.0522622643038613 3.074691889807581 28.875541438814256 7.0734944725409141 2.7927412977442136 17.757774258498102 3.333606503903872 3.2452912209555498 5.1443036645650864 1.4624556973576535 970.55279213422909 4.5790347605943671 94.964530294761062 10.537381228059528 39.258756641764194 7.9584237374365312 12.229925039224325 33.209082096815109 5.5655002351850271
leaf_count=31 13803 67 38 30 27 73 311 23 14 24 49 38 23 387 86 30 229 39 22 44 17 4864 20 465 44 215 51 77 137 41
internal_value=0.000194802 -0.00770588 0.00514389 0.0449241 0.108238 -0.00105487 -0.0140148 0.0143257 0.0471489 0.0212587 -0.0102765 0.0167385 -0.0191994 -0.0221688 -0.00858817 0.00255035 -0.00653411 0.032958 0.0383587 0.0554715 -0.0367291 0.000448258 0.00274374 0.0102163 0.0116628 0.0200068 0.0154416 0.0274314 0.0020946 0.0326401
internal_weight=4063.42 125.6 59.1217 7.99515 3.55343 51.1265 29.7558 11.3712 7.66919 6.25171 4.45608 21.3707 66.4779 63.4032 33.0652 25.9917 23.199 5.4412 12.4419 9.19657 30.338 3937.82 1178.86 208.303 203.724 108.759 98.2217 51.4887 46.733 13.5239
internal_count=21319 1602 760 95 65 665 488 177 110 96 72 177 842 819 415 329 299 70 104 82 404 19717 5914 1050 1030 565 521 292 229 92
is_linear=0
shrinkage=0.05


Tree=156
num_leaves=31
num_cat=0
split_feature=11 0 32 10 18 10 5 5 28 8 11 23 35 8 25 6 25 23 34 23 31 7 19 8 32 11 35 0 25 34
split_gain=2.89919 6.37261 3.83885 2.85938 8.4817 5.95801 16.3595 15.2081 6.98315 7.23291 6.31861 7.77589 8.86423 8.50848 7.77068 7.56511 7.20906 6.78851 6.74297 6.20907 6.84568 8.2773 6.95679 6.0092 5.86883 7.71899 5.81959 5.71343 5.69441 5.49618
threshold=33325.000000000007 0.75000000000000011 0.35555555555556478 3.5000000000000004 1.3666666666666669 2.5000000000000004 13.500000000000002 50.500000000000007 1.9000000000000001 0.55395010395010413 30125.000000000004 164.50000000000003 0.70714285714285718 0.69791415189995665 2.5000000000000004 1.5000000000000002 3.5000000000000004 174.77500000000003 0.23611111111111113 220.30000000000004 0.24038461538461542 8.5000000000000018 210.50000000000003 0.62081414166562943 0.60000000000001263 25725.000000000004 0.81666666666666676 0.45000000000000007 1.0000000180025095e-35 0.78888888888888908
decision_type=2 2 2 2 2 2 2 2 2 2 2 2 2 2 2 2 2 2 2 2 2 2 2 2 2 2 2 2 2 2
left_child=3 2 -2 5 -5 8 -7 -8 24 -10 11 12 18 -14 19 -16 26 -17 -11 20 22 -22 -13 -18 -1 -26 -12 -23 -6 -27
right_child=1 -3 -4 4 28 6 7 -9 9 10 16 14 13 -15 15 17 23 -19 -20 -21 21 27 -24 -25 25 29 -28 -29 -30 -31
leaf_value=-0.00027732820749468574 -0.043244658325348011 0.054468612587576661 0.02187359090925621 -0.025242824795495646 -0.036812862699445011 0.0022756259585020775 0.048632496863842849 -0.019982425615430732 -0.014774002044722706 0.0085198188353490505 0.013717676592235462 0.0030297324061606687 0.048541823770864065 -0.023253454392445257 0.039300731769562343 0.027648431300986345 -0.062636252287586777 -0.017371781145322892 -0.052489342470476597 0.030730622829695742 0.050676690079718867 -0.036991568705733807 -0.063624419136165275 0.001113562703142153 0.00030886660947639083 0.015526547665828037 0.056940837042778004 0.020864210554912419 -0.0007003167391590896 -0.002642125396174486
leaf_weight=2150.0459941499867 4.0193450227379817 7.5874497070908538 4.8432661294937134 40.474035163410008 11.067984838038681 256.64250583387911 37.872263740748167 10.080119619145988 149.74601139593869 5.4208703376352814 37.432671874761581 8.7023119926452619 6.6367112006992128 10.49567751586437 7.2899625441059461 9.0882707722485048 4.3641545660793808 87.636128782294691 23.221624064259231 27.415219953749329 10.241522185504438 7.8723065778613117 6.8101065382361403 20.665093671530485 332.86494333203882 205.37643145956099 9.9678853750228864 9.0039237840101105 507.91405060049146 51.602177507244051
leaf_count=10892 20 38 23 194 50 1222 244 72 943 28 179 42 30 50 34 42 25 495 122 155 51 37 33 99 1992 972 44 49 2887 255
internal_value=0.000184314 0.0210701 -0.00725377 9.76419e-05 -0.0032188 0.000631322 0.00731063 0.0340933 -6.70921e-06 -0.00583933 -0.00124093 -0.00547638 -0.0237924 0.0043886 -0.000619956 -0.00931342 0.0115351 -0.0130658 -0.0407793 0.012213 0.000143442 0.0153985 -0.0261319 -0.010008 0.000932588 0.00535064 0.0230131 -0.00588835 -0.00148704 0.0118592
internal_weight=4062.4 16.4501 8.86261 4045.95 559.456 3486.49 304.595 47.9524 3181.9 442.01 292.264 219.835 45.7749 17.1324 174.06 104.014 72.4298 96.7244 28.6425 70.0454 42.6302 27.1178 15.5124 25.0292 2739.89 589.844 47.4006 16.8762 518.982 256.979
internal_count=21319 81 43 21238 3131 18107 1538 316 16569 2458 1515 1168 230 80 938 571 347 537 150 367 212 137 75 124 14111 3219 223 86 2937 1227
is_linear=0
shrinkage=0.05


Tree=157
num_leaves=31
num_cat=0
split_feature=13 34 37 31 13 38 6 7 34 30 34 13 38 7 38 29 21 22 21 7 33 33 12 30 35 30 33 20 28 21
split_gain=2.9399 6.84906 6.96873 7.38915 10.9362 6.26142 5.88481 5.64113 11.8847 10.9633 5.4107 8.09214 5.13981 5.97078 5.57697 5.93417 4.69185 8.06715 5.15111 8.85512 4.62301 6.41332 3.73212 3.37557 3.15026 5.08191 6.7283 5.8099 6.84884 6.08737
threshold=-16874.999999999996 0.59411764705882364 0.73333333333334461 0.97058823529411775 -20974.999999999996 0.54683760683760796 -12.499999999999998 6.5000000000000009 0.26136363636363641 0.64583333333333337 0.48333333333333339 -18524.999999999996 0.61982142857143019 14.500000000000002 0.64873015873015938 0.27922077922077926 -26.499999999999996 -103.83333333333333 -199.49999999999997 9.5000000000000018 0.58708333333333318 0.62041666666666651 27125.000000000004 0.64583333333333337 0.69375000000000009 0.86607142857142871 0.2938095238095238 -104.49999999999999 2.2250000000000005 143.50000000000003
decision_type=2 2 2 2 2 2 2 2 2 2 2 2 2 2 2 2 2 2 2 2 2 2 2 2 2 2 2 2 2 2
left_child=1 5 3 12 -5 7 -4 8 9 -1 20 -12 16 14 -14 -16 17 18 -3 -20 -9 -22 -18 -17 -2 -26 -27 -28 -29 -30
right_child=24 2 6 4 -6 -7 -8 10 -10 -11 11 -13 13 -15 15 23 22 -19 19 -21 21 -23 -24 -25 25 26 27 28 29 -31
leaf_value=0.13951802769275198 -0.00050680054722813364 -0.045144894719392516 0.055570003037130611 0.1490548650109334 0.014868146579805279 -0.042330460270835306 -0.03551562833851802 -0.036791410302793731 -0.031318768889019112 -0.019491630250787807 -0.022211078584226523 0.078815996479488726 0.14655184727455714 -0.00094390460875166395 0.11983843781208577 -0.049944223440928436 -0.053842121928889923 0.080402990759786533 0.10242684596329428 -0.035038981403552855 0.094588827961737454 -0.019394207213258064 4.6040201199236342e-05 0.054940402498086405 0.0010422027345660752 -0.049635928853186746 0.0018295078132822458 0.025661028424864497 -0.026691200637006453 0.021063272398250614
leaf_weight=2.9229744067415577 2758.0006085843779 4.7705715931951991 1.9083296172320832 2.3073308356106281 4.4496478643268338 19.420979135204107 13.591047931462525 23.454752464313064 4.260790835134685 1.5766180027276275 4.645620976574719 3.25871393457055 1.6032534278929214 6.0615461766719818 1.3094182917848227 1.6801070100627842 6.6014479901641625 3.3216685466468325 2.0729615772142997 2.3914292408153415 1.6064153816550959 4.2510950975120068 5.8184801442548633 1.2367375660687683 967.66232244716957 4.557900369167327 94.969057626090944 84.771250446327031 13.59938339982182 12.857088140211998
leaf_count=34 13803 63 16 33 42 274 187 293 60 24 58 28 17 71 19 32 128 32 18 27 20 51 56 19 4845 20 465 424 73 87
internal_value=0.000175717 -0.00738301 0.00488008 0.0151782 0.0629241 -0.0185365 -0.023696 -0.00830721 0.0273696 0.0835029 -0.01689 0.0192789 0.0061457 0.0331277 0.0688171 0.0354665 -0.00658162 0.0146566 -0.00906367 0.028541 -0.0268456 0.0120892 -0.0283985 -0.00346891 0.000416276 0.00258077 0.00961743 0.0109749 0.0187298 -0.00330369
internal_weight=4060.94 124.522 59.124 43.6246 6.75698 65.398 15.4994 45.977 8.76038 4.49959 37.2166 7.90433 36.8676 11.8911 5.82952 4.22626 24.9766 12.5566 9.23496 4.46439 29.3123 5.85751 12.4199 2.91684 3936.42 1178.42 210.755 206.197 111.228 26.4565
internal_count=21319 1602 760 557 75 842 203 568 118 58 450 86 482 158 87 70 324 140 108 45 364 71 184 51 19717 5914 1069 1049 584 160
is_linear=0
shrinkage=0.05


Tree=158
num_leaves=31
num_cat=0
split_feature=13 34 38 33 38 31 5 29 23 28 29 22 20 31 23 38 34 10 23 33 0 35 27 38 13 38 37 19 31 10
split_gain=2.68851 6.29344 6.33275 9.68179 5.95543 5.89994 5.95827 8.24239 4.81906 7.83649 6.30122 7.01091 9.04 6.39202 5.54756 4.68212 6.97467 4.50646 8.60767 4.13625 4.03893 4.02258 3.9757 3.74021 3.73903 3.21074 3.15868 3.36907 4.95569 2.86893
threshold=-16874.999999999996 0.59411764705882364 0.7172619047619061 0.2938095238095238 0.54683760683760796 0.64583333333333337 7.5000000000000009 0.48529411764705888 -43.499999999999993 -2.6333333333333329 0.64583333333333337 -93.583333333333329 -90.499999999999986 0.32291666666666669 263.10000000000008 0.61982142857143019 0.62019230769230782 -2.4999999999999996 -98.499999999999986 0.30075757575757595 0.48333333333333339 0.70714285714285718 -2.1666666666666665 0.49000000000000071 -19674.999999999996 0.67666666666666819 0.53333333333333766 -197.49999999999997 0.29285714285714287 3.5000000000000004
decision_type=2 2 2 2 2 2 2 2 2 2 2 2 2 2 2 2 2 2 2 2 2 2 2 2 2 2 2 2 2 2
left_child=1 4 5 -4 8 15 7 22 9 -1 11 12 19 -12 -10 17 20 18 23 -11 -17 -8 -7 -3 -21 -18 27 -19 -29 -2
right_child=29 2 3 -5 -6 6 21 -9 14 10 13 -13 -14 -15 -16 16 25 26 -20 24 -22 -23 -24 -25 -26 -27 -28 28 -30 -31
leaf_value=-0.035102403456127938 0.00094699379768164104 0.025818202984696323 0.057472898082944035 -0.049935470917720333 -0.041559751788976897 0.07222223859620365 -0.028345381057511745 0.12949941339218718 -0.034664411757090473 -0.038791613128077274 0.13699979867265447 -0.051356061601265969 0.1307506060086138 0.01033705798951895 0.039472996622352312 0.12011394689250604 -0.03065991193047465 -0.052891140421273734 0.076469402167509304 -0.0028794933985466422 0.017787944387649319 0.060635031779496529 -0.027399527909510241 -0.055012792810761858 0.087427899655144747 0.036006413228938224 -0.051070810248750091 -0.0301604613953078 0.072980548847228974 -0.0029123919210465028
leaf_weight=7.314642644487324 3375.1489087967202 2.2712152525782585 2.5385315939784041 9.74670187756419 18.809558362234384 1.7843115301802757 3.5360281560570002 3.2783971829339862 19.091423924081031 2.9157772753387716 2.1622365536168209 3.4199862359091631 1.7382504884153593 1.9753947369754312 2.7601520530879489 2.4088678834959847 4.0804370054975152 2.1630331664346159 3.5384936407208389 2.4171003103256248 1.8408705582842229 1.8455245848745105 1.9661632161587457 3.3481301879510283 1.9100007666274881 3.0689778504893184 7.2950527332723141 2.1535235540941411 2.2419023308902979 561.1995776030235
leaf_count=110 16587 21 24 143 274 14 47 38 262 28 21 41 17 20 21 25 51 43 31 32 19 16 31 42 16 45 110 32 28 3130
internal_value=0.000166139 -0.0070892 0.00462744 -0.0270528 -0.0178916 0.0130865 0.042515 0.0725189 -0.00797245 0.00739698 0.0265918 0.00808528 0.0315872 0.0793791 -0.0249349 0.00223552 0.02842 -0.010586 0.0161769 0.0056511 0.0783666 0.00180648 0.0193424 -0.0215883 0.0369276 -0.0012509 -0.028625 -0.00251536 0.0217879 0.000395437
internal_weight=4059.97 123.621 59.1062 12.2852 64.5145 46.8209 12.4104 7.02887 45.705 23.8534 16.5387 12.4011 8.98113 4.13763 21.8516 34.4105 11.3992 23.0114 9.15784 7.24288 4.24974 5.38155 3.75047 5.61935 4.3271 7.14941 13.8535 6.55846 4.39543 3936.35
internal_count=21319 1602 760 167 842 593 146 83 568 285 175 134 93 41 283 447 140 307 94 76 44 63 45 63 48 96 213 103 60 19717
is_linear=0
shrinkage=0.05


Tree=159
num_leaves=31
num_cat=0
split_feature=4 9 3 6 6 18 7 1 20 20 21 23 19 30 13 5 22 32 8 16 17 19 14 37 13 21 25 21 25 23
split_gain=2.54785 7.21573 9.64624 7.79326 14.3781 14.8125 6.34599 6.77468 6.83503 7.73936 9.74562 9.60641 8.74612 7.70591 7.65547 8.51112 7.5218 11.6309 6.20306 6.10651 11.501 6.87834 6.85912 6.8007 5.73834 6.40023 13.3912 6.93413 6.01023 5.90535
threshold=9.5000000000000018 1.0000000180025095e-35 1.0000000180025095e-35 16.500000000000004 15.500000000000002 3.3666666666666671 11.500000000000002 1.0000000180025095e-35 84.500000000000014 247.50000000000003 245.50000000000003 246.10000000000002 47.500000000000007 0.59166666666666679 5775.0000000000009 7.5000000000000009 148.16666666666671 0.51428571428571912 0.72036036036036044 1.0000000180025095e-35 0.58333333333333337 23.500000000000004 1.5000000000000002 0.22222222222223473 -18524.999999999996 -312.49999999999994 -3.4999999999999996 -206.49999999999997 -1.0000000180025095e-35 -177.89999999999998
decision_type=2 2 2 2 2 2 2 2 2 2 2 2 2 2 2 2 2 2 2 2 2 2 2 2 2 2 2 2 2 2
left_child=-1 2 24 4 6 -6 -3 8 19 10 11 12 -10 14 -12 -16 17 18 -14 -8 -21 -22 -23 -24 -2 28 27 -27 29 -26
right_child=1 3 -4 -5 5 -7 7 -9 9 -11 13 -13 16 -15 15 -17 -18 -19 -20 20 21 22 23 -25 25 26 -28 -29 -30 -31
leaf_value=0.0010660215060101402 -0.041850588282721979 -0.045463077128854563 0.008093300945638586 0.015630727679351999 -0.0079185372657081827 -0.12964331117526315 0.015470090200216381 0.010822976206915288 0.065457680669573234 0.0011073684040279076 -0.046063859421159953 0.055066040264540844 -0.051478696786168655 -0.065811043165596272 0.02793451085312755 -0.040824001471180558 0.0017344210771549221 0.011025707232087428 0.0097205965342898656 -0.042486099750812745 -0.058156182677976821 0.042548618305184499 0.04157767859021913 -0.0048747853316157344 0.0096658984938500867 -0.0093159613959346906 -0.0070093492452152689 -0.055993252803160545 0.051983725365751722 -0.039671643420654407
leaf_weight=2661.2510775951669 12.512500079348682 7.2469444368034592 106.06046092510223 88.006831360515207 6.2358112754300219 4.1972240707837045 92.12669849395752 144.99016717635095 3.6499140579253426 190.23123198933899 15.471218407154081 6.0563549995422354 28.299254704266787 12.924854299053548 11.537545792758467 7.2319746799767008 47.363101843744516 14.269674222916363 4.6579238642007104 15.079004243016241 3.9787534922361365 12.234960168600081 9.0902484133839589 54.73650251980871 39.859728896990418 12.841270443052052 411.18136692605913 22.323641640599817 6.873473308980464 7.0383028686046591
leaf_count=13032 243 40 493 692 31 29 541 980 20 1195 64 37 143 59 54 33 264 79 22 65 20 60 40 253 276 84 2243 150 32 45
internal_value=0.000156934 -0.00156961 -0.00560292 0.00162505 -0.000151941 -0.0581292 0.000737113 0.00124801 -0.00136874 -0.00558349 -0.0140152 -0.0054167 -0.00924843 -0.0328713 -0.0201365 0.00110064 -0.01225 -0.0263544 -0.0426747 0.00629467 -0.00254646 0.00495909 0.0083983 0.00171748 -0.00844737 -0.00759346 -0.00956206 -0.0391645 0.00864215 0.00208644
internal_weight=4059.56 1398.31 618.691 779.616 691.609 10.433 681.176 673.929 528.939 341.693 151.462 104.296 98.2399 47.1656 34.2407 18.7695 94.59 47.2269 32.9572 187.246 95.1195 80.0405 76.0617 63.8268 512.63 500.118 446.346 35.1649 53.7715 46.898
internal_count=21319 8287 3566 4721 4029 60 3969 3929 2949 1970 775 565 528 210 151 87 508 244 165 979 438 373 353 293 3073 2830 2477 234 353 321
is_linear=0
shrinkage=0.05


Tree=160
num_leaves=31
num_cat=0
split_feature=0 19 28 4 7 32 35 19 10 9 4 0 28 20 14 21 6 13 21 13 34 4 0 10 10 7 34 36 7 16
split_gain=4.25994 9.07301 10.663 6.14547 5.36081 4.67676 4.43864 4.36727 9.27056 27.9192 16.8779 11.7829 9.68478 8.72517 15.4721 10.5273 9.27861 8.54176 11.3844 8.31665 9.28437 7.10199 7.80436 12.3266 11.7234 7.24796 6.98071 8.00532 6.95525 7.82617
threshold=1.1833333333333336 -22.499999999999996 -0.44999999999999996 24.500000000000004 41.500000000000007 0.26666666666666905 0.59411764705882364 27.500000000000004 -1.4999999999999998 1.0000000180025095e-35 13.500000000000002 0.35000000000000003 1.1000000000000003 -10.499999999999998 1.5000000000000002 -10.499999999999998 -2.4999999999999996 9575.0000000000018 73.500000000000014 6775.0000000000009 0.26136363636363641 5.5000000000000009 0.31666666666666671 1.0000000180025095e-35 1.5000000000000002 19.500000000000004 0.88194444444444453 0.48333333333333339 8.5000000000000018 1.0000000180025095e-35
decision_type=2 2 2 2 2 2 2 2 2 2 2 2 2 2 2 2 2 2 2 2 2 2 2 2 2 2 2 2 2 2
left_child=7 2 6 -4 -3 -6 -2 17 13 10 11 28 -13 14 16 -15 -9 21 -19 20 -17 25 23 -23 -25 -1 -24 -28 29 -10
right_child=1 4 3 -5 5 -7 -8 8 9 -11 -12 12 -14 15 -16 19 -18 18 -20 -21 -22 22 26 24 -26 -27 27 -29 -30 -31
leaf_value=0.0013779084130301025 -0.056537356236271014 -0.070565814102319643 0.093126085430125793 0.0071719245044287771 0.021807923819019175 -0.042611675028562994 0.0087513647679141309 -0.0094164184574257008 -0.041870818578001623 0.0017427259848868547 -0.058403188547849753 -0.010641010691910676 0.057285331122228646 0.051148987314587238 -0.057519134014683719 0.063814369490854519 0.036193845580757368 -0.0029434098294771442 -0.046210692301574874 0.031695802543118191 -0.003025513179117716 -0.025518237835868832 -0.000889168884667067 0.070498646995764636 -0.0055093811927747101 0.035948766646799302 0.0048459047552782781 -0.026556413385022699 -0.056137171498431421 0.030203831404802539
leaf_weight=901.00260394439101 5.4570947140455264 8.3879881948232669 4.0490101426839811 4.4813157096505165 4.4641397595405561 7.0306103453040123 4.6386954039335251 27.968073414638635 7.6952628549188393 1831.4112709704787 29.542054487857968 12.462378810159864 8.8201059997081739 21.741982392966747 10.840323261916636 5.5552654787898055 18.296389088034633 39.864746222272515 24.765088945627213 37.752575892955065 62.998942224308848 88.046315535437316 732.70388835575432 6.5713801421225098 20.742159597575665 15.338053517043589 30.63795577827841 58.489160264842212 14.310817472636698 7.1404646039009094
leaf_count=4454 27 34 17 26 24 35 23 127 35 9765 295 57 37 98 55 24 91 251 134 222 311 570 3818 38 105 81 152 292 84 29
internal_value=-0.000221728 -0.0167513 0.00809162 0.0491567 -0.0401984 -0.0171899 -0.0262572 -6.15182e-05 0.00151455 0.000476729 -0.0284193 -0.0106745 0.0174121 0.0121952 -0.00398118 0.0194457 0.00855257 -0.00178674 -0.0196457 0.0128728 0.00240306 -0.00116031 -0.00422216 -0.0164026 0.0127855 0.00196588 -0.00250453 -0.0157123 -0.0313434 -0.00687642
internal_weight=4053.21 38.5089 18.6261 8.53033 19.8827 11.4948 10.0958 4014.7 2096.54 1911.38 79.9711 50.429 21.2825 185.154 57.1048 128.049 46.2645 1918.16 64.6298 106.307 68.5542 1853.53 937.191 115.36 27.3135 916.341 821.831 89.1271 29.1465 14.8357
internal_count=21311 186 93 43 93 59 50 21125 11230 10302 537 242 94 928 273 655 218 9895 385 557 335 9510 4975 713 143 4535 4262 444 148 64
is_linear=0
shrinkage=0.05


Tree=161
num_leaves=31
num_cat=0
split_feature=0 19 28 4 7 32 35 19 10 10 4 0 37 12 20 31 14 21 34 29 13 13 21 23 8 11 4 0 10 10
split_gain=3.83748 8.163 9.61999 5.45173 4.83266 4.18764 4.12309 3.94358 8.39897 25.7237 16.3258 11.1188 12.1732 8.44668 7.9978 14.284 11.0367 9.20402 8.44914 8.92212 7.99318 7.72185 10.3128 7.38107 7.68297 6.93291 6.42143 7.14654 11.2675 10.9614
threshold=1.1833333333333336 -22.499999999999996 -0.44999999999999996 24.500000000000004 41.500000000000007 0.26666666666666905 0.59411764705882364 27.500000000000004 -1.4999999999999998 1.0000000180025095e-35 13.500000000000002 0.18333333333333338 0.27777777777778251 27375.000000000004 5.5000000000000009 0.19090909090909094 1.5000000000000002 -1.0000000180025095e-35 0.59411764705882364 0.39444444444444454 6775.0000000000009 9575.0000000000018 73.500000000000014 106.7 0.42656862745098045 28025.000000000004 5.5000000000000009 0.31666666666666671 1.0000000180025095e-35 1.5000000000000002
decision_type=2 2 2 2 2 2 2 2 2 2 2 2 2 2 2 2 2 2 2 2 2 2 2 2 2 2 2 2 2 2
left_child=7 2 6 -4 -3 -6 -2 21 14 10 11 -10 -13 -11 15 18 -17 -16 19 -9 -19 26 -23 24 -14 -15 -1 28 -28 -30
right_child=1 4 3 -5 5 -7 -8 8 9 13 -12 12 23 25 17 16 -18 20 -20 -21 -22 22 -24 -25 -26 -27 27 -29 29 -31
leaf_value=0.0018673407784798757 -0.054830597004482798 -0.066864274753626482 0.087559163375856217 0.0068042754409618298 0.0209043238613216 -0.040033572471183727 0.0082979060600750342 0.0055745134910784415 -0.055872249724041582 0.00068253310649110546 -0.057840145855753193 0.074002829639066403 -0.0075581605378993045 0.028494652278974006 0.049195753860192371 -0.0054809086639705691 -0.067407167464737877 0.0021438683170873943 -0.0089300312032309093 0.097888022406284858 0.031195908385410739 -0.0027960212543743953 -0.044010536432565583 0.016780992491271008 -0.07612308961403294 0.0050685133139577654 -0.024515481527375756 -0.002381033777088766 0.069086683920972877 -0.0052367300204424934
leaf_weight=916.65179442660883 5.3514320254325884 8.4144701510667819 4.0961546152830106 4.4923893213272095 4.4294739663600904 7.1134238615632057 4.6526739895343781 4.5406508371233958 10.445160277187822 1692.5525205917656 28.368856187909842 5.0021180110052219 13.206987813115122 49.666156345978379 20.85702645778656 33.463776603341103 9.1536308992654067 66.03970131278038 6.8552017398178569 6.5373000912368298 37.187683399766684 39.872911248356104 24.709383558481932 15.437865816056727 5.9647217383608213 88.468513008207083 87.094128433614969 821.38189312582836 6.3773693069815662 20.736355823464692
leaf_count=4535 27 34 17 26 24 35 23 21 61 9039 295 24 61 310 95 157 47 324 33 30 221 251 134 67 29 416 570 4262 38 105
internal_value=-0.000211616 -0.0158917 0.00771381 0.0464588 -0.0380612 -0.0162411 -0.0251846 -5.92584e-05 0.00143959 0.000451766 -0.0275675 -0.0102301 0.00178966 0.00165627 0.0116208 -0.00320277 -0.0190255 0.0188914 0.0340191 0.0608861 0.0126783 -0.00169905 -0.0186858 -0.00868639 -0.0294339 0.013542 -0.00110309 -0.00401864 -0.0157401 0.0122506
internal_weight=4049.12 38.55 18.5926 8.58854 19.9574 11.5429 10.0041 4010.57 2093.75 1909.11 78.4257 50.0569 39.6117 1830.69 184.635 60.5506 42.6174 124.084 17.9332 11.078 103.227 1916.82 64.5823 34.6096 19.1717 138.135 1852.24 935.59 114.208 27.1137
internal_count=21311 186 93 43 93 59 50 21125 11230 10302 537 242 181 9765 928 288 204 640 84 51 545 9895 385 157 90 726 9510 4975 713 143
is_linear=0
shrinkage=0.05


Tree=162
num_leaves=31
num_cat=0
split_feature=0 19 28 4 7 35 32 19 10 9 4 0 28 12 20 31 19 5 21 12 34 29 13 21 24 10 13 43 22 7
split_gain=3.46116 7.35626 8.69508 4.87111 4.37594 3.83261 3.7546 3.56199 7.61362 23.6857 15.7996 10.3413 9.75466 7.66065 7.25958 12.9131 9.6886 9.50126 8.32054 9.02159 7.56771 7.90601 6.9822 9.34748 6.0244 7.4419 6.00701 6.32355 7.40251 8.76403
threshold=1.1833333333333336 -22.499999999999996 -0.44999999999999996 24.500000000000004 41.500000000000007 0.59411764705882364 0.26666666666666905 27.500000000000004 -1.4999999999999998 1.0000000180025095e-35 13.500000000000002 0.18333333333333338 1.1000000000000003 27375.000000000004 5.5000000000000009 0.19090909090909094 119.50000000000001 70.500000000000014 -1.0000000180025095e-35 11175.000000000002 0.59411764705882364 0.39444444444444454 9575.0000000000018 73.500000000000014 1.0000000180025095e-35 -2.4999999999999996 1275.0000000000002 1.0000000180025095e-35 77.500000000000014 9.5000000000000018
decision_type=2 2 2 2 2 2 2 2 2 2 2 2 2 2 2 2 2 2 2 2 2 2 2 2 2 2 2 2 2 2
left_child=7 2 5 -4 -3 -2 -6 22 14 10 11 -10 -13 26 15 20 -17 18 -16 -20 21 -9 -1 24 25 -24 -11 -28 29 -29
right_child=1 4 3 -5 6 -7 -8 8 9 13 -12 12 -14 -15 17 16 -18 -19 19 -21 -22 -23 23 -25 -26 -27 27 28 -30 -31
leaf_value=-0.0010486513360171386 -0.053205129668055844 -0.063511133225234384 0.082683136429514151 0.0064563602628809336 0.020034594571760031 0.0078693615859793623 -0.037659609283827257 0.0052942020935883641 -0.0544703656931603 -0.0060019746406575212 -0.057297855522867674 -0.019907554427889742 0.030029750255424932 0.012915160855712218 0.052806147492462208 -0.005157008541545144 -0.062592095292204733 -0.01735133871358471 0.048466505927958807 0.0084968549417732114 -0.0085088005173898518 0.092042126269077734 -0.03317652601212321 -0.041931390847736907 -0.04748679030115012 0.0198271162525132 0.00045544610842835909 -0.034373081428415851 0.014253687358869152 0.0071120145883888895
leaf_weight=1851.054051626008 5.2449593394994753 8.4208177924156207 4.1258759945631009 4.5028607249259949 4.3958912640809995 4.6658428609371185 7.1880501583218575 4.5471341535449046 10.18744809925556 282.39736860245466 27.23516003601253 22.367955534718931 17.194275937974453 137.65289162844419 19.740720555186272 32.94972150400281 9.4471726678311807 16.252349488437176 17.776623388752341 69.88456118106842 6.8401857726275912 6.6092062816023827 8.892107814550398 24.644467141479254 6.2321476005017749 24.756361791864038 1167.9065558537841 18.631234511733055 184.03828768339008 39.3140699127689
leaf_count=9510 27 34 17 26 24 23 35 21 61 1383 295 106 75 726 90 152 52 104 133 313 33 30 56 134 35 160 6235 89 1126 206
internal_value=-0.000201742 -0.0150943 0.00736345 0.0440071 -0.0360889 -0.0241614 -0.0153537 -5.68501e-05 0.00136877 0.000428463 -0.0267179 -0.00979546 0.0016908 0.00157463 0.0110786 -0.00305712 -0.0181899 0.0180199 0.0234301 0.0167052 0.0322205 0.0574905 -0.0016156 -0.0177758 -0.00265604 0.00561516 0.000648513 0.00198447 0.00934021 -0.00617684
internal_weight=4045.1 38.5443 18.5395 8.62874 20.0048 9.9108 11.5839 4006.55 2090.97 1906.93 76.9848 49.7497 39.5622 1829.94 184.048 60.3934 42.3969 123.654 107.402 87.6612 17.9965 11.1563 1915.58 64.5251 39.8806 33.6485 1692.29 1409.89 241.984 57.9453
internal_count=21311 186 93 43 93 50 59 21125 11230 10302 537 242 181 9765 928 288 204 640 536 446 84 51 9895 385 251 216 9039 7656 1421 295
is_linear=0
shrinkage=0.05


Tree=163
num_leaves=31
num_cat=0
split_feature=17 22 13 11 32 13 43 17 33 18 4 20 27 32 11 22 20 22 12 12 8 8 13 11 37 37 13 33 30 3
split_gain=3.08623 4.37581 4.01414 7.88104 12.0156 4.36111 10.3024 7.55171 7.1121 5.48954 5.03751 4.85467 4.74745 4.45195 7.12245 5.46233 10.0652 7.08501 6.56041 6.29907 6.03714 5.0934 8.86552 8.84398 6.21078 4.9647 4.71285 4.63385 4.21163 4.15936
threshold=3.1666666666666674 301.50000000000006 20575.000000000004 30925.000000000004 0.53333333333333777 18975.000000000004 1.0000000180025095e-35 3.8333333333333335 0.5169047619047622 3.2916666666666674 20.500000000000004 113.50000000000001 3.1666666666666674 0.26666666666667388 30775.000000000004 251.16666666666671 170.50000000000003 361.16666666666669 23075.000000000004 22075.000000000004 0.73183303997988436 0.78019323671497598 2875.0000000000005 27175.000000000004 0.55555555555556235 0.33333333333334436 875.00000000000011 0.49333333333333362 0.78888888888888908 1.0000000180025095e-35
decision_type=2 2 2 2 2 2 2 2 2 2 2 2 2 2 2 2 2 2 2 2 2 2 2 2 2 2 2 2 2 2
left_child=1 -1 5 28 -5 9 7 8 -7 10 11 -2 -13 14 -14 16 -15 21 -19 -18 -20 -17 26 -24 25 27 -23 -25 -4 -11
right_child=2 -3 3 4 -6 6 -8 -9 -10 29 -12 12 13 15 -16 17 19 18 20 -21 -22 22 23 24 -26 -27 -28 -29 -30 -31
leaf_value=-0.00058940551423423135 0.04261576925102338 -0.023552196389303816 0.037030549643868628 0.011833248812760142 -0.10604264536986036 -0.11152228289380668 0.04737227796638846 0.0028789606943684879 -0.024678206264437161 -0.00097115154082850911 0.031306204949688679 -0.044670584472948097 0.0041109413032141247 -0.08745086806571499 -0.05756208909841945 0.024001927011180899 0.044785574129925038 -0.039077489405669186 -0.016650919226763372 -0.019957316790619871 0.055231600147974513 0 -0.068576119565379026 0.036709991005018268 0.04605466664856022 -0.05764231796441574 0.060682062219872948 -0.028923980366564059 -0.017116961260160286 -0.038822397113549054
leaf_weight=3495.6962903556414 8.6727237813174707 20.784589039161801 28.633243062067777 8.2864235732704383 2.7932914271950713 4.5501310061663442 4.2770758140832177 6.3987810905091456 5.3111607786267996 230.86894749943167 22.235788496211171 4.6695359051227561 14.156012721359732 3.8302474636584547 6.7927065938711158 81.631974641233683 5.5094908252358463 11.881871953606607 6.791943069547413 11.247411966323851 4.9021501690149307 5.6151138842105848 5.7928108125925091 5.222192049026491 5.4714312404394141 4.7215198576450339 7.640043243765831 5.30457404255867 3.9101594677194944 7.4098139628767958
leaf_count=17912 41 136 368 58 18 25 49 65 32 1501 165 23 64 18 29 358 25 55 40 47 21 23 25 22 24 20 31 22 54 40
internal_value=-0.000192355 -0.000727218 0.00338333 0.0179034 -0.0181197 0.00205237 -0.0204035 -0.0387175 -0.0659684 0.0030692 0.00872734 0.0061758 0.00447518 0.00575568 -0.0158277 0.00852472 -0.0154175 0.0119674 -0.0129541 0.00117224 0.013271 0.016855 0.00203545 -0.0145189 0.000611087 -0.0155632 0.035382 0.00320472 0.0303389 -0.00218499
internal_weight=4041.01 3516.48 524.529 43.6231 11.0797 480.905 20.5371 16.2601 9.86129 460.368 222.09 199.854 191.181 186.511 20.9487 165.563 20.5872 144.976 23.576 16.7569 11.6941 121.4 39.7677 26.5125 20.7197 15.2483 13.2552 10.5268 32.5434 238.279
internal_count=21311 18048 3263 498 76 2765 171 122 57 2594 1053 888 847 824 93 731 90 641 116 72 61 525 167 113 88 64 54 44 422 1541
is_linear=0
shrinkage=0.05


Tree=164
num_leaves=31
num_cat=0
split_feature=0 14 10 37 7 20 10 0 10 37 17 24 10 24 23 10 6 4 10 12 22 21 15 13 45 33 32 15 8 22
split_gain=3.10329 5.79454 7.84549 5.57171 4.34152 4.02625 2.91188 6.65083 6.0609 5.01916 5.63711 6.18753 5.01442 3.94022 3.58795 2.8743 2.70484 2.60595 2.50884 5.76797 2.73061 5.58625 7.38157 7.76286 5.65934 4.84158 7.7323 6.45571 5.15587 4.95569
threshold=1.1833333333333336 1.0000000180025095e-35 -2.4999999999999996 0.51111111111111651 41.500000000000007 105.50000000000001 -11.499999999999998 0.51666666666666672 -10.499999999999998 0.53290043290043798 -2.8333333333333326 -3.4999999999999996 -12.499999999999998 -6.4999999999999991 -365.2999999999999 20.500000000000004 66.500000000000014 160.50000000000003 15.500000000000002 22775.000000000004 248.41666666666671 266.50000000000006 2.5000000000000004 3775.0000000000005 1.0000000180025095e-35 0.48666666666666653 0.46666666666666856 3.5000000000000004 0.61769724954828364 283.16666666666669
decision_type=2 2 2 2 2 2 2 2 2 2 2 2 2 2 2 2 2 2 2 2 2 2 2 2 2 2 2 2 2 2
left_child=6 2 -2 -4 -3 -6 7 9 -8 10 11 -1 -11 14 -10 16 17 18 20 -20 -15 22 23 -22 -23 26 -24 -28 -29 -30
right_child=1 4 3 -5 5 -7 8 -9 13 12 -12 -13 -14 15 -16 -17 -18 -19 19 -21 21 24 25 -25 -26 -27 27 28 29 -31
leaf_value=0.04232520066123599 -0.037563927538349071 -0.060319951875285986 -0.0035619502218725814 0.063251523209380101 0.029771924252255812 -0.03294098184018978 -0.042932532129143879 0.052032693440220268 0 -0.046051719150813929 0.069576065767808615 -0.05246786596675336 0.021775054180488859 -0.00052792339777810561 -0.050195861659488888 0.035874823431018457 -0.040641367629011271 0.040384492034366615 0.0051006760919728947 -0.078463188864995245 0.0041489622687711529 -0.0011224928784499982 0.0070903505480278232 0.054274826246183877 0.044130071272477901 0.014887385580596818 -0.063007682518444505 0.03257832495955925 0.01120654297099447 -0.050898042538313752
leaf_weight=3.4360684752464294 6.6510686874389675 8.4120669811964053 6.0745675638318044 6.0202112197875977 3.6520995646715146 7.6841430366039276 8.1677761478349549 8.6905116736888868 7.0266515081748366 7.5698073580861109 4.2158829420805031 3.2408656105399132 4.0370334321632946 3331.6113603920676 7.3779874015599471 5.4814805053174487 3.996005054563283 3.8927757684141389 5.1210039407014829 3.2390214428305626 14.200669880956413 386.49918266385794 65.265734657645226 17.508874415419996 6.9332339419051996 77.959687092341483 7.7810276132077005 5.2588321715593365 5.2216236591339094 7.6962388604879379
leaf_count=27 37 34 28 30 20 37 69 40 64 59 20 20 22 16921 86 47 28 34 35 18 80 2500 347 120 40 413 37 36 25 37
internal_value=-0.000182527 -0.0142932 0.005387 0.0295306 -0.0331594 -0.0122164 -4.51773e-05 0.0151463 -0.000166159 0.000510414 0.0249853 -0.00304316 -0.022049 -7.56532e-05 -0.0260883 1.86562e-05 -3.08411e-05 1.0127e-05 -2.95759e-05 -0.0272292 2.77624e-05 0.00315075 0.00993301 0.0320675 -0.000301316 0.00573838 -0.00203336 -0.0251043 -0.00834913 -0.025517
internal_weight=4039.92 38.4942 18.7458 12.0948 19.7483 11.3362 4001.43 31.1902 3970.24 22.4997 10.8928 6.67693 11.6068 3962.07 14.4046 3947.67 3942.19 3938.19 3934.3 8.36003 3925.94 594.325 200.893 31.7095 393.432 169.183 91.2235 25.9577 18.1767 12.9179
internal_count=21311 186 95 58 91 57 21125 188 20937 148 67 47 81 20868 150 20718 20671 20643 20609 53 20556 3635 1095 200 2540 895 482 135 98 62
is_linear=0
shrinkage=0.05


Tree=165
num_leaves=31
num_cat=0
split_feature=10 10 10 7 8 36 28 20 31 37 16 11 32 24 0 13 17 23 18 8 37 19 5 32 11 38 36 23 13 36
split_gain=3.58992 10.1624 10.2965 16.1759 8.23212 10.167 7.9921 7.90641 8.12128 7.55464 7.4703 6.41778 5.91722 5.63199 5.60786 5.54762 5.05389 8.65668 7.77491 6.48348 10.084 6.23419 6.30824 8.23958 8.33012 8.86871 7.79333 7.81793 6.12572 10.0938
threshold=-6.4999999999999991 -5.4999999999999991 -4.4999999999999991 30.500000000000004 0.3642999336429994 0.62019230769230782 -4.3666666666666663 19.500000000000004 0.60769230769230786 0.70000000000000051 -2.4999999999999996 20675.000000000004 0.066666666666668775 -5.4999999999999991 0.58333333333333337 -3274.9999999999995 -1.8333333333333333 7.9000000000000012 -0.77499999999999991 0.31941053365887695 0.30000000000000099 -359.49999999999994 4.5000000000000009 0.066666666666678601 28125.000000000004 0.35000000000000192 0.73863636363636376 -129.69999999999996 -574.99999999999989 0.44097222222222227
decision_type=2 2 2 2 2 2 2 2 2 2 2 2 2 2 2 2 2 2 2 2 2 2 2 2 2 2 2 2 2 2
left_child=7 4 3 9 5 -2 -4 8 12 -3 -9 -10 -1 -8 -11 -13 17 -15 21 20 -20 -18 23 -23 25 -25 27 -26 29 -24
right_child=1 2 6 -5 -6 -7 13 10 11 14 -12 15 -14 16 -16 -17 18 -19 19 -21 -22 22 28 24 26 -27 -28 -29 -30 -31
leaf_value=0.014668836808668428 0.020330545094736144 -0.0016312162756085078 0.041845700339539577 -0.060563171432891409 0.035232796117898715 -0.028728838084010763 -0.039474838415048515 0.061919883942709322 -0.022354972877067582 -0.06484582233206046 -0.0025113802449227875 0.071204363441045221 -0.025739761923050136 0.0071223987650479341 0.00052294867847335082 0.0095929168464426416 -0.042822729647260721 -0.016185698970173801 -0.015450437449261402 -0.00038195127519146332 0.013153962427135252 -0.07273044802592836 0.020940569634724376 0.046200801930290913 0.046749338180208537 -0.027091741801018188 0.054932710700542668 -0.022243026284122443 -0.0075503103646397743 -0.0059353563915739314
leaf_weight=10.026839760132132 30.392538707703352 84.305203432682902 11.296809641178696 16.682516638189554 36.016616468317807 16.024922162294388 8.9543709037825447 7.1819779276847866 13.443721793126313 8.9283996820449811 11.387445189058779 4.3049633800983456 77.497938616666943 418.20029940176755 4.915044277906417 23.599310867488384 11.469653193838893 43.824412396643311 36.594652055762708 2506.4466687832028 188.43014369066805 6.0752027211710802 61.102037850767374 4.2728273002430788 5.3297707736492219 64.368802078068256 7.0286631733179084 16.570851996541023 233.87501462548971 80.903654483146966
leaf_count=59 143 381 94 151 181 77 114 32 113 43 59 19 495 2190 21 107 62 240 174 13294 930 28 337 21 22 329 31 71 1083 461
internal_value=-0.000331664 -4.08926e-05 -0.000417244 -0.0151562 0.0173161 0.0032607 3.86469e-05 -0.00798771 -0.0124102 -0.00733358 0.0223387 0.00574765 -0.021042 -8.90003e-05 -0.0414411 0.019497 6.43026e-06 0.00489771 -0.000693441 0.000346171 0.00847517 -0.006486 -0.0055977 -0.0165215 -0.0128996 -0.0223961 0.00946027 -0.00508949 -0.00256865 0.0056002
internal_weight=4049.45 3902.01 3819.57 114.831 82.4341 46.4175 3704.74 147.442 128.873 98.1486 18.5694 41.348 87.5248 3693.45 13.8434 27.9043 3684.49 462.025 3222.47 2731.47 225.025 490.996 479.527 103.646 97.5709 68.6416 28.9293 21.9006 375.881 142.006
internal_count=21362 20478 20077 596 401 220 19481 884 793 445 91 239 554 19387 64 126 19273 2430 16843 14398 1104 2445 2383 502 474 350 124 93 1881 798
is_linear=0
shrinkage=0.05


Tree=166
num_leaves=31
num_cat=0
split_feature=34 37 8 4 20 20 15 37 37 12 13 14 12 30 8 8 37 13 33 24 4 21 20 23 10 10 10 7 37 20
split_gain=3.41671 5.86784 6.77222 5.13191 5.40261 8.81394 6.00216 7.46869 5.87236 7.29217 6.91731 7.1367 6.60911 4.97682 5.32759 7.73192 4.77729 4.74767 8.11265 6.37334 6.51503 5.92897 5.48369 4.79419 4.72424 10.7172 8.33519 15.0713 7.47442 7.22664
threshold=0.17424242424242428 0.26666666666667765 0.21498599439775914 11.500000000000002 237.50000000000003 287.50000000000006 3.5000000000000004 0.33333333333333726 0.16666666666666682 28075.000000000004 17875.000000000004 3.5000000000000004 26525.000000000004 0.81666666666666676 0.19098277608915909 0.36014705882352943 0.22222222222222396 1375.0000000000002 0.37333333333333335 1.5000000000000002 3.5000000000000004 -224.49999999999997 -264.49999999999994 -121.09999999999998 -6.4999999999999991 -5.4999999999999991 -4.4999999999999991 30.500000000000004 0.70000000000000051 19.500000000000004
decision_type=2 2 2 2 2 2 2 2 2 2 2 2 2 2 2 2 2 2 2 2 2 2 2 2 2 2 2 2 2 2
left_child=3 2 -2 4 8 6 -6 -8 10 12 11 -1 13 14 -10 -16 -17 18 19 20 -14 -20 -23 -19 29 -26 27 28 -27 -3
right_child=1 24 -4 -5 5 -7 7 -9 9 -11 -12 -13 17 -15 15 16 -18 23 21 -21 -22 22 -24 -25 25 26 -28 -29 -30 -31
leaf_value=-0.020119366069808308 -0.025707067681782582 -0.014256821384846966 0.011525455941447174 0.0051221155984386164 -0.021275063526673084 -0.0061413311907600743 -0.0073648882834799053 -0.09523472457338078 0.038074785859421839 0.043019574564519422 -0.072727544033396901 0.020698507952236427 0.033747543273270432 0.014912452849068234 -0.022506363968338654 0.02583740537448069 -0.00096521287272469255 -0.072641342135529072 0.032104575398297634 0.069101775508240135 -0.034792674682552344 -0.091910054032453184 -0.021376769799688927 -0.019793732508363856 0.018886990414815223 0.0002882486793832826 0.00028601004988021439 -0.059917260101584539 -0.039803190237513719 0.019700232853793218
leaf_weight=49.338316021487117 12.956609468907116 111.62109843594953 175.78961913194507 142.91654367791489 33.846069109626114 128.17371788993478 3.905014190822838 6.9490928649902344 8.2313595805317146 9.5553891211748105 4.8937616888433686 13.471789253875611 7.7230135165154952 62.322884412482381 39.733705940656364 18.559405970387161 150.15745071880519 5.1253453195095053 3.6544438302516964 4.9664540439844123 6.1050848988816142 3.5294196680188223 13.309798792004582 28.581795528531075 75.175644673407078 72.296748661901802 2808.0826129629277 15.288711179047821 13.698965203016995 18.023060165345669
leaf_count=224 65 700 901 804 161 617 19 33 37 41 42 58 35 302 184 91 754 21 16 20 29 16 61 116 367 328 15023 144 64 89
internal_value=-0.000316113 0.000372469 0.00893087 -0.00337507 -0.00540069 -0.0128678 -0.0319869 -0.0644338 -0.00237956 0.000138943 -0.0158831 -0.0112661 -0.00102278 0.00246739 -0.00109427 -0.00268248 0.0019671 -0.0144165 -0.00244963 0.0210758 0.00309561 -0.0242649 -0.0369107 -0.0281685 -0.000144908 0.000259487 -0.000220747 -0.0143062 -0.00607899 -0.00948605
internal_weight=4047.98 3302.93 188.746 745.05 602.133 172.874 44.7002 10.8541 429.259 361.556 67.7039 62.8101 352 279.005 216.682 208.451 168.717 72.9954 39.2882 18.7946 13.8281 20.4937 16.8392 33.7071 3114.19 2984.54 2909.37 101.284 85.9957 129.644
internal_count=21362 17681 966 3681 2877 830 213 52 2047 1723 324 282 1682 1368 1066 1029 845 314 177 84 64 93 77 137 16715 15926 15559 536 392 789
is_linear=0
shrinkage=0.05


end of trees

feature_importances:
equipment_diff=409
equipment_value_t=344
equipment_value_ct=338
ct_win_streak=304
damage_diff_actual_lag1=219
damage_diff_actual_lag2=196
score_total=191
headshot_pct_t_actual_roll3=183
round_num_normalized=178
headshot_pct_t_actual_roll5=165
headshot_pct_ct_actual_roll3=157
damage_diff_actual_lag3=156
ct_score_pct=152
ct_score=150
headshot_pct_ct_actual_roll5=137
t_score=126
score_diff=126
damage_diff_actual_roll5=118
damage_diff_actual_roll3=105
headshot_pct_ct_actual_lag2=82
headshot_pct_t_actual_lag2=82
kills_diff_actual_roll5=81
survivors_diff_actual_lag1=81
headshot_pct_t_actual_lag1=81
headshot_pct_t_actual_lag3=80
kills_diff_actual_lag2=73
survivors_diff_actual_roll5=73
headshot_pct_ct_actual_lag3=72
kills_diff_actual_lag1=68
headshot_pct_ct_actual_lag1=63
kills_diff_actual_roll3=62
ct_won_prev=59
survivors_diff_actual_lag2=53
survivors_diff_actual_roll3=51
map_de_nuke=29
kills_diff_actual_lag3=26
survivors_diff_actual_lag3=23
map_de_anubis=20
map_de_dust2=19
map_de_train=19
map_de_inferno=13
is_overtime=11
map_de_ancient=11
map_de_mirage=9
is_first_half=6
map_de_overpass=5
is_second_half=4

parameters:
[boosting: gbdt]
[objective: binary]
[metric: binary_logloss]
[tree_learner: serial]
[device_type: cpu]
[data_sample_strategy: bagging]
[data: ]
[valid: ]
[num_iterations: 167]
[learning_rate: 0.05]
[num_leaves: 31]
[num_threads: 0]
[seed: 13]
[deterministic: 0]
[force_col_wise: 0]
[force_row_wise: 0]
[histogram_pool_size: -1]
[max_depth: -1]
[min_data_in_leaf: 20]
[min_sum_hessian_in_leaf: 0.001]
[bagging_fraction: 0.8]
[pos_bagging_fraction: 1]
[neg_bagging_fraction: 1]
[bagging_freq: 5]
[bagging_seed: 16376]
[bagging_by_query: 0]
[feature_fraction: 0.8]
[feature_fraction_bynode: 1]
[feature_fraction_seed: 20348]
[extra_trees: 0]
[extra_seed: 30076]
[early_stopping_round: 0]
[early_stopping_min_delta: 0]
[first_metric_only: 0]
[max_delta_step: 0]
[lambda_l1: 0.1]
[lambda_l2: 0.1]
[linear_lambda: 0]
[min_gain_to_split: 0]
[drop_rate: 0.1]
[max_drop: 50]
[skip_drop: 0.5]
[xgboost_dart_mode: 0]
[uniform_drop: 0]
[drop_seed: 24096]
[top_rate: 0.2]
[other_rate: 0.1]
[min_data_per_group: 100]
[max_cat_threshold: 32]
[cat_l2: 10]
[cat_smooth: 10]
[max_cat_to_onehot: 4]
[top_k: 20]
[monotone_constraints: ]
[monotone_constraints_method: basic]
[monotone_penalty: 0]
[feature_contri: ]
[forcedsplits_filename: ]
[refit_decay_rate: 0.9]
[cegb_tradeoff: 1]
[cegb_penalty_split: 0]
[cegb_penalty_feature_lazy: ]
[cegb_penalty_feature_coupled: ]
[path_smooth: 0]
[interaction_constraints: ]
[verbosity: -1]
[saved_feature_importance_type: 0]
[use_quantized_grad: 0]
[num_grad_quant_bins: 4]
[quant_train_renew_leaf: 0]
[stochastic_rounding: 1]
[linear_tree: 0]
[max_bin: 255]
[max_bin_by_feature: ]
[min_data_in_bin: 3]
[bin_construct_sample_cnt: 200000]
[data_random_seed: 81]
[is_enable_sparse: 1]
[enable_bundle: 1]
[use_missing: 1]
[zero_as_missing: 0]
[feature_pre_filter: 1]
[pre_partition: 0]
[two_round: 0]
[header: 0]
[label_column: ]
[weight_column: ]
[group_column: ]
[ignore_column: ]
[categorical_feature: ]
[forcedbins_filename: ]
[precise_float_parser: 0]
[parser_config_file: ]
[objective_seed: 11872]
[num_class: 1]
[is_unbalance: 0]
[scale_pos_weight: 1]
[sigmoid: 1]
[boost_from_average: 1]
[reg_sqrt: 0]
[alpha: 0.9]
[fair_c: 1]
[poisson_max_delta_step: 0.7]
[tweedie_variance_power: 1.5]
[lambdarank_truncation_level: 30]
[lambdarank_norm: 1]
[label_gain: ]
[lambdarank_position_bias_regularization: 0]
[eval_at: ]
[multi_error_top_k: 1]
[auc_mu_weights: ]
[num_machines: 1]
[local_listen_port: 12400]
[time_out: 120]
[machine_list_filename: ]
[machines: ]
[gpu_platform_id: -1]
[gpu_device_id: -1]
[gpu_use_dp: 0]
[num_gpu: 1]

end of parameters

pandas_categorical:[]
