k,inertia,silhouette,min_cluster_size,max_cluster_size
3,10200.191073326867,0.19264787681616308,415,758
4,9188.303505895201,0.1992844320137957,142,654
5,8310.252954936235,0.18780140012531402,127,521
6,7548.397946899466,0.1874752804385734,124,490
7,7141.405177879649,0.16620770918089506,89,398
8,6740.085611153626,0.1740639931757617,74,384
