k,inertia,silhouette,min_cluster_size,max_cluster_size
3,69518.97002014695,0.19110401966914065,3252,4923
4,62292.26258221496,0.20178062287893228,916,4517
5,56758.93538789821,0.18840595650085648,882,3808
6,51708.85412310718,0.17732663115967098,830,2958
7,49059.08597707386,0.1712609799713486,810,2775
8,46706.65240074132,0.15807327600151144,656,2578
