{
  "baseline": {
    "auc": 0.687387879092238,
    "accuracy": 0.6327943582457444,
    "logloss": 0.6349051374425017,
    "brier": 0.22259821787644368
  },
  "advanced": {
    "auc": 0.7699364484988426,
    "accuracy": 0.6850475818015904,
    "logloss": 0.5590059230889255,
    "brier": 0.19275527835900166
  },
  "delta": {
    "auc": 0.0825485694066046,
    "accuracy": 0.05225322355584605,
    "logloss": -0.07589921435357616,
    "brier": -0.02984293951744202
  }
}