{
  "advanced_model": {
    "auc": 0.7699364484988426,
    "accuracy": 0.6850475818015904,
    "logloss": 0.5590059230889255,
    "brier": 0.19275527835900166,
    "best_params": {
      "num_leaves": 63,
      "learning_rate": 0.05,
      "feature_fraction": 0.75,
      "bagging_fraction": 0.85,
      "bagging_freq": 4,
      "min_child_samples": 20,
      "lambda_l1": 0.0,
      "lambda_l2": 0.1
    },
    "best_iteration": 107
  }
}