{
  "cv_mean": {
    "fold": 3.0,
    "auc": 0.7615201859606524,
    "accuracy": 0.6780388781538152,
    "logloss": 0.5729465885805448,
    "brier": 0.19705394724755915
  },
  "cv_std": {
    "fold": 1.5811388300841898,
    "auc": 0.008382616209350033,
    "accuracy": 0.005884037533186841,
    "logloss": 0.006724741745755955,
    "brier": 0.0028900596316025254
  },
  "calibrated": {
    "auc": 0.7624500228431738,
    "accuracy": 0.6788274593701911,
    "logloss": 0.5664899575676169,
    "brier": 0.19552586492918808
  },
  "best_iteration": 183
}