cluster,kills_per_round,deaths_per_round,adr,first_kill_rate,survival_rate_ratio,multi_kill_rate,headshot_rate,smokes_per_round,flashes_per_round,utility_damage_per_round,flash_assists_per_round,clutch_success_rate,win_rate
0,1.0699791530217309,0.46849969109349765,109.7771028447205,0.16732123356343684,0.5649156788198758,0.3174093024129415,0.5084358140993789,1.3493208479797758,1.13956594984904,6.26461373557239,0.03074089955688003,0.11511387163561075,0.8757763975155279
1,0.786662412115603,0.6789035831493059,85.40590845510205,0.13294653027474224,0.32713522967346936,0.2041879851416079,0.5430923680755102,1.2740764397850473,1.0975904114795512,5.087192414388934,0.024352420354823663,0.02153061224489796,0.5285714285714286
2,0.5070495971550719,0.5617552162840171,55.176434245033114,0.06176793913610383,0.478023047384106,0.1009767410242417,0.4266193005960265,1.2144263192452498,0.9723269521867267,3.6024136331393755,0.021900558411958256,0.018432671081677704,0.5264900662251656
3,0.46707750699125394,0.7971497381529078,56.944201707434054,0.06866322654558807,0.2070153681942446,0.08771850433546866,0.563295464940048,1.309640473308156,1.063593306999986,3.50815944452379,0.021454914071927324,0.025579536370903277,0.1606714628297362
4,0.5740689468957351,0.6337411014938631,66.15586772246697,0.0710937355916127,0.3752858384140969,0.1207968464544557,0.42754468797356826,1.721805842052319,1.698067044955518,8.431320167109464,0.10466918764202085,0.0328193832599119,0.5859030837004405
5,0.7288195246846548,0.6041896113725013,75.26375559677419,0.0899234929188401,0.40158984129032255,0.17909040878585455,0.5127851503225807,1.4167055424042603,1.2405666441456902,4.592414611431773,0.04456601355037157,0.8361559139784946,0.6935483870967742
