tree
version=v4
num_class=1
num_tree_per_iteration=1
label_index=0
max_feature_idx=46
objective=binary sigmoid:1
feature_names=round_num_normalized is_first_half is_second_half is_overtime ct_score t_score score_diff score_total ct_score_pct ct_won_prev ct_win_streak equipment_value_ct equipment_value_t equipment_diff kills_diff_actual_lag1 kills_diff_actual_lag2 kills_diff_actual_lag3 kills_diff_actual_roll3 kills_diff_actual_roll5 damage_diff_actual_lag1 damage_diff_actual_lag2 damage_diff_actual_lag3 damage_diff_actual_roll3 damage_diff_actual_roll5 survivors_diff_actual_lag1 survivors_diff_actual_lag2 survivors_diff_actual_lag3 survivors_diff_actual_roll3 survivors_diff_actual_roll5 headshot_pct_ct_actual_lag1 headshot_pct_ct_actual_lag2 headshot_pct_ct_actual_lag3 headshot_pct_ct_actual_roll3 headshot_pct_ct_actual_roll5 headshot_pct_t_actual_lag1 headshot_pct_t_actual_lag2 headshot_pct_t_actual_lag3 headshot_pct_t_actual_roll3 headshot_pct_t_actual_roll5 map_de_ancient map_de_anubis map_de_dust2 map_de_inferno map_de_mirage map_de_nuke map_de_overpass map_de_train
feature_infos=[0.10000000000000001:1.7666666666666666] [0:1] [0:1] [0:1] [0:183] [0:168] [-69:72] [2:351] [0:1] [0:1] [-36:56] [1000:36150] [1000:34700] [-29000:31700] [-14:17] [-14:17] [-14:17] [-14:17] [-14:17] [-1092:1572] [-1092:1572] [-1092:1572] [-1092:1572] [-1092:1572] [-12:17] [-12:17] [-12:17] [-12:17] [-12:17] [0:1] [0:1] [0:1] [0:1] [0:1] [0:1] [0:1] [0:1] [0:1] [0:1] [0:1] [0:1] [0:1] [0:1] [0:1] [0:1] [0:1] [0:1]
tree_sizes=3409 3449 3445 3447 3452 3451 3458 3454 3464 3442 3444 3455 3433 3464 3437 3392 3413 3445 3449 3434 3457 3461 3426 3452 3461 3452 3457 3471 3450 3455 3452 3466 3443 3456 3467 3473 3415 3467 3478 3474 3481 3487 3451 3492 3462 3466 3455 3448 3467 3461 3469 3488 3478 3439 3464 3471 3477 3464 3431 3431 3456 3472 3482 3457 3471 3470 3460 3470 3433 3447 3458 3462 3465 3462 3438 3439 3430 3458 3427 3480 3441 3422 3419 3452 3430 3449 3461 3433 3429 3428 3430 3428 3434 3445 3429 3438 3421 3473 3465 3425 3441 3444 3405 3452 3450 3424 3460 3454 3423 3425 3433 3431 3414 3447 3416 3375 3401 3449 3408 3454 3456 3404 3396 3436 3446 3416

Tree=0
num_leaves=31
num_cat=0
split_feature=9 13 13 24 5 10 22 4 12 10 13 13 11 13 12 13 5 10 0 10 12 24 27 5 5 4 11 25 0 4
split_gain=2336.62 555.39 476.37 214.154 135.03 127.016 111.907 111.439 79.1293 73.3655 69.7297 68.205 63.8901 57.5351 53.0861 51.5139 51.1451 44.2454 61.456 33.2444 33.008 30.5126 27.3076 23.3609 23.3428 23.0283 22.7729 21.3742 17.6967 23.401
threshold=1.0000000180025095e-35 -10924.999999999998 16725.000000000004 5.5000000000000009 18.500000000000004 -1.4999999999999998 -84.166666666666643 30.500000000000004 4675.0000000000009 1.5000000000000002 -10924.999999999998 -15474.999999999998 7425.0000000000009 9025.0000000000018 14325.000000000002 -5924.9999999999991 13.500000000000002 1.5000000000000002 0.68333333333333346 2.5000000000000004 4175.0000000000009 -5.4999999999999991 1.1666666666666667 70.500000000000014 62.500000000000007 16.500000000000004 25775.000000000004 5.5000000000000009 0.31666666666666671 7.5000000000000009
decision_type=2 2 2 2 2 2 2 2 2 2 2 2 2 2 2 2 2 2 2 2 2 2 2 2 2 2 2 2 2 2
left_child=1 12 3 7 15 6 -6 11 -4 -9 -11 -2 -1 16 23 -3 -13 18 -18 26 -17 -22 -12 -8 -16 -10 -19 28 29 -23
right_child=2 4 8 -5 5 -7 14 9 25 10 22 13 -14 -15 24 20 17 19 -20 -21 21 27 -24 -25 -26 -27 -28 -29 -30 -31
leaf_value=-0.063871629988360656 -0.040896018381537343 -0.0084826203696963531 0.11878570833569579 0.10288307923303883 -0.031254913065575839 -0.067077484821606942 0.091618586061341989 0.12478092219160997 0.07629332317312415 -0.033281249951638052 0.037155172104808093 0.030240616132087141 -0.032464194858852539 0.057996166807552721 0.020426202485928819 0.096650181052697987 0.12073854506213394 -0.014282095182798819 0.037767191072732048 0.064732839431991165 -0.052302085498595406 0.015144478297250732 0.081210091058608824 -0.0013037792010730902 -0.033371125486029267 0.11019526293161611 0.042829654322848937 -0.061595184126332102 0.022620472560088385 -0.014127323189949324
leaf_weight=311.69588994979858 26.745357036590576 236.20899438858032 257.70526266098022 160.72209882736206 177.4691915512085 102.98212242126465 34.743968486785889 55.240410327911377 291.4494047164917 18.246832370758057 48.991495132446289 1088.5610270500183 342.44055271148682 332.69224500656128 96.483250617980957 12.747786998748778 49.7413649559021 34.743968486785889 40.742927074432373 61.489325523376465 15.997222900390623 426.6759295463562 127.977783203125 8.2485680580139142 25.495573997497559 61.489325523376465 34.743968486785889 8.4985246658325178 723.37442302703857 81.485854148864746
leaf_count=1247 107 945 1031 643 710 412 139 221 1166 73 196 4355 1370 1331 386 51 199 139 163 246 64 1707 512 33 102 246 139 34 2894 326
internal_value=0.0261803 -0.00758054 0.0588514 0.0474498 0.00579635 -0.0183884 -0.00370848 0.042803 0.0976816 0.073904 0.0594387 0.0381316 -0.047449 0.0394253 0.025972 0.01296 0.0347032 0.0566042 0.0834876 0.0379646 0.0169583 0.01614 0.0690553 0.0736516 0.00910101 0.082236 0.0143283 0.0170332 0.017587 0.0104337
internal_weight=5295.83 2604.55 2691.28 2080.64 1950.41 445.423 342.441 1919.92 610.644 250.457 195.216 1669.46 654.136 1642.71 164.971 1504.99 1310.02 221.462 90.4843 130.977 1268.78 1256.03 176.969 42.9925 121.979 352.939 69.4879 1240.03 1231.54 508.162
internal_count=21187 10420 10767 8324 7803 1782 1370 7681 2443 1002 781 6679 2617 6572 660 6021 5241 886 362 524 5076 5025 708 172 488 1412 278 4961 4927 2033
is_linear=0
shrinkage=1


Tree=1
num_leaves=31
num_cat=0
split_feature=9 13 13 14 7 10 17 12 7 10 13 13 11 13 13 19 13 25 0 13 7 11 6 5 0 7 10 24 0 4
split_gain=2110.34 501.662 432.689 197.278 131.131 135.872 131.293 100.14 99.3874 149.766 86.8409 58.6628 57.8863 47.7906 42.6279 36.6967 35.9184 35.0453 32.3293 27.3297 27.2351 27.0544 26.6924 24.0348 23.6893 38.8177 32.4024 21.5942 26.1038 28.0347
threshold=1.0000000180025095e-35 -10924.999999999998 14075.000000000002 5.5000000000000009 28.500000000000004 -1.4999999999999998 -1.1666666666666663 6525.0000000000009 38.500000000000007 1.5000000000000002 -8824.9999999999982 8275.0000000000018 7425.0000000000009 -5924.9999999999991 -16874.999999999996 -125.49999999999999 6475.0000000000009 2.5000000000000004 0.9833333333333335 21175.000000000004 24.500000000000004 14425.000000000002 -8.4999999999999982 60.500000000000007 0.28333333333333338 10.500000000000002 -1.4999999999999998 2.5000000000000004 0.35000000000000003 46.500000000000007
decision_type=2 2 2 2 2 2 2 2 2 2 2 2 2 2 2 2 2 2 2 2 2 2 2 2 2 2 2 2 2 2
left_child=1 12 3 8 13 6 -6 -4 14 -10 21 23 -1 -3 -2 -13 22 27 -7 24 -9 -11 -16 -8 25 -15 -27 28 -12 -30
right_child=2 4 7 -5 5 18 11 20 9 10 17 15 -14 19 16 -17 -18 -19 -20 -21 -22 -23 -24 -25 -26 26 -28 -29 29 -31
leaf_value=-0.085784818437251678 -0.081592722917129212 -0.032443348144837923 0.084429659338129515 0.072522180973677658 -0.055353854237446015 -0.097068899072626849 -0.0044135228865134343 0.040646140666874137 0.091359782865550063 -0.06716612164412733 0.072231827490609413 -0.072583160964686963 -0.055878990517118123 -0.009778447835414256 0.043651405254945583 0.059584724905959487 0.020288880199354029 0.048621210424207924 -0.031164492566145299 0.075299131411895801 0.075120578691745044 0.047054842835917321 0.0016857375781332605 -0.056534439347004528 -0.0029639252794142145 -0.029436027056167879 -0.098398297584640138 0.088721325499560924 -0.025687797905748946 0.031384428443076387
leaf_weight=311.43227069079876 12.994565904140471 232.49568018317223 329.22641254961491 157.09416811168194 194.95194217562675 106.39477771520615 112.97054025530815 319.57983130216599 94.927037999033928 33.738459557294846 12.242281168699263 5.7465738952159873 342.40976750850677 341.97799697518349 39.445768490433693 50.191889867186546 471.99554949998856 122.32593002915382 22.985602736473083 9.7346801161766034 70.560066714882851 5.995521366596221 917.24603496491909 27.493236526846886 751.39863015711308 71.49033510684967 22.494950637221336 7.9900283813476554 59.710884407162666 33.471190810203552
leaf_count=1247 52 930 1321 630 780 426 452 1280 381 135 49 23 1370 1368 158 201 1889 490 92 39 283 24 3670 110 3006 286 90 32 239 134
internal_value=-0.000160406 -0.0322405 0.0309111 0.0187821 -0.0195286 -0.0410119 -0.0262958 0.0640985 0.0141168 0.0372189 0.0185177 0.00253564 -0.0701421 -0.0116974 0.00817565 0.0458126 0.00900129 0.0300583 -0.0854321 -0.00766163 0.0469116 -0.0497308 0.00342565 -0.0146838 -0.00835228 -0.017625 -0.046082 0.0099676 0.00387312 -0.00512207
internal_weight=5292.71 2604.17 2688.54 1969.18 1950.33 520.735 391.354 719.366 1812.08 370.401 275.474 196.402 653.842 1429.59 1441.68 55.9385 1428.69 235.74 129.38 1197.1 390.14 39.734 956.692 140.464 1187.36 435.963 93.9853 113.414 105.424 93.1821
internal_count=21187 10420 10767 7883 7803 2084 1566 2884 7253 1484 1103 786 2617 5719 5769 224 5717 944 518 4789 1563 159 3828 562 4750 1744 376 454 422 373
is_linear=0
shrinkage=0.05


Tree=2
num_leaves=31
num_cat=0
split_feature=9 13 13 14 7 10 19 7 10 11 12 13 13 11 13 14 7 13 27 13 7 20 25 18 13 11 7 7 25 12
split_gain=1908.21 455.341 394.546 179.514 119.403 113.271 94.4992 88.6221 128.472 88.5316 67.1865 59.367 56.4925 53.14 41.6014 39.9029 33.3539 28.5914 28.4341 26.9672 22.4705 21.8329 20.7417 20.2357 17.8634 16.8271 21.011 16.7959 16.3744 15.6312
threshold=1.0000000180025095e-35 -10924.999999999998 16725.000000000004 5.5000000000000009 42.500000000000007 -1.4999999999999998 -97.499999999999986 30.500000000000004 1.5000000000000002 21925.000000000004 4675.0000000000009 8575.0000000000018 6475.0000000000009 7425.0000000000009 -5924.9999999999991 3.5000000000000004 96.500000000000014 21175.000000000004 2.1666666666666674 -17524.999999999996 22.500000000000004 -97.499999999999986 5.5000000000000009 -2.5499999999999994 -15874.999999999998 30975.000000000004 28.500000000000004 39.500000000000007 -3.4999999999999996 9475.0000000000018
decision_type=2 2 2 2 2 2 2 2 2 2 2 2 2 2 2 2 2 2 2 2 2 2 2 2 2 2 2 2 2 2
left_child=1 13 3 7 14 6 -6 12 27 15 -4 16 19 -1 -3 24 21 22 -11 -2 -12 -8 25 -21 -10 26 -16 -9 -25 -14
right_child=2 4 10 -5 5 -7 11 8 9 18 20 -13 29 -15 17 -17 -18 -19 -20 23 -22 -23 -24 28 -26 -27 -28 -29 -30 -31
leaf_value=-0.081879005674096589 -0.082272375840535331 -0.031556687223730499 0.084480532953264201 0.069507554155043533 -0.054373589876521689 -0.091579397290672923 -0.086728883115663208 0.04256755941717591 -0.083717734470798486 0.01551129100501647 0.044516175932369603 0.053749139231060949 0.055514513868557984 -0.053177455773821582 -0.0084891743714624445 0.038099904573851762 -0.058166033581299154 0.054603029902980472 0.050128685112247974 0.058171311251911217 0.07709735830508245 0.010589844139250923 -0.092314324394628985 -0.019537106530672203 -0.0264772442666453 0.01822818827724236 -0.033143393744553933 0.088968548467574501 0.0033429764360826779 0.01938972941435084
leaf_weight=310.01093420386314 9.4644557237625104 237.38865016400814 255.10716320574284 162.51933336257935 162.7365265339613 92.179304599761963 6.2405749261379233 25.667319267988205 18.946384981274605 112.05609728395939 285.36502414941788 39.107589408755302 31.906943365931511 341.8326061964035 1141.5729460567236 19.689259737730026 34.948393747210503 17.421424850821495 127.53547714650631 15.724205568432806 65.94944503903389 62.974165454506874 7.4608644247055045 86.471934154629707 50.17901785671711 53.482907697558403 93.615206584334373 92.505806818604469 805.9616085588932 518.10401087999344
leaf_count=1247 38 950 1031 655 652 371 25 103 76 449 1146 157 128 1370 4567 79 140 70 512 63 266 252 30 346 201 214 375 374 3225 2075
internal_value=-0.000151903 -0.0306699 0.0294295 0.0190636 -0.0185663 -0.0429919 -0.0283143 0.0147748 0.0342795 0.0181612 0.0649113 0.00126792 0.00883443 -0.0668458 -0.0122897 -0.0244257 -0.0184206 -0.00880174 0.0339723 0.00123338 0.0506668 0.00163074 -0.00966197 0.00211812 -0.0423366 -0.00917244 -0.0103643 0.078977 0.00111848 0.0215042
internal_weight=5284.13 2600.97 2683.15 2076.73 1949.13 398.187 306.007 1914.21 446.579 328.406 606.422 143.271 1467.63 651.844 1550.94 88.8147 104.163 1313.55 239.592 917.622 351.314 69.2147 1296.13 908.158 69.1254 1288.67 1235.19 118.173 892.434 550.011
internal_count=21187 10420 10767 8324 7803 1597 1226 7669 1794 1317 2443 574 5875 2617 6206 356 417 5256 961 3672 1412 277 5186 3634 277 5156 4942 477 3571 2203
is_linear=0
shrinkage=0.05


Tree=3
num_leaves=31
num_cat=0
split_feature=9 13 13 14 7 10 12 7 10 14 13 12 11 13 13 20 7 12 0 7 10 14 11 0 11 6 4 25 13 15
split_gain=1727.04 415.071 361.671 166.097 108.637 104.03 101.453 85.7213 125.15 85.3882 70.2339 56.0989 49.3649 37.6073 33.9537 31.4794 27.2368 26.351 24.1249 46.848 46.4535 49.0829 23.8195 21.9398 21.9367 21.8727 21.3221 19.8883 19.0783 17.2141
threshold=1.0000000180025095e-35 -10924.999999999998 11925.000000000002 5.5000000000000009 42.500000000000007 -1.4999999999999998 6525.0000000000009 38.500000000000007 1.5000000000000002 -2.4999999999999996 -8824.9999999999982 11175.000000000002 7675.0000000000009 -5924.9999999999991 -16874.999999999996 206.50000000000003 26.500000000000004 4225.0000000000009 0.31666666666666671 8.5000000000000018 -1.4999999999999998 -1.4999999999999998 14425.000000000002 0.35000000000000003 4625.0000000000009 -8.4999999999999982 49.500000000000007 -1.4999999999999998 6475.0000000000009 -2.4999999999999996
decision_type=2 2 2 2 2 2 2 2 2 2 2 2 2 2 2 2 2 2 2 2 2 2 2 2 2 2 2 2 2 2
left_child=1 12 3 7 13 9 -4 14 -9 -6 22 24 -1 -3 -2 23 -8 -15 19 -19 21 -21 -10 -12 -11 -16 29 -23 -27 -13
right_child=2 4 6 -5 5 -7 16 8 10 11 15 26 -14 17 25 -17 -18 18 -20 20 -22 27 -24 -25 -26 28 -28 -29 -30 -31
leaf_value=-0.0776615209929023 -0.074653296396697266 -0.03000757096817765 0.077630761025949541 0.066435053144047101 -0.059156484048075102 -0.08782610018943636 0.035840909615186198 0.083933991099249192 -0.061811621174136355 -0.0064741562306783384 0.071807674751054207 -0.090224708756115463 -0.049956781511568744 0.047861453164511458 0.040063499071786059 0.045407966066281738 0.066888881012384646 -0.0082692822488040826 -0.0033796776977347053 -0.056304042049975071 -0.092902709231846348 -0.084929653342468187 0.04542533099902351 0.00036362227502131949 0.073479388951216959 0.0014513191630597549 -0.045126499600868029 0.018792455768607379 0.014731136365892711 0.00046765180420492203
leaf_weight=324.77284403145313 12.874693453311918 237.17180319130421 324.65078803896904 149.77247822284698 122.93621039390564 91.337306126952171 396.63473919034004 91.028322413563728 33.555559277534485 12.470573052763937 11.944902554154394 5.4658816903829566 323.62689214944839 20.388090416789055 47.05311743915081 113.01393289864063 86.738585829734802 399.99811375141144 743.81279709935188 61.909043043851852 33.544256329536438 4.9957993477582923 5.9897750020027152 101.00763019919395 26.534083783626556 917.12751680612564 52.313691988587379 48.7056635171175 384.09579873085022 85.58042798936367
leaf_count=1316 52 950 1323 608 494 371 1595 372 135 50 48 22 1301 82 189 455 352 1600 2976 248 135 20 24 405 107 3670 210 195 1539 343
internal_value=-0.000143823 -0.0292017 0.0280442 0.0159465 -0.0176583 -0.0410111 0.055992 0.0115377 0.0333615 -0.0269648 0.0159793 -0.00521573 -0.0638512 -0.011679 0.00581549 0.026753 0.0414353 -0.00836324 -0.00925732 -0.0172073 -0.0411217 -0.025987 -0.0453691 0.00802 0.0478376 0.00659308 -0.0197083 0.00891042 0.00537594 -0.00501514
internal_weight=5271.05 2595.56 2675.49 1867.46 1947.16 396.638 808.024 1717.69 356.54 305.301 265.512 182.365 648.4 1550.53 1361.15 225.966 483.373 1313.35 1292.97 549.153 149.155 115.611 39.5453 112.953 39.0047 1348.28 143.36 53.7015 1301.22 91.0463
internal_count=21187 10420 10767 7497 7803 1597 3270 6889 1439 1226 1067 732 2617 6206 5450 908 1947 5256 5174 2198 598 463 159 453 157 5398 575 215 5209 365
is_linear=0
shrinkage=0.05


Tree=4
num_leaves=31
num_cat=0
split_feature=9 13 13 24 7 10 19 4 13 12 10 13 11 13 13 5 13 10 11 7 10 11 1 24 20 27 7 11 13 20
split_gain=1564.52 379.635 332.399 148.909 99.6263 107.529 100.121 80.2775 62.4956 59.1723 51.7636 48.556 46.4281 45.5885 40.5493 36.4009 36.2179 32.7324 34.0887 30.2344 27.3204 23.0925 22.737 22.2031 20.8228 20.738 19.7803 19.5229 19.3106 15.3316
threshold=1.0000000180025095e-35 -10924.999999999998 16725.000000000004 5.5000000000000009 28.500000000000004 -1.4999999999999998 -99.499999999999986 30.500000000000004 8575.0000000000018 4675.0000000000009 1.5000000000000002 -10174.999999999998 7425.0000000000009 -15474.999999999998 9825.0000000000018 13.500000000000002 -374.99999999999994 1.5000000000000002 29075.000000000004 96.500000000000014 2.5000000000000004 19075.000000000004 1.0000000180025095e-35 -5.4999999999999991 -99.499999999999986 1.1666666666666667 22.500000000000004 25775.000000000004 21175.000000000004 299.50000000000006
decision_type=2 2 2 2 2 2 2 2 2 2 2 2 2 2 2 2 2 2 2 2 2 2 2 2 2 2 2 2 2 2
left_child=1 12 3 7 16 6 -6 13 19 -4 -9 -12 -1 -2 15 29 21 18 -17 24 27 -3 -20 -18 -8 -13 -11 -19 -25 -15
right_child=2 4 9 -5 5 -7 8 10 -10 26 11 25 -14 14 -16 17 23 20 22 -21 -22 -23 -24 28 -26 -27 -28 -29 -30 -31
leaf_value=-0.075327464403105976 -0.055649417002067839 -0.031066484327170553 0.078230064944217248 0.064060511653212901 -0.04665024937237458 -0.075661938275546278 -0.064492438026010998 0.083694165316957878 0.051330362567755916 0.040451903758682628 -0.047531251908047599 0.0082587887763381339 -0.048322832924536298 0.00037717236161455449 0.027745827292421112 0.078209473467625135 -0.085182831346081705 -0.038783724272463779 -0.0015283161903235148 -0.053826447705277281 0.032646179441726479 -0.011563152202240407 0.085992874762442509 -0.0026161563790124101 0.0084333838146077571 0.046915604751265265 0.071269827494568824 0.014050379963508962 0.068309998632615651 0.015126364666102475
leaf_weight=304.4160999506712 26.341900423169136 237.2590324729681 249.33769032359123 156.97432951629162 204.72685800492764 126.64681500196457 10.912330597639082 53.228108167648315 50.726425349712372 283.2116421610117 19.064998283982277 48.373478248715401 339.33139476180077 911.04317288100719 282.38065576553345 46.662946462631226 7.9530949890613547 34.676978379487991 35.093373373150826 34.76902748644352 65.837464720010757 425.29060740768909 9.2741938829421979 748.3605280816555 87.936165824532509 126.13222309947014 64.762162908911705 34.908161103725433 9.617948040366171 218.57070262730122
leaf_count=1247 107 951 1031 643 825 518 44 221 205 1146 77 194 1370 3647 1136 191 32 139 141 140 265 1702 38 2995 352 510 266 140 39 875
internal_value=-0.000136619 -0.0278297 0.0267451 0.0172527 -0.016805 -0.0356441 -0.0225889 0.0134032 0.00411666 0.0596017 0.040016 0.0279426 -0.0611103 0.0094528 0.0105059 0.00691042 -0.00999804 0.0252053 0.0483881 -0.0137951 0.00956079 -0.0185585 0.0168061 -0.00258507 0.000275201 0.0362393 0.0462207 -0.012225 -0.00170069 0.00323653
internal_weight=5253.82 2587.95 2665.87 2068.56 1944.2 515.718 389.071 1911.59 184.344 597.311 246.799 193.571 643.747 1664.79 1638.45 1356.07 1428.48 226.453 91.0305 133.618 135.423 662.55 44.3676 765.932 98.8485 174.506 347.974 69.5851 757.978 1129.61
internal_count=21187 10420 10767 8324 7803 2084 1566 7681 741 2443 1002 781 2617 6679 6572 5436 5719 914 370 536 544 2653 179 3066 396 704 1412 279 3034 4522
is_linear=0
shrinkage=0.05


Tree=5
num_leaves=31
num_cat=0
split_feature=10 13 13 7 7 10 10 17 13 24 13 11 11 14 0 13 7 11 13 22 4 0 11 25 13 6 7 11 11 19
split_gain=1415.29 386.31 293.626 148.689 106.536 103.634 72.9084 110.503 66.6958 46.6214 41.1592 39.5568 36.2037 34.6331 33.3207 28.1887 26.4403 24.5143 26.1662 22.9015 20.7064 20.0302 19.9893 19.1053 20.5985 18.8555 16.3889 16.3752 16.0924 16.0676
threshold=1.0000000180025095e-35 -10924.999999999998 17875.000000000004 30.500000000000004 38.500000000000007 -1.4999999999999998 1.5000000000000002 2.1666666666666674 15375.000000000002 5.5000000000000009 8875.0000000000018 6575.0000000000009 14425.000000000002 -2.4999999999999996 1.0500000000000003 -374.99999999999994 72.500000000000014 27675.000000000004 23975.000000000004 -321.49999999999994 70.500000000000014 0.35000000000000003 3975.0000000000005 5.5000000000000009 20775.000000000004 -8.4999999999999982 41.500000000000007 28225.000000000004 28675.000000000004 -4.4999999999999991
decision_type=2 2 2 2 2 2 2 2 2 2 2 2 2 2 2 2 2 2 2 2 2 2 2 2 2 2 2 2 2 2
left_child=1 11 3 9 15 8 14 12 13 10 22 -1 -8 -6 -5 -3 21 -4 -19 -17 29 -15 -2 24 -21 -24 -23 -10 -18 -14
right_child=2 4 17 6 5 -7 7 -9 27 -11 -12 -13 20 16 -16 19 28 18 -20 23 -22 26 25 -25 -26 -27 -28 -29 -30 -31
leaf_value=-0.074504098929238385 -0.082780939747612262 -0.016662477457659541 0.074205980928610124 0.082789148475670274 -0.051778685799970928 -0.080761407779913724 -0.040150777504410547 0.049322157759995523 0.087150982768844601 0.062732077064067124 0.022566608804140222 -0.049233787485703236 -0.031600900547810999 -0.056847259215310413 0.0080357147029461069 -0.055176540003448606 -0.052211808596390158 0.04141868069702842 0.069652813034210337 -0.0020884699521255142 0.057974499039963025 -0.063284352699176469 0.042808729700424375 -0.085926836012825858 0.055069656991565019 0.0024818066400220575 0.020788105726113153 0.015502792067842212 -0.0096854575981023972 0.013751292953309541
leaf_weight=273.99637703597546 6.6414636820554724 675.76902920007706 172.42907470464706 108.87738917768002 120.55498357117176 103.57051447033882 45.181629225611687 272.15154345333576 12.696164369583128 39.384873047471046 353.55452586710453 363.95247262716293 25.40265204012394 11.721613630652426 17.470182195305824 20.392912521958351 55.973766267299652 240.6111356317997 126.65204487740993 802.72500179708004 20.353466764092445 6.2370556741952887 29.692207738757133 6.5723369121551505 15.974904313683508 1102.7455826401711 65.696302220225334 21.903072893619537 37.502760156989098 83.019739612936974
leaf_count=1137 27 2708 720 456 489 431 183 1115 52 163 1426 1480 102 47 71 82 226 982 530 3214 82 25 120 27 65 4415 264 89 151 334
internal_value=-8.46336e-05 -0.0263156 0.0256591 0.0172164 -0.0152974 -0.0370928 0.0389589 0.029432 -0.0234464 0.00908683 0.00766388 -0.0601051 -0.00166736 -0.0310946 0.072507 -0.0090482 -0.0169676 0.0585619 0.0511852 -0.00295649 0.0118166 0.00339941 0.00303232 -0.00165352 -0.000960474 0.00354727 0.0133514 0.0421135 -0.0352323 0.00306017
internal_weight=5239.41 2595.24 2644.17 2104.48 1957.29 435.856 572.457 446.109 332.286 1532.02 1492.63 637.949 173.957 297.686 126.348 1521.43 177.131 539.692 367.263 845.665 128.776 83.655 1139.08 825.272 818.7 1132.44 71.9334 34.5992 93.4765 108.422
internal_count=21213 10487 10726 8494 7870 1774 2343 1816 1343 6151 5988 2617 701 1202 527 6096 713 2232 1512 3388 518 336 4562 3306 3279 4535 289 141 377 436
is_linear=0
shrinkage=0.05


Tree=6
num_leaves=31
num_cat=0
split_feature=9 13 13 7 7 10 17 10 17 13 14 13 13 13 13 19 7 5 22 26 13 28 13 10 18 13 22 19 10 4
split_gain=1283.61 355.376 270.748 136.16 97.9492 96.6314 76.1635 68.1453 100.853 37.7357 35.7421 37.7393 31.1816 29.8296 25.9642 24.9472 23.1222 22.8216 19.9722 18.9044 18.579 20.671 17.4846 15.4475 18.3663 14.8015 15.3331 14.2018 12.9149 13.7646
threshold=1.0000000180025095e-35 -10924.999999999998 17875.000000000004 30.500000000000004 28.500000000000004 -1.4999999999999998 -1.8333333333333333 1.5000000000000002 2.1666666666666674 8575.0000000000018 5.5000000000000009 9025.0000000000018 -15874.999999999998 -374.99999999999994 -15874.999999999998 -58.499999999999993 92.500000000000014 70.500000000000014 -321.49999999999994 -3.4999999999999996 -16874.999999999996 -2.6333333333333329 21175.000000000004 -2.4999999999999996 4.7750000000000012 23975.000000000004 348.16666666666669 -1.0000000180025095e-35 -3.4999999999999996 38.500000000000007
decision_type=2 2 2 2 2 2 2 2 2 2 2 2 2 2 2 2 2 2 2 2 2 2 2 2 2 2 2 2 2 2
left_child=1 14 3 10 13 6 -6 -5 12 17 11 20 -9 -3 -1 -11 27 19 -15 -8 -2 -22 -20 28 -25 26 -4 -14 29 -21
right_child=2 4 25 7 5 -7 9 8 -10 15 -12 -13 16 18 -16 -17 -18 -19 22 23 21 -23 -24 24 -26 -27 -28 -29 -30 -31
leaf_value=-0.065445222657668597 -0.071344901506296243 -0.01556301964477361 0.046220555316092191 0.070051302915520627 -0.046003499267790522 -0.070373321776465159 0.088423735039727766 -0.06674648458986579 0.04722479828738417 -0.033083215025226834 0.055614938328406693 0.022006119184254075 -0.034524236397971905 -0.053186126793653643 -0.04423863318045284 0.049045445347311145 0.036825618310564516 -0.058698788022076322 -0.00067683456654234891 0.015460179607824816 0.06706982436579742 0.0028866609093535309 0.068233128268059468 0.012600904048630244 -0.083668769522762476 0.069413021983328715 0.073186389394448118 0.0045694209221735218 -0.0563102118828675 -0.045155063580148126
leaf_weight=400.88368348777294 8.2233945429325086 661.07106509804726 313.09008806943893 124.30477003753185 169.23395304381847 130.32020498812199 4.9949223250150672 16.515517026185989 270.08359891176224 11.353425800800322 39.387488514184952 340.87385708093643 32.118470251560211 17.852925315499306 230.38806058466434 47.014890924096107 42.334424749016762 24.050644636154175 741.02415926754475 22.421569362282753 12.594797313213347 1129.4709955602884 9.2205477952957136 69.509079828858376 5.2271803319454184 155.56514610350132 64.8165003657341 82.681221798062325 24.379485636949539 15.863775774836538
leaf_count=1674 34 2650 1298 527 689 547 20 68 1115 46 165 1378 129 72 943 192 171 98 2966 90 51 4523 38 279 21 662 272 333 98 64
internal_value=-8.02496e-05 -0.0251081 0.0244965 0.0164062 -0.0145643 -0.0330486 -0.0206772 0.0373125 0.0281163 -0.00157807 0.00864201 0.00739427 -0.00158509 -0.00777692 -0.0577218 0.0329555 0.00526996 -0.0137306 -0.00106808 -0.00606453 0.00305835 0.00360467 0.00017239 -0.00959763 0.00569802 0.0563036 0.050877 -0.00634515 -0.0278994 -0.00957808
internal_weight=5216.87 2584.81 2632.06 2098.59 1953.54 524.369 394.049 568.038 443.733 224.815 1530.55 1491.16 173.65 1429.17 631.272 58.3683 157.134 166.447 768.098 142.396 1150.29 1142.07 750.245 137.401 74.7363 533.472 377.907 114.8 62.6648 38.2853
internal_count=21213 10487 10726 8494 7870 2144 1597 2343 1816 908 6151 5986 701 5726 2617 238 633 670 3076 572 4608 4574 3004 552 300 2232 1570 462 252 154
is_linear=0
shrinkage=0.05


Tree=7
num_leaves=31
num_cat=0
split_feature=10 13 13 7 7 10 10 14 19 13 11 24 11 13 0 7 13 11 13 0 20 4 20 24 7 11 0 13 11 0
split_gain=1164.69 327.481 250.056 122.009 90.4216 92.5372 64.2095 93.9444 57.6842 49.3206 47.2625 41.3731 37.519 33.5452 32.1621 25.8609 24.8708 23.7632 24.9666 21.3548 24.9807 19.3404 20.4935 19.3189 18.1906 18.1696 18.0306 17.1661 15.6845 15.1153
threshold=1.0000000180025095e-35 -10924.999999999998 17625.000000000004 30.500000000000004 34.500000000000007 -1.4999999999999998 1.5000000000000002 3.5000000000000004 -99.499999999999986 8575.0000000000018 14425.000000000002 5.5000000000000009 6575.0000000000009 9825.0000000000018 1.0500000000000003 96.500000000000014 -374.99999999999994 27675.000000000004 23975.000000000004 0.31666666666666671 -99.499999999999986 70.500000000000014 -1.0000000180025095e-35 -5.4999999999999991 21.500000000000004 20675.000000000004 1.1833333333333336 21175.000000000004 21025.000000000004 0.28333333333333338
decision_type=2 2 2 2 2 2 2 2 2 2 2 2 2 2 2 2 2 2 2 2 2 2 2 2 2 2 2 2 2 2
left_child=1 12 3 11 16 8 14 10 -6 15 -8 13 -1 25 -5 19 -3 -4 24 -10 -21 22 -12 -18 -19 -2 -7 29 -15 -25
right_child=2 4 17 6 5 26 7 -9 9 -11 21 -13 -14 28 -16 -17 23 18 -20 20 -22 -23 -24 27 -26 -27 -28 -29 -30 -31
leaf_value=-0.069780855041977119 -0.014036760310649486 -0.014984852403116356 0.069125176497274898 0.078136267800873821 -0.040244812793010475 -0.07904778608769425 -0.03916238738205953 0.050199300823574017 -0.062585916328183389 0.043144489207242877 -0.031902065091538069 0.059512122223660979 -0.044874824348744735 0.065443240516501536 0.0042089388921232726 -0.051569334589447124 -0.07070357029779066 0.02983891102561529 0.064958219760210142 -0.078510085596550219 0.018124048809251996 0.055465898869273861 0.017481991444772388 -0.010730507368486228 0.062982601597662863 0.0053397656325374658 -0.002432092304378017 0.058493221624447971 0.018903748812415837 0.0034458849000245325
leaf_weight=265.61253492534161 136.46579053997993 670.2380081564188 172.52811996638775 104.20358507335186 182.17708073556423 101.51069650053978 49.526529669761658 214.25661785900593 12.218892112374304 47.945927262306213 25.186995625495911 38.178151503205299 358.37959553301334 19.436855047941208 17.30968751013279 36.867731794714928 10.000463560223578 190.54867112636566 122.47034439444542 7.3163606673479071 67.124976173043251 26.444616302847862 122.87422406673431 305.51044933497906 53.540394529700279 1054.2472796887159 8.460058778524397 11.797374770045279 271.93757498264313 487.95339246094227
leaf_count=1137 548 2689 742 453 745 437 202 894 49 197 101 162 1480 80 71 151 41 784 530 30 269 108 499 1225 227 4224 35 49 1101 1953
internal_value=-7.63011e-05 -0.0239685 0.023394 0.0155241 -0.013871 -0.0331491 0.0354806 0.0265347 -0.0206616 0.000126221 0.00386805 0.00817049 -0.055494 0.00684064 0.0676585 -0.0165518 -0.00784917 0.0537421 0.0464712 -0.00155439 0.00846684 0.0161246 0.00903156 -0.00197557 0.0371522 0.00311386 -0.0732067 -0.00110716 0.0220468 -0.00200687
internal_weight=5192.27 2573.11 2619.16 2080.07 1949.12 463.622 559.802 438.289 353.651 171.474 224.032 1520.27 623.992 1482.09 121.513 123.528 1485.5 539.088 366.559 86.6602 74.4413 174.506 148.061 815.262 244.089 1190.71 109.971 805.261 291.374 793.464
internal_count=21213 10487 10726 8443 7870 1913 2328 1804 1441 696 910 6115 2617 5953 524 499 5957 2283 1541 348 299 708 600 3268 1011 4772 472 3227 1181 3178
is_linear=0
shrinkage=0.05


Tree=8
num_leaves=31
num_cat=0
split_feature=9 13 13 7 7 10 17 10 14 12 11 14 12 13 11 0 13 13 11 6 4 22 22 11 7 0 7 13 28 13
split_gain=1057.49 302.687 231.776 115.655 82.0705 85.9075 68.405 61.7196 68.7309 43.475 40.851 37.8001 33.2641 31.6414 31.5176 29.7446 27.9212 24.8311 20.2944 19.8183 17.5395 17.4934 17.3667 16.3546 15.691 15.4468 15.0258 14.7734 13.7817 13.9393
threshold=1.0000000180025095e-35 -11724.999999999998 17875.000000000004 40.500000000000007 28.500000000000004 -1.4999999999999998 -1.8333333333333333 1.5000000000000002 3.5000000000000004 4675.0000000000009 12575.000000000002 5.5000000000000009 11175.000000000002 11925.000000000002 6575.0000000000009 0.9833333333333335 -374.99999999999994 -16874.999999999996 29125.000000000004 -8.4999999999999982 38.500000000000007 223.83333333333334 -321.49999999999994 14425.000000000002 26.500000000000004 0.68333333333333346 24.500000000000004 21175.000000000004 4.9000000000000012 3675.0000000000005
decision_type=2 2 2 2 2 2 2 2 2 2 2 2 2 2 2 2 2 2 2 2 2 2 2 2 2 2 2 2 2 2
left_child=1 14 3 11 16 6 -6 -5 10 -4 -9 13 -8 17 -1 -7 23 -2 20 -19 -14 -12 -18 -3 -11 -15 -16 -24 29 -21
right_child=2 4 9 7 5 15 12 8 -10 24 21 -13 18 25 26 -17 22 19 -20 28 -22 -23 27 -25 -26 -27 -28 -29 -30 -31
leaf_value=-0.067597014627230639 -0.068726221541653199 -0.029198513868072068 0.068699904151096766 0.073443087537253163 -0.042917386391125904 -0.077283144345860422 0.037641610424329452 -0.036679506642135429 0.050049312459268094 0.033985783832106084 0.0084003080453800665 0.048493017342317091 -0.007829861356114241 0.030257519166892757 -0.039204286832236999 -0.013223695794800315 -0.049733466779715345 0.036532345450483075 0.0090423295797661968 -0.0026327519397636875 -0.049823902579362658 0.046465087182725795 -0.00052767281282821963 -0.010643366069363835 0.064447302653711208 -0.013550557928877941 -0.068782420133287531 0.063592741216784113 0.068132437557922088 0.0078706795205745177
leaf_weight=260.61402587592602 11.410364270210264 153.24914139509201 226.85323302447796 92.695664256811142 170.25744846463203 105.55756284296513 44.713933676481247 41.796511352062225 179.0299521535635 240.72280453145504 107.86521402001381 57.242365971207619 61.801116436719894 182.70237016677856 267.86604465544224 22.163827523589134 17.691769823431969 47.992122814059258 76.197291329503059 547.83085636794567 41.951670825481415 42.099621817469597 740.91378965973854 536.12859949469566 52.050690546631813 22.386139437556267 52.061885759234428 8.9927598387002927 8.1880131512880308 744.08788533508778
leaf_count=1137 48 619 1005 414 702 463 185 171 756 1001 437 246 249 746 1116 91 72 196 308 2195 172 174 2966 2152 226 91 217 38 33 2987
internal_value=-7.21021e-05 -0.0228936 0.0223551 0.0149053 -0.0135786 -0.0305778 -0.0190227 0.0369327 0.0277745 0.0522336 0.00693734 0.00860536 -0.000881287 0.00713983 -0.0546408 -0.0662249 -0.00747557 0.00437275 -0.0104968 0.00500023 -0.0248896 0.0191434 -0.000908724 -0.0147791 0.0394386 0.0254471 -0.0440531 0.000242959 0.00382968 0.00341303
internal_weight=5165.11 2560.16 2604.95 2085.33 1979.62 522.643 394.921 463.487 370.791 519.627 191.761 1621.84 224.664 1564.6 580.542 127.721 1456.98 1359.51 179.95 1348.1 103.753 149.965 767.598 689.378 292.773 205.089 319.928 749.907 1300.11 1291.92
internal_count=21213 10487 10726 8494 8017 2170 1616 1952 1538 2232 782 6542 914 6296 2470 554 5847 5459 729 5411 421 611 3076 2771 1227 837 1333 3004 5215 5182
is_linear=0
shrinkage=0.05


Tree=9
num_leaves=31
num_cat=0
split_feature=9 13 13 7 7 13 12 24 13 11 13 24 13 12 13 28 15 0 7 24 13 19 20 7 21 37 28 7 13 21
split_gain=960.459 280.235 214.947 106.457 74.7955 57.0997 41.9142 38.8955 35.0664 32.7478 28.9145 22.8176 22.7097 20.9785 20.791 17.7155 17.8286 17.2867 32.7929 19.6156 17.0604 15.7812 18.8138 15.5869 15.2229 15.1765 14.9578 14.886 14.8037 15.9803
threshold=1.0000000180025095e-35 -11324.999999999998 17875.000000000004 40.500000000000007 38.500000000000007 15375.000000000002 4675.0000000000009 5.5000000000000009 -12574.999999999998 6575.0000000000009 11925.000000000002 3.5000000000000004 -16874.999999999996 5175.0000000000009 -5924.9999999999991 -2.6333333333333329 -2.4999999999999996 0.31666666666666671 12.500000000000002 -1.4999999999999998 13775.000000000002 206.50000000000003 210.50000000000003 24.500000000000004 210.50000000000003 0.5555555555555669 4.9000000000000012 26.500000000000004 6175.0000000000009 -32.499999999999993
decision_type=2 2 2 2 2 2 2 2 2 2 2 2 2 2 2 2 2 2 2 2 2 2 2 2 2 2 2 2 2 2
left_child=1 9 3 7 14 -6 -4 10 11 -1 12 -5 -2 -7 -3 -14 -17 18 20 -20 -16 22 24 -11 -10 -15 -18 -8 29 -21
right_child=2 4 6 8 5 13 27 -9 21 23 -12 -13 15 25 17 16 26 -19 19 28 -22 -23 -24 -25 -26 -27 -28 -29 -30 -31
leaf_value=-0.065584695295355447 -0.066365284071924865 -0.020993854417458272 0.066786871009342663 -0.041628390374560405 -0.036995795932799114 0.07608156419924636 0.032514220684960758 0.049462719122450191 0.027835290703821899 -0.0369117424439434 0.024266627765569954 0.050041382708480978 0.059715332818661461 0.041900338242114803 -0.0059722538909225704 -0.0090556158501370002 0.0060731852633140503 6.7747301371437856e-06 -0.055222424834193144 0.0061929858699941807 0.087496458174488839 0.047520624839998638 0.081259982769321226 -0.066347108446405623 -0.024015165124280948 -0.039033450084196231 0.067865595702223766 0.062434592620987689 0.011185414729198147 -0.055530683472386516
leaf_weight=255.31758551299572 11.23351229727268 243.62692610919476 221.81451995670795 22.892823129892349 387.48977544903755 13.936467424035071 239.08363108336926 55.074254557490349 148.3701024055481 281.31312681734562 204.32942400872707 9.502143591642378 14.381238296627997 10.71438227593899 420.21899989247322 215.9985129237175 1108.7816723287106 729.24990145862103 57.89386548101902 15.852271988987921 4.8339073061943045 247.18091462552547 15.103864431381224 54.397412240505219 15.467472106218336 12.363667100667952 9.7995704710483533 51.070400834083557 29.39434115588665 30.006497025489807
leaf_count=1137 48 986 1005 96 1630 59 1001 240 628 1181 837 40 59 45 1683 866 4452 2921 236 64 20 1061 64 230 63 52 40 226 121 122
internal_value=-6.85803e-05 -0.0218735 0.0213684 0.0142143 -0.0127504 -0.0313225 0.0503891 0.00818786 0.0354841 -0.052044 0.00672864 -0.0145145 0.00408881 0.0278743 -0.00759617 0.0046841 0.00408291 -0.00505558 -0.011677 -0.0333268 -0.00487719 0.0392994 0.0278948 -0.0417146 0.0228981 -0.00122416 0.00662502 0.0378175 -0.0163648 -0.0341185
internal_weight=5136.69 2546.61 2590.08 2078.12 1955.58 424.504 511.969 1619.6 458.517 591.028 1564.52 32.395 1360.19 37.0145 1531.08 1348.96 1334.58 1287.45 558.2 133.147 425.053 426.122 178.941 335.711 163.838 23.078 1118.58 290.154 75.2531 45.8588
internal_count=21213 10487 10726 8494 7939 1786 2232 6542 1952 2548 6302 136 5465 156 6153 5417 5358 5167 2246 543 1703 1816 755 1411 691 97 4492 1227 307 186
is_linear=0
shrinkage=0.05


Tree=10
num_leaves=31
num_cat=0
split_feature=9 13 13 24 7 10 7 12 22 10 13 13 5 12 13 13 25 13 25 30 22 35 12 7 22 13 24 12 10 27
split_gain=907.121 277.152 208.169 96.0379 56.6918 79.8696 54.6926 48.2375 46.1711 44.9228 39.1589 31.5502 27.5364 27.2325 25.6866 20.3078 18.9845 18.0553 18.55 17.931 17.6814 16.6606 15.8714 15.707 14.6741 14.4742 31.5947 14.357 12.9335 12.3615
threshold=1.0000000180025095e-35 -11724.999999999998 16725.000000000004 5.5000000000000009 42.500000000000007 -1.4999999999999998 58.500000000000007 4575.0000000000009 -81.583333333333329 1.5000000000000002 -10524.999999999998 6875.0000000000009 69.500000000000014 11725.000000000002 -16574.999999999996 -17224.999999999996 4.5000000000000009 -7624.9999999999991 5.5000000000000009 0.55050505050505061 -240.16666666666666 0.21111111111111114 9975.0000000000018 26.500000000000004 204.16666666666671 6175.0000000000009 -3.4999999999999996 25625.000000000004 3.5000000000000004 0.83333333333333337
decision_type=2 2 2 2 2 2 2 2 2 2 2 2 2 2 2 2 2 2 2 2 2 2 2 2 2 2 2 2 2 2
left_child=1 15 3 6 17 8 11 -4 -6 -8 -11 14 13 -10 -2 -1 20 -3 25 22 -16 -18 -13 -9 -12 -19 -27 -17 -5 -22
right_child=2 4 7 28 5 -7 9 23 12 10 24 19 -14 -15 16 27 21 18 -20 -21 29 -23 -24 -25 -26 26 -28 -29 -30 -31
leaf_value=-0.060027669992233371 -0.055702203184101108 -0.022425996057269412 0.065923914623756463 0.075062696793215714 -0.037302326015951862 -0.072505056921444253 0.072480012113367298 0.030948686467210964 0.054704177845285133 -0.045003330878563022 0.013882238098798029 0.053997153806895154 -0.042625407171068358 -0.00069995828549429767 0.065618070995244845 -0.051759649334142947 0.011893247553588747 -0.0068917110024930605 -0.078835957681322621 0.029236494134988744 -0.0054199279945243532 0.062320560977095499 0.0074040728355694351 0.060297403954543582 0.043142008185587513 -0.074887944244773283 0.02306307924385595 -0.027964801289985998 0.042427132098166537 0.0057516304521630516
leaf_weight=318.03087438642979 18.607315450906754 189.81433570384979 224.85593028366566 44.08494545519352 147.14054843783379 83.829555660486221 54.479488894343376 277.24800105392933 28.603828772902489 19.987560242414474 85.709689095616341 19.36267252266407 28.245831236243248 96.81002052128315 10.553043365478514 142.491434648633 55.344716027379036 1295.4050653576851 8.5932353287935239 195.7183827906847 440.58681102097034 23.419077590107918 314.47346134483814 55.26764951646328 87.225713223218918 9.0080581307411176 84.250288128852844 117.38953053951263 104.94567663967609 564.75292113423347
leaf_count=1423 80 773 1041 195 617 384 254 1167 120 83 349 80 118 392 45 613 222 5200 37 795 1773 97 1275 249 370 37 342 496 462 2272
internal_value=0.000123969 -0.0210595 0.0209258 0.0135198 -0.01213 -0.0293546 0.0104681 0.0480061 -0.0172924 0.0323857 0.0210059 0.0071626 0.00184791 0.01193 0.0023779 -0.0515088 0.00337473 -0.00795082 -0.00597936 0.0172095 0.00153482 0.0270104 0.0101368 0.0358585 0.0286857 -0.00551926 0.0134781 -0.0410455 0.0521585 0.000850707
internal_weight=5146.24 2549.61 2596.62 2039.25 1971.7 384.63 1890.22 557.372 300.8 247.402 192.923 1642.82 153.66 125.414 1113.26 577.912 1094.66 1587.07 1397.26 529.555 1015.89 78.7638 333.836 332.516 172.935 1388.66 93.2583 259.881 149.031 1005.34
internal_count=21361 10552 10809 8352 8020 1631 7695 2457 1247 1056 802 6639 630 512 4489 2532 4409 6389 5616 2150 4090 319 1355 1416 719 5579 379 1109 657 4045
is_linear=0
shrinkage=0.05


Tree=11
num_leaves=31
num_cat=0
split_feature=9 11 12 24 7 10 7 12 12 10 12 11 11 11 11 15 15 35 0 7 10 24 20 12 12 26 10 7 17 15
split_gain=824.227 224.595 186.79 104.449 51.2914 62.0549 50.7043 50.2178 48.3387 44.6035 43.8155 38.4911 33.566 32.0501 30.6748 21.7326 21.2496 20.1071 19.877 35.1099 62.0299 44.2269 18.253 16.1154 15.763 14.7311 17.5199 14.6198 13.2969 14.0096
threshold=1.0000000180025095e-35 13525.000000000002 3775.0000000000005 5.5000000000000009 42.500000000000007 -1.4999999999999998 58.500000000000007 5325.0000000000009 11175.000000000002 1.5000000000000002 13725.000000000002 7675.0000000000009 18175.000000000004 25725.000000000004 10975.000000000002 4.5000000000000009 -4.4999999999999991 0.23611111111111113 0.38333333333333336 12.500000000000002 -1.4999999999999998 -1.4999999999999998 200.50000000000003 22025.000000000004 27275.000000000004 -1.4999999999999998 -2.4999999999999996 50.500000000000007 -2.8333333333333326 -2.4999999999999996
decision_type=2 2 2 2 2 2 2 2 2 2 2 2 2 2 2 2 2 2 2 2 2 2 2 2 2 2 2 2 2 2
left_child=1 7 -2 6 18 8 10 27 -6 -8 12 -9 -4 24 -12 28 -10 -17 19 -3 21 25 -15 -23 -11 26 -21 -1 -16 -30
right_child=2 4 3 -5 5 -7 9 11 16 13 14 -13 -14 22 15 17 -18 -19 -20 20 -22 23 -24 -25 -26 -27 -28 -29 29 -31
leaf_value=-0.0041690536260347152 0.066003568538107182 -0.0054393843388766969 -0.00033554199771347235 0.05292211342386921 0.047496759084872914 -0.070615768170445167 0.07118231100633983 -0.060950761271688997 -0.055203888790293525 -0.026411806069334083 -0.045354902308460003 -0.036771787904808707 0.029580548497306864 0.014562216488393096 0.061559176644654906 0.016165623058223087 -0.016796816678356034 0.066331862786435936 0.00088467793636287173 -0.03767554950540402 -0.082771079510414569 0.046320973686842903 0.049591203782102494 -0.0036721054515631048 0.030559594640148721 -0.07816184396947827 0.054658368206064845 -0.053823134677085827 -0.0081497753633479122 0.0065749787634671597
leaf_weight=97.811144635081291 203.33622033894062 628.36016149818897 121.93376524746418 177.90404570102692 26.135105445981026 67.456259742379189 60.532003119587898 299.09180746972561 44.359472393989563 40.394039869308472 28.76365128159523 371.77407422661781 401.01294533908367 66.410364851355553 10.149470716714857 89.751711040735245 195.19131781160831 25.813559889793396 602.83539126813412 46.174680814146996 43.034694641828537 24.791841298341751 86.220465704798698 45.256754636764526 17.187290742993355 20.090054020285606 5.6495140045881262 17.443085253238678 190.16604836285114 1061.3299171030521
leaf_count=395 962 2525 493 800 112 317 289 1379 189 168 123 1569 1697 274 43 362 807 108 2422 190 182 102 374 182 71 82 23 76 764 4281
internal_value=0.000119119 -0.020127 0.0200106 0.0160725 -0.0101462 -0.0277998 0.0130876 -0.0423264 -0.0168877 0.0333549 0.0102387 -0.0475664 0.0225968 0.0224098 0.00563732 0.00670917 -0.0239499 0.027462 -0.00598826 -0.0110879 -0.0302333 -0.0142247 0.0344022 0.0139912 -0.00929639 -0.0417592 -0.0274278 -0.0117674 0.00480224 0.00433307
internal_weight=5116.36 2535.46 2580.91 2377.57 1749.34 333.142 2199.67 786.12 265.686 270.744 1928.92 670.866 522.947 210.212 1405.97 1377.21 239.551 115.565 1416.19 813.358 184.998 141.963 152.631 70.0486 57.5813 71.9142 51.8242 115.254 1261.65 1251.5
internal_count=21361 10552 10809 9847 7133 1425 9047 3419 1108 1176 7871 2948 2190 887 5681 5558 996 470 5708 3286 761 579 648 284 239 295 213 471 5088 5045
is_linear=0
shrinkage=0.05


Tree=12
num_leaves=31
num_cat=0
split_feature=9 13 13 7 10 14 7 10 12 22 11 11 5 27 13 37 12 11 0 7 10 14 15 7 4 30 19 4 46 0
split_gain=749.042 240.528 180.757 82.0564 53.9071 70.8401 48.0919 72.3807 45.3343 40.3076 36.5169 36.1988 24.8373 23.6591 25.4773 24.6705 23.1666 18.288 17.1298 37.3985 37.6181 35.2836 16.5313 14.7237 14.4447 14.1981 13.7267 13.3108 13.2875 12.5229
threshold=1.0000000180025095e-35 -11724.999999999998 16725.000000000004 36.500000000000007 1.5000000000000002 3.5000000000000004 42.500000000000007 -1.4999999999999998 4575.0000000000009 -81.583333333333329 14425.000000000002 9825.0000000000018 69.500000000000014 4.5833333333333348 6475.0000000000009 0.14285714285715265 11725.000000000002 19075.000000000004 0.31666666666666671 12.500000000000002 -1.4999999999999998 -1.4999999999999998 3.5000000000000004 26.500000000000004 70.500000000000014 0.70714285714285718 399.50000000000006 1.5000000000000002 1.0000000180025095e-35 1.2500000000000002
decision_type=2 2 2 2 2 2 2 2 2 2 2 2 2 2 2 2 2 2 2 2 2 2 2 2 2 2 2 2 2 2
left_child=1 11 3 13 29 10 17 9 -4 -8 -6 -1 16 14 26 -15 -11 27 19 -19 21 -21 24 -10 -12 -16 -2 -3 -20 -5
right_child=2 6 8 4 5 -7 7 -9 23 12 22 -13 -14 15 25 -17 -18 18 28 20 -22 -23 -24 -25 -26 -27 -28 -29 -30 -31
leaf_value=-0.056445985134219417 -0.001770959962507842 -0.040685529586060726 0.062767030949165498 0.070832649977059223 -0.036839097087030169 0.044925513446703549 -0.034559334325608711 -0.069394815221518108 0.028325954006433365 0.051690701667296626 0.0016266418989594766 -0.028538163966546754 -0.040285565436628867 -0.024565829817609713 0.0099119832380520356 0.051565082528267137 0.00011737852178962626 -0.0036076339827798352 -0.00095275566544744542 -0.047574994040701236 -0.081060806499738999 0.010370468639155972 0.069655646449804168 0.057224391371644458 0.04533329579933177 0.029931241106979947 0.017033590607040867 -0.013238929370593153 0.027985051827508711 0
leaf_weight=393.06234455108643 828.90582373738289 53.130292251706123 213.69364289939404 82.796792551875114 46.817101657390594 181.42237488925457 144.91178832948208 79.533696964383125 273.30315293371677 28.075303733348846 117.49835106730461 166.6903715133667 27.921974912285805 13.190197035670279 439.67391875386238 52.30278392136097 96.717315942049026 425.96332594752312 656.26844604313374 53.263636589050293 32.023809462785721 51.466655686497688 12.036805450916289 53.198313921689987 22.495157450437546 111.42582674324512 109.7976156771183 269.44936674833298 42.110075697302818 6.7247199565172187
leaf_count=1816 3330 217 1041 400 195 804 617 384 1167 120 481 716 118 55 1784 230 392 1708 2635 220 137 209 52 249 94 454 444 1094 169 29
internal_value=0.000113899 -0.0192426 0.0191351 0.0122755 0.0305893 0.0223404 -0.0109857 -0.0270338 0.0448339 -0.0156776 0.00169701 -0.0481507 0.00221762 0.00673888 0.00544059 0.0361421 0.0117923 -0.00715911 -0.00443561 -0.0109273 -0.0336708 -0.019069 0.0136133 0.0330659 0.00871278 0.0139734 0.000424812 -0.0177862 0.000788703 0.0655093
internal_weight=5085.87 2520.59 2565.28 2025.09 469.791 380.27 1960.84 377.16 540.195 297.626 198.847 559.753 152.715 1555.3 1489.8 65.493 124.793 1583.68 1261.1 562.717 136.754 104.73 152.03 326.501 139.994 551.1 938.703 322.58 698.379 89.5215
internal_count=21361 10552 10809 8352 2055 1626 8020 1631 2457 1247 822 2532 630 6297 6012 285 512 6389 5078 2274 566 429 627 1416 575 2238 3774 1311 2804 429
is_linear=0
shrinkage=0.05


Tree=13
num_leaves=31
num_cat=0
split_feature=9 13 13 24 12 5 4 11 12 13 13 6 13 11 24 21 33 25 12 4 30 12 26 11 13 23 0 0 25 34
split_gain=680.944 223.543 168.14 76.8218 44.2411 42.3776 42.247 34.6576 33.3887 29.6046 24.9546 21.4651 21.6437 17.5841 19.2461 17.0986 14.6869 14.3267 14.3246 13.7313 13.1926 14.1397 13.0226 12.5848 11.4379 12.0035 10.5036 10.4334 10.2696 10.2364
threshold=1.0000000180025095e-35 -11724.999999999998 16725.000000000004 5.5000000000000009 3775.0000000000005 22.500000000000004 30.500000000000004 9825.0000000000018 3525.0000000000005 -10924.999999999998 -15874.999999999998 -10.499999999999998 6475.0000000000009 19075.000000000004 -5.4999999999999991 183.50000000000003 0.14666666666666686 5.5000000000000009 8025.0000000000009 18.500000000000004 0.70714285714285718 9975.0000000000018 5.5000000000000009 30725.000000000004 -224.99999999999997 -58.899999999999991 0.31666666666666671 0.35000000000000003 4.5000000000000009 0.51666666666666672
decision_type=2 2 2 2 2 2 2 2 2 2 2 2 2 2 2 2 2 2 2 2 2 2 2 2 2 2 2 2 2 2
left_child=1 7 3 6 -4 13 10 -1 -7 -8 -2 27 15 24 -15 -13 -17 18 -16 -6 21 -14 -5 -20 25 -3 -10 -12 -18 -28
right_child=2 5 4 22 19 8 9 -9 26 -11 11 12 20 14 17 16 28 -19 23 -21 -22 -23 -24 -25 -26 -27 29 -29 -30 -31
leaf_value=-0.054792365115594245 -0.046738403576373974 -0.036099552643680421 0.063030203655453337 0.072423968192302055 0.028448094429064454 0.065572177658794514 -0.029168926790453138 -0.027325746019899119 -0.052576801003722654 0.034895292626683977 0.060900121197073102 -0.0031853305920350079 0.046843236407173056 -0.053575625618599909 0.043723061872834659 0.080098062798836495 0.0059781065689577043 -0.061732505492869766 -0.0049461117426621137 0.056467571969133712 0.028748198569487939 0.0075958092634161346 0.037870056916564088 0.01639639706762749 0.0038929807415827226 -0.013961580861271109 -0.015364069503010015 0.019494461682214508 0.035229763720239914 -0.033878107473133974
leaf_weight=384.89058589935303 21.807142272591591 92.112470343708992 185.89227338135242 37.953497931361198 293.34627459943295 9.5372141003608686 19.59871219098568 165.41934370994568 40.899202823638916 206.30289953947067 24.309753775596619 675.5010152310133 24.217093706130981 19.434931918978691 16.047690898180008 7.4040488898754111 275.89392434060574 10.395732417702673 1148.6886598914862 52.046045675873756 114.2438595443964 430.69991058111191 103.74861849844456 73.301567003130913 53.313615784049034 186.89325834810734 139.26977632939816 42.264884680509567 33.712213411927223 165.07476542890072
leaf_count=1816 96 378 932 177 1275 42 84 716 175 911 104 2717 102 84 69 31 1111 48 4621 250 468 1750 480 297 215 764 606 183 138 721
internal_value=0.000109348 -0.0184012 0.0183047 0.0117105 0.0433315 -0.0104725 0.00902433 -0.0465516 -0.0261095 0.0293047 0.0062432 0.00695868 0.00576826 -0.00700101 -0.00431163 0.00130481 0.0108864 -0.00353648 -0.00303883 0.0326999 0.0135413 0.00970593 0.0472048 -0.00366054 -0.0172421 -0.0212986 -0.0286749 0.0347574 0.00918974 -0.0254302
internal_weight=5054.22 2505.28 2548.94 2017.66 531.285 1954.97 1875.96 550.31 354.781 225.902 1650.05 1628.25 1561.67 1600.19 1267.87 992.511 317.01 1248.43 1238.04 345.392 569.161 454.917 141.702 1221.99 332.319 279.006 345.244 66.5746 309.606 304.345
internal_count=21361 10552 10809 8352 2457 8020 7695 2532 1544 995 6700 6604 6317 6476 5119 3997 1280 5035 4987 1525 2320 1852 657 4918 1357 1142 1502 287 1249 1327
is_linear=0
shrinkage=0.05


Tree=14
num_leaves=31
num_cat=0
split_feature=13 13 19 19 13 13 14 24 7 4 7 19 14 28 13 5 7 19 13 28 23 24 8 0 20 13 32 13 21 0
split_gain=500.922 308.647 97.1571 44.7791 32.4889 31.6282 29.4786 28.0636 18.909 16.492 16.1691 16.0764 15.8275 15.3417 14.7422 19.3329 14.0154 12.6842 14.9573 15.8852 14.5065 12.5383 11.9262 12.6684 11.5934 11.8457 11.1401 10.7894 12.529 9.52449
threshold=-10924.999999999998 11925.000000000002 399.50000000000006 27.500000000000004 18125.000000000004 -16574.999999999996 -1.0000000180025095e-35 -5.4999999999999991 21.500000000000004 26.500000000000004 19.500000000000004 254.50000000000003 3.5000000000000004 -3.8999999999999995 3075.0000000000005 11.500000000000002 49.500000000000007 197.50000000000003 1825.0000000000002 -0.44999999999999996 279.32500000000005 4.5000000000000009 0.51914279369309357 0.28333333333333338 52.500000000000007 1825.0000000000002 0.35555555555555762 23775.000000000004 -78.499999999999986 0.71666666666666667
decision_type=2 2 2 2 2 2 2 2 2 2 2 2 2 2 2 2 2 2 2 2 2 2 2 2 2 2 2 2 2 2
left_child=5 2 3 7 6 21 -3 13 -4 10 -8 27 -7 -2 15 -5 29 18 19 -17 22 -1 23 -19 25 -18 -25 28 -6 -9
right_child=1 4 8 14 11 12 9 16 -10 -11 -12 -13 -14 -15 -16 17 24 20 -20 -21 -22 -23 -24 26 -26 -27 -28 -29 -30 -31
leaf_value=-0.052360357653262649 -0.021067821656090981 -0.03251444832174865 0.013772170097284615 -0.0093048973628324164 0.053494787485738576 -0.031035138643633116 0.026695218263092547 -0.006791413603806919 0.038061673345587375 0.056155825574377066 -0.0077814667495966373 0.050553710177894541 0.029117341069031979 -0.076380168252453098 0.0078129448072201714 0.013942549246234729 -0.026116477426307957 0.058540444380026917 0.027231779551702296 -0.024746585957444375 -0.014144907936320138 0.018706973894747934 0.056313683070007274 -0.030147478059546678 -0.050694329185961541 0 0.020057772364407016 0.049856582660135484 0.019410883624855296 0.0060530641861600296
leaf_weight=353.92131942510605 30.512236401438713 23.51580548286438 160.00980822741985 385.85726770758629 33.603003695607185 265.27762398123741 192.74396778643131 1326.1395883411169 162.5367277264595 38.212180018424988 40.985882937908173 262.31617453694344 11.244347169995306 21.734860002994537 867.24189850687981 41.771325975656509 100.02888989448547 14.773089721798895 34.081055447459221 71.850361227989197 24.660570234060287 6.1658950746059409 27.84421107172966 14.99234965443611 25.888204783201218 76.770535156130791 40.811273604631424 66.115007534623146 142.05623319745064 161.46226637065411
leaf_count=1703 133 102 656 1549 152 1167 812 5356 745 176 174 1256 50 97 3535 179 436 61 145 308 108 29 122 65 124 332 178 324 638 649
internal_value=0.000105581 0.00611941 -0.000138149 -0.00272495 0.0342108 -0.0413378 0.0210006 -0.00820026 0.0260356 0.0256569 0.0206274 0.0419379 -0.0285614 -0.0442753 0.00353282 -0.00211276 -0.00707966 0.00811695 -0.00173151 -0.0104794 0.0199679 -0.0511247 0.0285717 0.0174919 -0.0194208 -0.0147871 0.00645026 0.0325523 0.0259862 -0.00539362
internal_weight=5025.12 4388.51 3588.97 3266.42 799.548 636.609 295.458 1742.54 322.547 271.942 233.73 504.09 276.522 52.2471 1523.88 656.642 1690.29 270.784 147.703 113.622 123.081 360.087 98.4209 70.5767 202.688 176.799 55.8036 241.774 175.659 1487.6
internal_count=21361 18412 14778 13377 3634 2949 1264 7127 1401 1162 986 2370 1217 230 6250 2715 6897 1166 632 487 534 1732 426 304 892 768 243 1114 790 6005
is_linear=0
shrinkage=0.05


Tree=15
num_leaves=31
num_cat=0
split_feature=9 13 13 24 7 10 14 10 7 11 7 10 10 0 5 11 0 10 15 7 25 10 4 11 10 13 13 0 0 13
split_gain=561.514 178.651 145.655 65.6821 53.4796 62.886 51.7151 38.996 40.83 36.5113 33.2696 68.7307 42.5947 29.4485 27.2816 25.8133 25.6878 21.472 31.3754 20.9103 18.3859 19.3143 21.593 17.0551 16.878 16.6239 16.5534 18.405 16.0807 16.6239
threshold=1.0000000180025095e-35 -10524.999999999998 16725.000000000004 5.5000000000000009 28.500000000000004 -1.4999999999999998 -2.4999999999999996 -2.4999999999999996 105.50000000000001 5425.0000000000009 30.500000000000004 1.5000000000000002 2.5000000000000004 0.9833333333333335 74.500000000000014 29875.000000000004 1.0500000000000003 3.5000000000000004 3.5000000000000004 22.500000000000004 -2.4999999999999996 -3.4999999999999996 65.500000000000014 24675.000000000004 3.5000000000000004 -374.99999999999994 11925.000000000002 0.68333333333333346 0.28333333333333338 7475.0000000000009
decision_type=2 2 2 2 2 2 2 2 2 2 2 2 2 2 2 2 2 2 2 2 2 2 2 2 2 2 2 2 2 2
left_child=1 9 3 10 25 6 -6 20 28 -1 26 16 14 -7 -13 -4 -12 -14 23 -11 -8 22 -22 -19 -5 -3 -2 -28 -9 -30
right_child=2 4 15 24 5 13 7 8 -10 19 11 12 17 -15 -16 -17 -18 18 -20 -21 21 -23 -24 -25 -26 -27 27 -29 29 -31
leaf_value=-0.059140081430636607 0.0027668765125869084 -0.01036245951015078 0.048706379180679923 0.07017231005332103 -0.037906046737654492 -0.069619194057036121 -0.069917342293484785 -0.040187135298511999 -0.07982457060223537 -0.026718177716383781 0.070038616736781384 -0.02048595758305434 0.051934530224757636 -0.0027730694329720523 0.086468209500873805 0.025104478839277685 0 -0.054686913103013469 0.039438772326311294 -0.056635141163482561 0.019333306180337496 -0.042040142888549986 -0.040415033621799858 0.00405419739331831 0.03209493890688761 0.00045588162123201662 0.026067416875076341 -0.025717630421283989 0.018061585045757812 0.061077783904081667
leaf_weight=188.48262679576874 1290.039396494627 651.24050132930279 335.83401077985764 42.741183370351791 140.46501694619656 88.5332161039114 15.17042702436447 7.0491987317800513 8.8106728792190534 318.56235554814339 78.251223936676979 108.82461453974247 50.062317073345184 20.441693842411041 6.1953603327274314 179.11983412504196 15.828627422451971 15.075280264019964 66.334590867161751 72.130671739578247 54.962761580944061 34.78463289141655 20.731806859374046 65.89826774597168 95.031006649136543 778.8985865265131 141.3608375787735 19.34973831474781 50.581801667809486 41.13915441930294
leaf_count=963 5193 2630 1635 208 608 441 65 29 37 1439 389 453 212 86 26 824 67 63 296 332 226 145 89 277 451 3131 590 79 204 176
internal_value=0.000111093 -0.0167004 0.0168043 0.0106803 -0.00932933 -0.023721 -0.0139495 0.000467139 0.0225722 -0.04103 0.00820466 0.0208493 0.00953904 -0.05714 -0.0146115 0.0405129 0.0583017 0.0236387 0.0139597 -0.0322674 -0.0184223 -0.0112492 0.00287128 -0.00687424 0.0439863 -0.00446734 0.00465725 0.0197892 0.0318285 0.0374554
internal_weight=5001.93 2491.99 2509.95 1994.99 1912.81 482.67 373.695 233.23 107.581 579.176 1857.22 406.47 312.39 108.975 115.02 514.954 94.0799 197.37 147.308 390.693 125.65 110.479 75.6946 80.9735 137.772 1430.14 1450.75 160.711 98.7702 91.721
internal_count=21364 10601 10763 8304 7867 2106 1579 971 446 2734 7645 1783 1327 527 479 2459 456 848 636 1771 525 460 315 340 659 5761 5862 669 409 380
is_linear=0
shrinkage=0.05


Tree=16
num_leaves=31
num_cat=0
split_feature=9 13 12 24 7 10 14 13 11 10 7 7 10 10 0 0 5 10 15 7 20 10 4 13 7 13 0 13 11 4
split_gain=510.485 165.942 156.561 74.453 49.2723 59.2721 47.2621 42.1061 35.5784 35.3961 37.2816 32.039 61.3303 39.1224 28.2341 24.2059 23.4947 20.6002 26.9431 19.746 18.2871 17.8562 20.6121 15.6775 15.3498 15.0231 14.6086 15.4592 14.0855 14.0673
threshold=1.0000000180025095e-35 -10524.999999999998 3775.0000000000005 5.5000000000000009 28.500000000000004 -1.4999999999999998 -2.4999999999999996 11925.000000000002 5425.0000000000009 -2.4999999999999996 105.50000000000001 30.500000000000004 1.5000000000000002 2.5000000000000004 0.9833333333333335 1.0500000000000003 74.500000000000014 3.5000000000000004 3.5000000000000004 22.500000000000004 -200.49999999999997 -3.4999999999999996 65.500000000000014 -5924.9999999999991 101.50000000000001 -374.99999999999994 0.28333333333333338 7475.0000000000009 24775.000000000004 28.500000000000004
decision_type=2 2 2 2 2 2 2 2 2 2 2 2 2 2 2 2 2 2 2 2 2 2 2 2 2 2 2 2 2 2
left_child=1 8 -2 7 25 6 -6 11 -1 20 26 -4 15 16 -7 -13 23 -15 28 -10 -8 22 -22 -14 -23 -3 -11 -28 -19 -9
right_child=2 4 3 -5 5 14 9 29 19 10 -12 12 13 17 -16 -17 -18 18 -20 -21 21 24 -24 -25 -26 -27 27 -29 -30 -31
leaf_value=-0.057834767542721467 0.061072370835271408 -0.0098533779668838316 0.0025746733000046435 0.045211456154343778 -0.036397996062796915 -0.068301089843569085 -0.066710612172971737 0.020399040837638372 -0.025615431291539471 -0.038292703698064812 -0.077029770087543151 0.06860374433112805 -0.046943632232528031 0.050911788374979797 -0.0026363787099405798 0 0.083740985490833295 -0.05084906742261748 0.038700889780137887 -0.054958301138034529 0.01997334445344379 -0.06183641770841778 -0.038756368179718753 -0.0064466320492676688 0.010256608426809297 0.00043308694211264604 0.01715128609572994 0.058774910581484367 0.0035349214046764888 0.050620941941432823
leaf_weight=183.23574748635292 179.34288524091244 650.66312482953072 1289.099885225296 162.53439213335514 139.01219660043716 85.800894260406494 16.389135360717773 444.22909559309483 315.74024072289467 7.033381685614585 8.6807190179824811 70.65012501180172 35.840041801333427 47.786208808422089 20.431923717260361 15.828627422451971 5.6437533199787131 14.811121493577955 55.344640538096428 70.65564851462841 53.813273593783379 23.954369127750397 20.547153502702713 72.539662048220634 10.457693696022032 778.90606413781643 50.607683166861534 40.630357295274734 58.408180147409439 42.42989407479763
leaf_count=963 962 2630 5190 796 608 441 71 1942 1439 29 37 363 153 204 86 67 24 62 249 332 221 99 89 298 45 3131 204 176 245 208
internal_value=0.000106158 -0.0159732 0.0160719 0.0125813 -0.00889496 -0.0228043 -0.0133526 0.0101132 -0.0396541 0.000437361 0.0215698 0.0063288 0.0191532 0.00811738 -0.0557331 0.0560987 -0.0146723 0.0228809 0.0123917 -0.0310068 -0.0175834 -0.0100809 0.00364784 -0.0199156 -0.0398165 -0.00424562 0.0303998 0.035786 -0.00745226 0.0230541
internal_weight=4971.05 2476.56 2494.49 2315.15 1906.93 477.359 371.126 2152.61 569.632 232.114 106.952 1665.95 376.852 290.374 106.233 86.4788 114.023 176.35 128.564 386.396 125.162 108.772 74.3604 108.38 34.4121 1429.57 98.2714 91.238 73.2193 486.659
internal_count=21364 10601 10763 9801 7867 2106 1579 9005 2734 971 446 6855 1665 1235 527 430 475 760 556 1771 525 454 310 451 144 5761 409 380 307 2150
is_linear=0
shrinkage=0.05


Tree=17
num_leaves=31
num_cat=0
split_feature=9 13 12 24 7 10 14 13 10 7 11 5 10 10 0 0 0 5 5 10 17 13 25 10 4 13 11 7 19 4
split_gain=464.214 154.519 148.33 69.3154 46.1281 56.8386 45.4934 38.4574 31.9793 34.094 30.7846 29.637 51.3766 31.4994 27.346 25.6514 23.0683 22.4621 20.3867 19.6221 19.8322 17.4676 16.3663 16.4571 17.8932 15.8525 15.7299 15.4396 14.0808 13.2925
threshold=1.0000000180025095e-35 -11724.999999999998 3775.0000000000005 5.5000000000000009 28.500000000000004 -1.4999999999999998 -2.4999999999999996 11925.000000000002 -2.4999999999999996 105.50000000000001 5425.0000000000009 13.500000000000002 1.5000000000000002 2.5000000000000004 0.9833333333333335 0.68333333333333346 0.25000000000000006 25.500000000000004 74.500000000000014 3.5000000000000004 2.8333333333333335 -5924.9999999999991 -2.4999999999999996 -3.4999999999999996 65.500000000000014 -374.99999999999994 14425.000000000002 24.500000000000004 231.50000000000003 28.500000000000004
decision_type=2 2 2 2 2 2 2 2 2 2 2 2 2 2 2 2 2 2 2 2 2 2 2 2 2 2 2 2 2 2
left_child=1 10 -2 7 25 6 -6 11 22 16 -1 -4 15 18 -7 -13 -10 -17 21 -15 -21 -14 -8 24 -24 26 -3 -12 -25 -9
right_child=2 4 3 -5 5 14 8 29 9 -11 27 12 13 19 -16 17 -18 -19 -20 20 -22 -23 23 28 -26 -27 -28 -29 -30 -31
leaf_value=-0.056596839785692681 0.059910738766832498 -0.024483667040827387 0.0021142631262833136 0.04382657632727005 -0.035564192319749825 -0.067193850110983708 -0.06611295806253413 0.019493755006472609 -0.085167036159604859 -0.074500124534185447 -0.025894224372504382 0.066863841947410671 -0.044322491746700922 0.046457652003834109 -0.0025063724478543406 -0.002559052089006475 0.03420969986539095 0.065787277413904763 0.081016287282576371 -0.013185796200039693 0.027234617150509472 -0.0037245719335642496 0.017334628506746299 -0.058348826984899661 -0.037177535116998582 0.00041142987459344047 -0.0060492384896894463 -0.055070914727465475 0.012021785087675466 0.049169682491502678
leaf_weight=178.01662307977676 173.82157908380032 147.29036745429039 1237.2808417379856 159.37125083804131 141.04062768816948 85.131051406264305 14.662646755576132 441.68690024316311 4.1136853098869315 8.5338037461042386 277.2036230713129 64.039800614118576 37.941403329372406 51.49429976940155 20.422572091221809 36.298006922006607 93.609185010194778 17.774061262607574 5.5476613193750373 53.476012319326401 69.607695013284683 88.423426300287247 56.751042053103447 24.991493210196495 20.357879161834717 778.91309286653996 545.50028271973133 54.781457185745239 9.7257438749074918 41.524274870753288
leaf_count=963 962 609 4984 796 624 451 65 1942 17 37 1288 323 163 221 86 147 392 97 24 223 311 362 233 105 89 3131 2204 266 41 208
internal_value=0.000101653 -0.015279 0.0153773 0.0120136 -0.00886913 -0.0223414 -0.0131668 0.00964574 0.000393636 0.0206257 -0.0397838 0.00603089 0.0174289 0.00660725 -0.0547396 0.0454385 0.0290514 0.0198948 -0.0118038 0.0205462 0.00963618 -0.0159792 -0.0165656 -0.00997102 0.00284835 -0.00447656 -0.00997866 -0.0307389 -0.0385136 0.0220639
internal_weight=4939.33 2461.05 2478.29 2304.47 1951.04 479.34 373.786 2145.09 232.745 106.257 510.002 1661.88 424.602 306.49 105.554 118.112 97.7229 54.0721 131.912 174.578 123.084 126.365 126.489 111.826 77.1089 1471.7 692.791 331.985 34.7172 483.211
internal_count=21364 10601 10763 9801 8084 2140 1603 9005 979 446 2517 6855 1871 1304 537 567 409 244 549 755 534 525 533 468 322 5944 2813 1554 146 2150
is_linear=0
shrinkage=0.05


Tree=18
num_leaves=31
num_cat=0
split_feature=9 13 12 24 13 4 10 14 0 11 4 10 13 4 10 22 4 13 0 21 13 4 23 17 26 0 20 21 6 4
split_gain=422.175 143.778 140.625 64.5399 35.1205 34.6882 37.2664 44.6734 32.843 30.0715 29.2977 26.1307 25.0877 30.1268 39.4935 19.7182 18.0974 14.7752 14.4608 14.1041 14.061 13.899 13.7382 13.4654 13.17 13.1699 12.9655 15.849 12.6533 12.5651
threshold=1.0000000180025095e-35 -11724.999999999998 3775.0000000000005 5.5000000000000009 11925.000000000002 12.500000000000002 -1.4999999999999998 -2.4999999999999996 0.65000000000000002 5425.0000000000009 25.500000000000004 -2.4999999999999996 -16574.999999999996 20.500000000000004 1.5000000000000002 65.500000000000014 50.500000000000007 -374.99999999999994 0.58333333333333337 -206.49999999999997 6475.0000000000009 13.500000000000002 -64.299999999999997 -4.1666666666666652 5.5000000000000009 0.71666666666666667 -6.4999999999999991 -56.499999999999993 -8.4999999999999982 28.500000000000004
decision_type=2 2 2 2 2 2 2 2 2 2 2 2 2 2 2 2 2 2 2 2 2 2 2 2 2 2 2 2 2 2
left_child=1 9 -2 4 12 17 7 18 -8 -1 -10 26 -4 28 -15 -16 20 22 19 -7 -13 -11 -3 -19 -5 -18 -9 -28 -14 -6
right_child=2 5 3 24 29 6 8 11 10 21 -12 16 13 14 15 -17 25 23 -20 -21 -22 -23 -24 -25 -26 -27 27 -29 -30 -31
leaf_value=-0.055418326993065085 0.058814055899586576 -0.018099136484024787 -0.042043157338070611 0.067497865886747527 0.018627126246742766 -0.028632731717403017 -0.063775776424772598 -0.029449696486846384 0.0054574042297049798 -0.025295048976320983 -0.065891208726164649 0.009580281737934411 0.024889821120626945 0.056653526411061805 -0.014369152187800348 0.019829113694862826 -0.069629940219076814 -0.047346281601928969 -0.012840524768480903 -0.069444806562000153 0.04712545322783137 -0.054755906397142666 -0.0036669710023702049 0.0014528989578121245 0.033881883666368767 0.025548906815695906 0.068404740040048415 -0.0073514011772004857 0.0022689459211059099 0.047777235499170477
leaf_weight=172.84607847034931 168.35063257813454 284.20809052884579 26.888228550553322 39.694162338972092 439.19419732689857 51.304547622799873 75.760352522134781 64.902162089943886 47.920936435461044 280.87894049286842 20.389832839369774 55.983476281166077 64.943328082561493 61.622689381241798 55.395794287323952 173.67431929707527 9.098207160830496 14.315101802349089 53.953401118516922 37.066144913434982 45.579241946339607 47.187404617667198 395.40532892942429 725.0920298397541 116.5476311147213 5.8430474847555152 7.9042999744415274 49.856274724006653 1275.3688483685255 40.623759418725967
leaf_count=963 962 1158 124 206 1942 231 395 277 193 1320 112 226 280 334 228 755 40 61 238 163 199 234 1609 2916 590 24 32 210 5134 208
internal_value=9.69342e-05 -0.0146167 0.0147122 0.011471 0.00919952 -0.00845928 -0.019434 -0.0112283 -0.0411045 -0.0385041 -0.0158313 0.00195308 0.00574694 0.00654039 0.0211325 0.0115345 0.0189215 -0.00438998 -0.0333997 -0.0458666 0.0265087 -0.0295632 -0.0097115 0.000495099 0.0424919 -0.0321537 -0.0141249 0.00302941 0.00337052 0.021115
internal_weight=4907.8 2445.49 2462.3 2293.95 2137.71 1944.58 525.562 381.491 144.071 500.912 68.3108 239.167 1657.89 1631 290.693 229.07 116.504 1419.02 142.324 88.3707 101.563 328.066 679.613 739.407 156.242 14.9413 122.663 57.7606 1340.31 479.818
internal_count=21364 10601 10763 9801 9005 8084 2340 1640 700 2517 305 1008 6855 6731 1317 983 489 5744 632 394 425 1554 2767 2977 796 64 519 242 5414 2150
is_linear=0
shrinkage=0.05


Tree=19
num_leaves=31
num_cat=0
split_feature=9 13 13 24 7 11 4 13 11 13 13 13 13 7 4 38 6 25 7 13 11 24 32 32 4 14 13 21 3 21
split_gain=383.833 133.921 112.069 49.676 39.6858 28.0572 25.2429 24.5672 24.2083 18.6752 17.743 17.3177 14.5144 14.0654 13.6568 13.3433 13.1222 12.4412 12.4053 12.3342 14.7618 12.3212 11.9526 12.045 11.2848 11.002 14.8161 12.9234 11.1833 10.4891
threshold=1.0000000180025095e-35 -12124.999999999998 17625.000000000004 5.5000000000000009 28.500000000000004 5425.0000000000009 30.500000000000004 18725.000000000004 27725.000000000004 -10174.999999999998 -17524.999999999996 25375.000000000004 -3624.9999999999995 24.500000000000004 1.5000000000000002 0.133333333333335 -8.4999999999999982 5.5000000000000009 26.500000000000004 11925.000000000002 23275.000000000004 1.5000000000000002 0.66666666666666963 0.71111111111111958 29.500000000000004 -3.4999999999999996 1575.0000000000002 -206.49999999999997 1.0000000180025095e-35 -224.49999999999997
decision_type=2 2 2 2 2 2 2 2 2 2 2 2 2 2 2 2 2 2 2 2 2 2 2 2 2 2 2 2 2 2
left_child=1 5 3 6 12 -1 10 25 -4 21 -2 18 14 -7 -3 -5 -12 19 -10 24 -21 -8 -14 -24 -18 27 -27 -6 -29 -25
right_child=2 4 8 15 7 13 9 -9 11 -11 16 -13 22 -15 -16 -17 17 -19 -20 20 -22 -23 23 29 -26 26 -28 28 -30 -31
leaf_value=-0.054292254425362396 -0.051257556617928163 -0.032278578205348615 0.054583372664974816 -0.047288805532338142 -0.021842008971677235 -0.024020244014357671 -0.068928652342357385 0.021851633112225509 0.017848329159920542 0.027474909382776021 0.023359269983232917 0.051465171357493622 -0.0033948145031572905 -0.053261865978353445 -0.0080133266408186007 0.041883058641146984 0.0026096579316043154 0.078588263199207559 0.049043748722764395 0.050983567344837791 0.01027061325261237 0.010754138445390809 0.030373237356012901 0.029405721108599438 -0.054271553423047583 -0.03139649755933175 -0.0098686432195599274 -0.065730362232227543 0 -0.0075404583695967021
leaf_weight=167.74170851707458 13.865951821207998 71.38381327688694 134.05135871469975 4.2079104185104361 61.820759609341621 257.15170988440514 8.4119725823402423 31.270777702331543 204.8209053426981 199.47355143725872 94.888621687889099 67.763900220394135 940.21051709353924 49.462798520922661 313.80990268290043 125.68960307538509 1340.4970314800739 5.5071168988943091 38.040927588939667 25.797277554869652 164.41996391117573 11.027891680598257 54.818751484155655 25.256525501608849 8.6698652505874616 141.61547683179379 185.81282693147659 43.559949845075607 7.4188244789838782 78.984433576464653
leaf_count=963 66 298 754 21 285 1221 38 144 930 933 419 397 3783 252 1291 651 5423 24 205 119 698 49 220 102 36 656 828 208 33 317
internal_value=9.23134e-05 -0.0139812 0.0140711 0.00902457 -0.00819683 -0.037815 0.00694599 -0.0208352 0.0367783 0.0229037 0.00482919 0.0290632 -0.00417812 -0.0287696 -0.0125303 0.0389218 0.00530961 0.00419631 0.0227734 0.00392183 0.0158423 -0.0236464 -0.00124601 0.0114184 0.00223643 -0.023883 -0.0192016 -0.0373984 -0.0560857 0.00138291
internal_weight=4877.45 2430.32 2447.13 2002.46 1955.96 474.356 1872.56 471.499 444.677 218.913 1653.65 310.626 1484.46 306.615 385.194 129.898 1639.78 1544.89 242.862 1539.38 190.217 19.4399 1099.27 159.06 1349.17 440.228 327.428 112.8 50.9788 104.241
internal_count=21364 10601 10763 8477 8165 2436 7805 2154 2286 1020 6785 1532 6011 1473 1589 672 6719 6300 1135 6276 817 87 4422 639 5459 2010 1484 526 241 419
is_linear=0
shrinkage=0.05


Tree=20
num_leaves=31
num_cat=0
split_feature=10 12 11 24 12 5 10 12 5 10 20 12 11 3 11 12 19 11 6 14 4 11 5 22 11 26 8 21 5 24
split_gain=334.1 118.863 94.1317 61.3857 39.2355 36.107 44.3268 34.9025 29.3561 51.5012 31.3944 30.4104 29.1334 17.7762 15.9918 15.8796 15.6583 15.4086 14.7906 14.4491 13.0867 12.9446 12.8286 11.8061 11.6253 11.5682 11.3232 11.3196 11.3009 12.1838
threshold=1.0000000180025095e-35 3775.0000000000005 13525.000000000002 5.5000000000000009 5325.0000000000009 18.500000000000004 -1.4999999999999998 10575.000000000002 14.500000000000002 1.5000000000000002 179.50000000000003 19675.000000000004 6575.0000000000009 1.0000000180025095e-35 22375.000000000004 5925.0000000000009 179.50000000000003 17275.000000000004 16.500000000000004 -4.4999999999999991 107.50000000000001 29825.000000000004 25.500000000000004 -63.833333333333321 10025.000000000002 5.5000000000000009 0.45476087893149508 176.50000000000003 17.500000000000004 -5.4999999999999991
decision_type=2 2 2 2 2 2 2 2 2 2 2 2 2 2 2 2 2 2 2 2 2 2 2 2 2 2 2 2 2 2
left_child=2 -2 4 8 -1 15 7 -7 11 13 17 14 -6 -10 -3 -4 -12 -11 28 -9 21 -21 -15 -23 -13 -5 -25 -19 29 -17
right_child=1 3 5 25 12 6 -8 19 9 10 16 24 -14 22 -16 18 -18 27 -20 20 -22 23 -24 26 -26 -27 -28 -29 -30 -31
leaf_value=-0.0013588391918372353 0.055304964594449217 -0.00061507071653790161 0.067332423513637954 0.065726168943671018 -0.049311053595813975 0.041510777340084022 -0.058323980778399065 -0.043866875822845347 0.061329953847632991 -0.036689204984929488 0.070061268202343402 -0.052413607323324667 -0.025609442347580353 -0.0081317547934835564 0.017858656966924204 -0.05010005937545027 0.018892642987938954 0.0081898174135059607 -0.053034740820340681 -0.016539587730512766 -0.059721105294870569 -0.015954174612381532 0.063854343218509413 -0.00097313805847007147 0.00044325831763297984 0.033283432699838487 0.061597616465583128 -0.039044964237767286 0.035726246689165499 -0.0028795838318657514
leaf_weight=110.87951673567295 157.78180170059204 151.25096856057644 7.8796343803405753 37.500749781727791 200.2970934510231 26.969996124505997 64.529330253601074 45.05650520324707 81.543208122253418 34.813955530524254 16.514528751373291 10.409614980220793 373.70737592875957 19.079895764589313 511.57083357870579 13.721361532807348 161.22097891569138 91.117873057723045 14.746100455522535 159.18057319521904 13.847670674324034 20.651488319039345 8.9841537624597532 12.940239906311037 1018.3275101184845 110.11692084372044 15.845540419220923 14.622754380106924 18.618833974003792 1300.8697915822268
leaf_count=464 960 614 36 205 1166 124 360 210 440 152 74 48 1726 78 2250 62 734 382 68 687 63 89 52 53 4101 577 65 62 77 5270
internal_value=0.000259037 0.0133491 -0.0129659 0.0104246 -0.0286366 -0.00670314 -0.0208024 -0.0125466 0.00824917 0.0199518 0.00974609 0.0052849 -0.0338959 0.0495069 0.0136361 -0.00296476 0.0237119 -0.00788284 -0.00338436 -0.0180285 -0.0127556 -0.00958706 0.0148805 0.0126863 -9.17739e-05 0.0415979 0.0333907 0.00157981 -0.00282751 -0.00338004
internal_weight=4824.6 2424.86 2399.74 2267.07 684.884 1714.86 359.021 294.492 2119.46 427.897 318.29 1691.56 574.004 109.607 662.822 1355.84 177.736 140.555 1347.96 267.522 222.466 208.618 28.064 49.4373 1028.74 147.618 28.7858 105.741 1333.21 1314.59
internal_count=21249 10729 10520 9769 3356 7164 1651 1291 8987 1974 1404 7013 2892 570 2864 5513 808 596 5477 1167 957 894 130 207 4149 782 118 444 5409 5332
is_linear=0
shrinkage=0.05


Tree=21
num_leaves=31
num_cat=0
split_feature=10 12 11 24 12 5 10 12 11 7 10 17 12 0 19 0 7 10 0 24 4 20 0 0 11 12 7 19 33 7
split_gain=303.671 112.693 86.9437 57.222 36.5103 33.1779 42.0003 31.8079 28.6537 28.3954 54.5171 27.5549 23.3593 15.7078 15.3348 14.9463 33.1802 15.8967 14.4468 12.9816 12.8394 13.0454 14.172 13.4793 12.8184 15.0961 12.4489 14.2239 12.226 11.4107
threshold=1.0000000180025095e-35 3775.0000000000005 13525.000000000002 5.5000000000000009 5325.0000000000009 18.500000000000004 -1.4999999999999998 10575.000000000002 5425.0000000000009 34.500000000000007 1.5000000000000002 2.5833333333333335 19675.000000000004 1.1833333333333336 31.500000000000004 0.25000000000000006 14.500000000000002 -1.4999999999999998 0.35000000000000003 -1.4999999999999998 60.500000000000007 -1.0000000180025095e-35 0.31666666666666671 0.45000000000000007 5125.0000000000009 8225.0000000000018 178.50000000000003 -97.499999999999986 0.69309523809523788 48.500000000000007
decision_type=2 2 2 2 2 2 2 2 2 2 2 2 2 2 2 2 2 2 2 2 2 2 2 2 2 2 2 2 2 2
left_child=2 -2 4 9 29 15 7 -7 -6 12 13 20 14 -11 -3 16 -4 19 -9 -18 21 22 -12 -23 -16 -26 27 28 -20 -1
right_child=1 3 5 -5 8 6 -8 18 -10 10 11 -13 -14 -15 24 -17 17 -19 26 -21 -22 23 -24 -25 25 -27 -28 -29 -30 -31
leaf_value=0.0068166605078928818 0.054330858700009615 -0.019374455819025485 -0.0038765335501536242 0.040383713457067399 -0.050714883763472191 0.039899570764997755 -0.057145512972018843 -0.038780484528075476 -0.025627928838900665 0.064192270257611414 0.03607463686150738 0.027174405123297475 0.00058952544566030459 -0.010556087800370062 -0.0033514450212948133 0.00074350543722965113 -0.051393179923568413 -0.07897168609091787 -0.024157041961226238 -0.0046331004421632229 0.022674517081983172 0.022148071337758771 -0.050966888967064451 -0.016263613415877742 0.03254506126163452 0.012629320649879518 -0.052051503500741142 0.0089899234301293006 0.032972680181436724 -0.032829148293944059
leaf_weight=88.129276394844055 152.71104674041271 35.32632939517498 348.29043480753899 144.55816079676151 159.41877157986164 26.667963489890099 62.617829576134682 60.287738800048828 405.75985692441463 72.093567848205566 5.4328855872154227 136.07583776116371 1074.0969063341618 7.6325407028198233 86.9505605250597 927.22904959321022 28.196161568164825 19.479234844446182 99.787237703800201 31.81031496822834 37.253675013780594 37.717224776744843 28.873054996132851 57.522309318184853 124.77649335563183 408.8075775206089 16.799614936113358 78.814477249979973 10.176711991429327 22.736391887068748
leaf_count=355 960 150 1409 782 967 124 360 264 1925 425 23 641 4335 34 348 3769 119 85 450 131 163 158 122 247 591 1750 78 328 47 109
internal_value=0.000248115 0.0127685 -0.0123941 0.00995199 -0.0275749 -0.00638885 -0.0199921 -0.0120054 -0.0327207 0.00786543 0.0201946 0.0104822 0.0051348 0.0569694 0.0125697 -0.00281849 -0.0105494 -0.039684 -0.0172436 -0.0267371 -0.00311363 -0.0105799 -0.0369724 -0.000991911 0.0143991 0.0173011 -0.0108876 -0.00717231 -0.0187993 -0.00129112
internal_weight=4796.03 2409.83 2386.2 2257.12 676.044 1710.16 355.152 292.534 565.179 2112.56 382.601 302.875 1729.96 79.7261 655.861 1355.01 427.776 79.4857 265.866 60.0065 166.799 129.545 34.3059 95.2395 620.535 533.584 205.578 188.778 109.964 110.866
internal_count=21249 10729 10520 9769 3356 7164 1651 1291 2892 8987 1813 1354 7174 459 2839 5513 1744 335 1167 250 713 550 145 405 2689 2341 903 825 497 464
is_linear=0
shrinkage=0.05


Tree=22
num_leaves=31
num_cat=0
split_feature=9 12 24 12 5 10 14 0 5 5 10 20 12 0 5 25 0 5 19 19 5 19 10 20 6 10 12 0 0 32
split_gain=276.021 106.851 53.2915 33.5467 40.5481 44.3615 27.0558 26.2638 28.3156 25.321 46.3587 27.0162 25.2861 19.0314 17.966 17.1359 17.0529 15.0526 14.7725 13.2918 13.53 13.0941 11.9323 17.3059 13.0033 11.6312 12.9993 11.0821 10.65 10.6365
threshold=1.0000000180025095e-35 3775.0000000000005 5.5000000000000009 4175.0000000000009 18.500000000000004 -1.4999999999999998 -2.4999999999999996 0.25000000000000006 6.5000000000000009 14.500000000000002 1.5000000000000002 179.50000000000003 19675.000000000004 0.71666666666666667 57.500000000000007 -2.4999999999999996 0.28333333333333338 25.500000000000004 179.50000000000003 179.50000000000003 63.500000000000007 31.500000000000004 -1.4999999999999998 10.500000000000002 -1.4999999999999998 3.5000000000000004 16375.000000000002 0.88333333333333341 0.11666666666666668 0.26666666666667105
decision_type=2 2 2 2 2 2 2 2 2 2 2 2 2 2 2 2 2 2 2 2 2 2 2 2 2 2 2 2 2 2
left_child=3 -2 9 -1 7 6 27 8 28 12 13 19 21 -11 15 -8 -17 29 -13 20 -12 -3 23 -10 -25 -4 -27 -6 -5 -15
right_child=1 2 25 4 5 -7 14 -9 22 10 11 18 -14 17 -16 16 -18 -19 -20 -21 -22 -23 -24 24 -26 26 -28 -29 -30 -31
leaf_value=0.047585577579397347 0.053394151678539371 -0.017076042101934735 0.062901564060917001 -0.0273908314120479 -0.038717751130839174 -0.058465143082651029 -0.050578881405010212 -0.0053272540199018189 -0.04599780708705823 0.063996848244047638 -0.019726689916484096 0.067606691438152205 -0.00013203877874077487 -0.042667612898189315 -0.034221296953634663 -0.036570656331515211 0.013598529611274597 0.062096560804656253 0.017291999886375111 0.038723867999486149 0.025083395590437318 0.014104547540751739 -0.074250649369508911 0.051322624387688788 -0.029477737260756406 0.054417890970107401 0.017120525707510905 0.0097746606131015826 -0.009270509221413429 0.022784241650980211
leaf_weight=23.377527266740799 147.74868699908257 35.371407955884933 38.170148178935051 102.59154818952084 135.57634764909744 85.647548362612724 14.230734065175055 1311.8372443318367 60.254805892705917 65.014179050922394 106.14955063164234 16.085683241486549 1028.3573827892542 10.058492779731752 45.039715424180031 19.475372582674026 124.2553943246603 13.605551511049269 159.34012897312641 13.875338464975355 19.842112585902214 622.12847998738289 22.46312004327774 9.1357443779706973 10.652681037783621 36.410625666379929 67.004153117537498 12.687100782990454 395.69250690937042 15.818795576691626
leaf_count=110 960 150 220 485 665 505 70 5634 276 378 450 74 4149 41 207 84 526 86 734 60 86 2714 107 38 45 202 360 57 1711 65
internal_value=0.000237428 0.012213 0.00950098 -0.0118474 -0.0124429 -0.0261909 -0.018293 -0.0092985 -0.0179592 0.00750039 0.018491 0.0088992 0.00475976 0.0473477 -0.00639782 0.00152051 0.00674519 0.0197138 0.02197 -0.00746288 -0.0126157 0.0124172 -0.0419026 -0.0326809 0.00764454 0.0391922 0.0303405 -0.0345307 -0.0130161 -0.00253071
internal_weight=4767.9 2394.98 2247.23 2372.92 2349.54 436.912 351.265 1912.63 600.79 2105.65 419.79 315.293 1685.86 104.497 203.001 157.962 143.731 39.4828 175.426 139.867 125.992 657.5 102.506 80.0432 19.7884 141.585 103.415 148.263 498.284 25.8773
internal_count=21249 10729 9769 10520 10410 2114 1609 8296 2662 8987 1974 1404 7013 570 887 680 610 192 808 596 536 2864 466 359 83 782 562 722 2196 106
is_linear=0
shrinkage=0.05


Tree=23
num_leaves=31
num_cat=0
split_feature=9 13 13 7 5 10 24 10 0 10 17 5 11 13 20 10 13 0 7 11 7 10 24 11 13 4 13 7 16 10
split_gain=250.663 98.5868 97.6395 45.5264 32.4126 46.8268 29.0942 35.1376 55.2919 28.7905 26.7372 25.3028 21.711 27.939 21.099 22.7994 20.2652 18.2873 25.8876 17.2719 16.3013 16.1241 15.7226 15.1599 14.3038 14.2765 12.9188 12.8927 13.119 11.8635
threshold=1.0000000180025095e-35 11925.000000000002 -15474.999999999998 20.500000000000004 18.500000000000004 -1.4999999999999998 4.5000000000000009 1.5000000000000002 0.71666666666666667 2.5000000000000004 -1.8333333333333333 63.500000000000007 23275.000000000004 20375.000000000004 179.50000000000003 3.5000000000000004 -374.99999999999994 0.25000000000000006 12.500000000000002 5425.0000000000009 48.500000000000007 -1.4999999999999998 -1.4999999999999998 19925.000000000004 18125.000000000004 28.500000000000004 5475.0000000000009 144.50000000000003 -2.4999999999999996 3.5000000000000004
decision_type=2 2 2 2 2 2 2 2 2 2 2 2 2 2 2 2 2 2 2 2 2 2 2 2 2 2 2 2 2 2
left_child=2 3 19 -2 17 10 7 8 -5 11 -6 16 -3 25 15 -11 -9 18 23 -1 -10 22 -20 -4 27 -14 -24 28 -12 -8
right_child=1 12 4 6 5 -7 29 9 20 14 24 -13 13 -15 -16 -17 -18 -19 21 -21 -22 -23 26 -25 -26 -27 -28 -29 -30 -31
leaf_value=-0.049732614611553365 -0.00050414200894277562 0.055442768726498254 -0.022429190119680933 0.06863848350671975 -0.027719774630323404 -0.056599084831261338 0.051803910975764589 -0.040986704252191364 -0.004219131256758938 0.033723003411403399 0.064618857498378909 0.068469110563314436 0.011529590010843249 0.037484773745815395 0.029050176072980327 -0.023782596382610655 -0.0027660202080675208 -0.00077562984940624717 -0.049110648501496934 -0.026010076480289981 0.060840793761337955 -0.075203826776988919 -0.025352682413211571 -0.00084680882798535161 0.043015423684523435 0.047301056349297092 0.035742268441877133 -0.041100742110420758 -0.0021500773744896054 0.023494925399003441
leaf_weight=149.14699546992779 1118.4311494231224 67.388385027647018 112.61796869337559 57.668739050626755 149.40292991697788 72.021007061004639 63.317696943879128 63.635373160243034 70.382917448878288 25.372572734951973 7.6780628859996787 8.4283469021320325 277.80343893170357 258.4550988227129 105.97526746988297 53.066467642784119 76.779673650860786 1152.0968557447195 34.098219409584999 161.72939611971378 11.037279561161993 20.666602104902267 22.385406851768494 294.4485729187727 18.010651648044586 31.072843417525291 13.952660351991652 20.207928523421288 134.65144728124142 92.255458816885948
leaf_count=946 4527 405 503 332 705 438 333 274 284 107 32 37 1243 1461 467 220 314 4736 148 834 73 94 92 1185 88 170 59 95 565 482
internal_value=0.000228296 0.0116787 -0.011307 0.00554078 -0.00734733 -0.0200808 0.0163141 0.0101185 0.0312193 0.00129007 -0.0120798 -0.0150462 0.0285549 0.0253432 0.0145034 -0.00509842 -0.0201399 -0.00424166 -0.0122456 -0.0374197 0.00460284 -0.0363367 -0.0247715 -0.00683406 0.000842798 0.0151585 -0.00172324 -0.00382315 0.00145955 0.0350746
internal_weight=4744.19 2381.07 2363.11 1746.35 2052.24 401.972 627.92 472.347 139.089 333.258 329.951 148.843 634.72 567.331 184.414 78.439 140.415 1650.27 498.169 310.876 81.4202 91.1029 70.4363 407.067 180.548 308.876 36.3381 162.537 142.33 155.573
internal_count=21249 10729 10520 7450 8740 1923 2923 2108 689 1419 1485 625 3279 2874 794 327 588 6817 2081 1780 357 393 299 1688 780 1413 151 692 597 815
is_linear=0
shrinkage=0.05


Tree=24
num_leaves=31
num_cat=0
split_feature=10 12 13 15 13 7 10 7 0 10 14 17 0 7 10 27 13 12 7 31 7 13 20 4 21 13 12 0 42 27
split_gain=227.855 97.4408 91.4951 46.656 32.5783 30.8563 49.78 24.3366 23.4634 55.2656 25.9411 22.7545 19.9932 27.6512 20.992 19.6953 18.1853 17.8716 15.5113 15.4025 15.0451 13.4473 12.215 11.8443 11.5439 11.2559 10.1021 10.059 9.8764 10.2573
threshold=1.0000000180025095e-35 3775.0000000000005 -16574.999999999996 5.5000000000000009 11625.000000000002 42.500000000000007 -1.4999999999999998 16.500000000000004 0.45000000000000007 1.5000000000000002 3.5000000000000004 -1.8333333333333333 0.28333333333333338 12.500000000000002 -1.4999999999999998 1.1666666666666667 -6574.9999999999991 4325.0000000000009 50.500000000000007 0.64583333333333337 144.50000000000003 -374.99999999999994 -1.0000000180025095e-35 28.500000000000004 -32.499999999999993 7475.0000000000009 8025.0000000000009 0.35000000000000003 1.0000000180025095e-35 2.1666666666666674
decision_type=2 2 2 2 2 2 2 2 2 2 2 2 2 2 2 2 2 2 2 2 2 2 2 2 2 2 2 2 2 2
left_child=2 -2 -1 4 7 12 11 -3 9 -9 16 -7 13 21 15 19 27 -13 22 -15 -19 -4 24 26 -18 28 -6 -11 29 -14
right_child=1 3 5 -5 23 6 -8 8 -10 10 -12 17 25 14 -16 -17 18 20 -20 -21 -22 -23 -24 -25 -26 -27 -28 -29 -30 -31
leaf_value=-0.03873419305102483 0.051775405712015582 -0.0019734965242421995 -0.014263389985187242 0.037294666675342973 0.028565378214960753 -0.027669351993685809 -0.06108728575304391 0.072445326695680892 0.0046559577853056621 -0.065100591762706148 0.043002049262737041 0.057494903497736206 0.0021846010439400556 -0.041780954943491794 -0.072263871786506714 0.022488380209646289 -0.0093540444463330649 0.0021784262326792004 0.048870778465283336 0.0216606914559722 -0.041933065953099369 0.0022429620924456074 0.0094971211275686404 0.044945028128871391 -0.09272078748826626 0.029481559040400993 0.011287125525061059 0.0082527483016924166 -0.010575345650725675 -0.026388359184074551
leaf_weight=260.72992613911629 139.02303619682789 909.69017539918423 258.6367733925581 133.45305329561234 116.98323121666908 129.76999366283417 62.854446321725845 46.685396000742912 513.56896814703941 15.389596581459047 43.699003726243973 12.530414804816244 819.9855575710535 69.264517650008202 26.430564120411873 19.728941828012466 12.767859354615213 128.54256227612495 18.049571588635445 10.923906803131102 22.618042960762978 234.96926629543304 52.660767540335655 38.730565682053566 6.1910281628370276 30.241757646203041 313.01832740008831 6.5000394731760016 230.48429697751999 32.546336740255356
leaf_count=1556 960 3666 1115 745 581 625 408 252 2241 70 202 63 3385 300 126 83 52 545 77 48 107 944 216 220 25 129 1393 29 952 134
internal_value=0.000218641 0.0111715 -0.0108073 0.00863271 0.00680191 -0.00731857 -0.0207212 0.00344825 0.0103477 0.0247883 0.0103884 -0.0120405 -0.00455933 -0.0117551 -0.032627 -0.0220303 -0.00236909 0.00032838 0.00756811 -0.0330599 -0.00441225 -0.00639695 -0.00282489 0.0184159 -0.0371835 -0.000546913 0.0160049 -0.0431528 -0.00139268 0.00108497
internal_weight=4716.67 2366.41 2350.26 2227.39 2093.93 2089.53 356.315 1625.2 715.512 201.943 155.258 293.461 1733.21 619.954 126.348 99.9174 111.559 163.691 89.6692 80.1884 151.161 493.606 71.6197 468.732 18.9589 1113.26 430.002 21.8896 1083.02 852.532
internal_count=21249 10729 10520 9769 9024 8964 1748 6830 3164 923 671 1340 7216 2616 557 431 469 715 370 348 652 2059 293 2194 77 4600 1974 99 4471 3519
is_linear=0
shrinkage=0.05


Tree=25
num_leaves=31
num_cat=0
split_feature=10 11 25 11 34 7 10 14 11 4 10 0 32 20 10 7 4 27 0 7 22 10 24 20 0 7 10 10 28 10
split_gain=236.654 72.8885 41.6375 29.2976 22.3689 21.5161 42.0234 22.7929 20.4772 27.0008 22.5227 18.96 14.7763 17.7943 14.4687 17.9198 12.8125 12.7182 14.7108 11.8634 11.5355 11.0423 18.5252 17.5785 13.7522 13.4696 18.0808 14.8147 10.956 10.7039
threshold=1.0000000180025095e-35 13525.000000000002 4.5000000000000009 3125.0000000000005 0.15476190476190479 28.500000000000004 -1.4999999999999998 -3.4999999999999996 15975.000000000002 28.500000000000004 1.5000000000000002 0.9833333333333335 0.23333333333334141 -87.499999999999986 1.5000000000000002 20.500000000000004 63.500000000000007 0.83333333333333337 0.25000000000000006 50.500000000000007 47.416666666666679 3.5000000000000004 1.0000000180025095e-35 100.50000000000001 0.9833333333333335 28.500000000000004 1.5000000000000002 2.5000000000000004 -2.5499999999999994 -3.4999999999999996
decision_type=2 2 2 2 2 2 2 2 2 2 2 2 2 2 2 2 2 2 2 2 2 2 2 2 2 2 2 2 2 2
left_child=1 3 8 -1 -4 -3 7 29 14 12 -11 -8 13 28 15 -2 -12 -9 -19 -5 -16 24 23 -23 25 -14 -27 -28 -10 -7
right_child=2 5 4 19 -6 6 11 17 9 10 16 -13 21 -15 20 -17 -18 18 -20 -21 -22 22 -24 -25 -26 26 27 -29 -30 -31
leaf_value=-0.051170060328586876 -0.0022045651183455854 -0.0028379515042873528 0.0033329403559569947 -0.018632169466240408 0.034120459783318562 -0.016462294869167945 -0.062053216864233464 -0.0088021824223785509 0.056017005922001678 0.06038722326662295 0.009235918338864146 -0.0060913202289910101 0.011405147464708065 0.0070951689543737734 -0.044205172573998711 0.067046936671359719 0.043551723585373452 -0.040705931089698805 0.02275544797733503 -0.041774354584125921 -0.0086190350338282897 -0.09153666915389419 0.0041916576848028929 0.020401520152348189 -0.029601074506204653 0.063921096390416959 -0.010532808901133821 0.06170639092466558 -0.024380750836612307 -0.054206916872377386
leaf_weight=95.77830570936203 44.683596163988113 1291.6504177749157 76.663776010274887 502.87126928567886 261.76230636239052 50.11591936647892 61.114771828055382 154.4655360430479 4.3180450946092597 41.516652464866638 103.25646494328976 20.409833669662476 1014.324909850955 149.18320772051811 32.042217239737511 11.668008551001547 37.157343685626984 10.233041569590567 76.152457371354103 62.736593753099442 80.141336262226105 9.8499457687139493 305.82412430644035 5.2691407799720755 19.293949142098427 29.351323828101158 24.377416893839836 9.8602767288684827 90.276697173714638 30.637390553951263
leaf_count=641 179 5251 363 2433 1378 245 402 680 20 290 480 91 4491 645 145 72 176 43 334 350 337 40 1310 22 79 180 100 45 370 146
internal_value=-0.000289487 -0.0114888 0.0109332 -0.0255674 0.027164 -0.00599054 -0.016076 -0.00792286 0.00819997 0.00972612 0.0280191 -0.0481289 0.00771903 -0.00363615 -0.00846309 0.0121393 0.0183769 -0.000190791 0.0151418 -0.0212148 -0.0188581 0.00967461 0.0014985 -0.0523189 0.0120613 0.0128143 0.0351608 0.0102452 -0.0206027 -0.0308936
internal_weight=4706.99 2356.17 2350.82 661.386 338.426 1694.78 403.129 321.604 2012.39 1843.86 181.93 81.5246 1661.93 243.778 168.535 56.3516 140.414 240.851 86.3855 565.608 112.184 1418.15 320.943 15.1191 1097.21 1077.91 63.589 34.2377 94.5947 80.7533
internal_count=21338 10616 10722 3424 1741 7192 1941 1448 8981 8248 946 493 7302 1035 733 251 656 1057 377 2783 482 6267 1372 62 4895 4816 325 145 390 391
is_linear=0
shrinkage=0.05


Tree=26
num_leaves=31
num_cat=0
split_feature=9 12 13 25 11 13 12 7 10 12 35 13 7 14 16 14 28 25 7 22 10 13 31 7 4 5 3 7 14 18
split_gain=214.837 86.1183 79.8543 36.4594 26.4605 25.8629 21.7952 24.6345 44.7643 20.1811 20.1031 19.6002 19.7981 15.6838 14.1615 13.7601 12.9579 19.0938 12.469 12.1587 11.6167 11.1639 10.9284 10.5288 10.4273 10.0827 9.31261 9.89605 10.892 15.0377
threshold=1.0000000180025095e-35 3775.0000000000005 -10924.999999999998 4.5000000000000009 5425.0000000000009 8725.0000000000018 3275.0000000000005 34.500000000000007 -1.4999999999999998 8025.0000000000009 0.19090909090909094 -17524.999999999996 94.500000000000014 -4.4999999999999991 1.5000000000000002 5.5000000000000009 -2.6333333333333329 -1.4999999999999998 179.50000000000003 -81.583333333333329 -3.4999999999999996 8575.0000000000018 0.16025641025641027 24.500000000000004 28.500000000000004 65.500000000000014 1.0000000180025095e-35 22.500000000000004 -2.4999999999999996 -3.0999999999999996
decision_type=2 2 2 2 2 2 2 2 2 2 2 2 2 2 2 2 2 2 2 2 2 2 2 2 2 2 2 2 2 2
left_child=2 -2 4 5 -1 11 -4 26 13 -7 14 -3 15 20 -5 16 17 -13 19 25 -9 -21 -18 -6 -11 -15 27 -8 29 -29
right_child=1 3 6 10 23 9 7 8 -10 24 -12 12 -14 18 -16 -17 22 -19 -20 21 -22 -23 -24 -25 -26 -27 -28 28 -30 -31
leaf_value=-0.0474577159565907 0.049749883322163874 -0.049818366657289406 0.056623564918525618 -0.01318851173103424 -0.017947082344939452 0.034001464814745565 -0.003665346331393099 -0.017568913768651825 -0.05462281036040089 0.0076501824018917752 0.036218572761327193 0.059968915884845368 0.030917801193834332 -0.018761421541717595 0.02051247805516232 0.057864581535397079 -0.0084530749209653349 -0.0514889579619245 -0.041646591999886053 0.00017861985577914284 -0.068746702293466758 0.034218870190143719 0.0025633530395145314 -0.043014129099314159 0.036023506130837261 0.052014254358734559 0.014004492630111201 0.01824293529746723 -0.0089912588145095607 -0.069117392733345509
leaf_weight=139.8871186375618 131.4444130808115 18.110769137740135 13.55624946951866 43.565912291407585 293.14800725877285 107.21749764680862 1323.5424357652664 31.901852369308472 68.854404903948307 420.04081742465496 161.17170394957066 18.763956472277645 58.093034960329533 93.114678025245667 107.81654557585716 10.480227112770079 297.28072132915258 4.6957189589738837 21.085073336958885 103.09221631288528 17.303630039095879 31.450256019830704 926.22251684963703 49.340726390480995 35.143116414546967 5.190930262207984 69.441907227039337 6.3593770712614086 57.120757848024368 20.08219039440155
leaf_count=961 951 92 70 184 1460 549 5366 159 462 1831 904 97 289 431 490 65 1207 20 103 428 87 139 3850 278 193 25 280 29 248 90
internal_value=-0.000276891 0.0104395 -0.0109752 0.00809556 -0.0291063 0.00548317 -0.00627435 -0.00674136 -0.0182429 0.0144759 0.0239203 0.0016864 0.00240299 -0.0099478 0.0107785 0.00107929 0.000593422 0.0373233 -0.00491226 -0.00154794 -0.0357705 0.00819241 -0.00010975 -0.0215845 0.0098592 -0.0149243 -0.00383931 -0.0047244 -0.0214145 -0.0479287
internal_weight=4684.52 2340.05 2344.47 2208.6 482.376 1896.05 1862.1 1848.54 371.993 562.401 312.554 1333.65 1315.54 303.139 151.382 1257.44 1246.96 23.4597 253.933 232.848 49.2055 134.542 1223.5 342.489 455.184 98.3056 1476.55 1407.1 83.5623 26.4416
internal_count=21338 10722 10616 9771 2699 8193 7917 7847 1834 2573 1578 5620 5528 1372 674 5239 5174 117 1126 1023 246 567 5057 1738 2024 456 6013 5733 367 119
is_linear=0
shrinkage=0.05


Tree=27
num_leaves=31
num_cat=0
split_feature=9 12 13 25 11 13 34 12 7 10 12 13 4 14 14 28 25 7 0 22 13 10 0 7 10 24 13 40 20 21
split_gain=195.189 81.5712 74.06 33.5263 25.7092 23.5978 20.1928 20.1038 22.7032 42.5786 19.0652 17.9589 19.3098 14.4973 13.2498 12.1437 17.6374 11.4855 11.2335 13.3589 13.4116 11.1098 10.7076 25.7138 20.9279 27.0945 11.7323 12.3323 10.6597 11.2931
threshold=1.0000000180025095e-35 3775.0000000000005 -10924.999999999998 4.5000000000000009 5425.0000000000009 8425.0000000000018 0.15476190476190479 3275.0000000000005 34.500000000000007 -1.4999999999999998 8025.0000000000009 -17524.999999999996 63.500000000000007 -4.4999999999999991 5.5000000000000009 -2.6333333333333329 -1.4999999999999998 179.50000000000003 0.31666666666666671 -81.583333333333329 7775.0000000000009 -3.4999999999999996 0.28333333333333338 12.500000000000002 -1.4999999999999998 -1.4999999999999998 2875.0000000000005 1.0000000180025095e-35 10.500000000000002 34.500000000000007
decision_type=2 2 2 2 2 2 2 2 2 2 2 2 2 2 2 2 2 2 2 2 2 2 2 2 2 2 2 2 2 2
left_child=2 -2 4 5 -1 11 -5 -4 22 13 -7 -3 14 21 15 16 -13 18 -15 -20 -21 -10 23 26 25 -25 27 -9 -27 -30
right_child=1 3 7 6 -6 10 -8 8 9 -11 -12 12 -14 17 -16 -17 -18 -19 19 20 -22 -23 -24 24 -26 28 -28 -29 29 -31
leaf_value=-0.046541778847494296 0.04891273651189193 -0.048296979750320698 0.055167039361367479 -0.00022412074155135593 -0.020719623086182398 0.032823555363591495 0.030007413803089075 -0.0043272137831641367 -0.016826902340334425 -0.053710971069388859 0.0093188136591015273 0.058186601096486157 0.039269021517703527 -0.032090081444210564 0.057042008887243895 1.4422293623077465e-06 -0.049007377440363542 -0.040258063031521879 -0.012146205385821047 0.0038525253349099408 0.043266533024782255 -0.067455897186078084 -0.00046108023796292811 -0.046395692067585537 -0.07100561887474939 -0.018322850819752323 0.014272013243868724 -0.034537205399436527 0.097753994277372844 0.013591189926802617
leaf_weight=135.61903300881386 127.12127844244242 17.759383991360664 13.229449465870855 71.538164526224136 339.07869286835194 105.55832247436047 237.48037873208523 310.45600137114525 31.654058575630188 66.581722095608711 478.51323822140694 18.666183650493625 34.071757085621357 26.45443657040596 10.422941103577612 1221.5200995281339 4.6919601112604132 20.734185352921486 88.655645936727524 88.401754051446915 28.618112564086914 16.768493443727493 946.89221653342247 42.467137262225151 25.278647676110268 16.939899146556854 73.872297242283821 37.918361112475395 5.2338634282350567 16.729241505265236
leaf_count=961 951 92 70 328 1738 549 1250 1260 159 462 2128 99 168 117 67 5070 20 103 412 366 128 87 3830 189 124 69 297 154 21 69
internal_value=-0.000264526 0.00997768 -0.0104902 0.00772376 -0.0281157 0.00522477 0.0229948 -0.00598048 -0.00642494 -0.01754 0.0135802 0.00148669 0.00217996 -0.00951481 0.00116625 0.00068986 0.0363242 -0.00468617 -0.00147134 0.00245629 0.0135629 -0.0345654 -0.0036499 -0.00934828 -0.0312794 -0.0188046 -0.0037911 -0.0076387 0.0112278 0.0342262
internal_weight=4658.93 2327.34 2331.58 2200.22 474.698 1891.2 309.019 1856.89 1843.66 367.868 584.072 1307.13 1289.37 301.287 1255.3 1244.88 23.3581 252.864 232.13 205.676 117.02 48.4226 1475.79 528.895 106.649 81.3701 422.247 348.374 38.903 21.9631
internal_count=21338 10722 10616 9771 2699 8193 1578 7917 7847 1834 2677 5516 5424 1372 5256 5189 119 1126 1023 906 494 246 6013 2183 472 348 1711 1414 159 90
is_linear=0
shrinkage=0.05


Tree=28
num_leaves=31
num_cat=0
split_feature=9 12 13 25 11 13 34 12 7 10 12 13 5 10 0 10 10 5 5 22 12 17 6 37 10 10 21 10 37 32
split_gain=177.331 77.2544 68.8082 30.7453 29.1219 21.4527 18.66 18.2253 21.476 40.4653 17.7135 16.5345 17.5398 28.912 22.0474 18.8047 25.378 18.6449 17.7399 14.6492 14.0752 11.3315 11.207 11.0076 10.5169 17.1541 19.3224 12.4556 10.3756 11.7772
threshold=1.0000000180025095e-35 3775.0000000000005 -9124.9999999999982 4.5000000000000009 7675.0000000000009 8425.0000000000018 0.15476190476190479 3275.0000000000005 34.500000000000007 -1.4999999999999998 8025.0000000000009 -17524.999999999996 13.500000000000002 1.5000000000000002 0.68333333333333346 2.5000000000000004 3.5000000000000004 63.500000000000007 25.500000000000004 -43.583333333333321 27875.000000000004 -4.1666666666666652 34.500000000000007 0.53333333333334421 -3.4999999999999996 -4.4999999999999991 -189.49999999999997 -5.4999999999999991 0.66666666666667296 0.49743589743590405
decision_type=2 2 2 2 2 2 2 2 2 2 2 2 2 2 2 2 2 2 2 2 2 2 2 2 2 2 2 2 2 2
left_child=2 -2 4 5 -1 11 -5 -4 -9 19 -7 -3 23 14 -14 17 -17 -15 -16 20 24 -6 -18 -13 25 27 -27 -10 29 -25
right_child=1 3 7 6 21 10 -8 8 9 -11 -12 12 13 15 18 16 22 -19 -20 -21 -22 -23 -24 28 -26 26 -28 -29 -30 -31
leaf_value=-0.040491300198186232 0.048093706350408591 -0.046831055167484849 0.053773164973028288 -0.00021291743635582273 -0.05773998268350327 0.031682572217750005 0.028889147160599312 -0.0028087720798758075 -0.015228026946776588 -0.052736400647592274 0.0088762258581303235 -0.0060412775915721787 0.061140300011871089 -0.017305918956078286 -0.0073046471747542753 0.048659701842563678 -0.0066155875369586104 0.067917012129319429 0.059791489045871393 0.0038293674883258504 0.021303678383349872 -0.014741284784449233 0.066723479276071113 0.0045940034919307021 -0.042215248318700993 0.080352697656152133 -0.019404741726388581 -0.070286631327963187 -0.0023521162934465618 0.030678787159406914
leaf_weight=201.9669029712677 122.93035298585892 17.41159975528717 12.904654443264006 71.542455717921257 16.056002676486969 103.9373105019331 234.42245221138 1392.2683731019497 57.641409873962402 63.545880064368248 477.29128669202328 536.47370508313179 44.555873312056065 103.96928010880947 33.855274304747581 40.378494024276733 66.198274224996567 6.7230289727449408 13.73089452087879 129.23188178241253 19.090338438749313 341.9463090673089 5.5514152050018302 133.57302594184875 51.698977619409561 9.1196149438619631 10.061654329299925 12.548924982547758 238.79449932277203 64.362405464053154
leaf_count=1375 951 92 70 328 85 549 1250 5667 277 456 2128 2161 293 433 138 187 296 31 99 557 90 1638 25 538 249 44 47 61 963 260
internal_value=-0.00025334 0.00953163 -0.0100304 0.00736541 -0.0252951 0.00497719 0.0220702 -0.00516452 -0.00560625 -0.0166236 0.0129679 0.00141527 0.00207486 0.0123301 0.0358753 0.00255937 0.0170024 -0.012028 0.0120357 -0.00866109 -0.0187668 -0.0166993 -0.000786642 -0.00123988 -0.024236 -0.013744 0.0279357 -0.0252288 0.00464669 0.0131124
internal_weight=4633.78 2315.7 2318.08 2192.77 559.969 1886.81 305.965 1758.11 1745.21 352.939 581.229 1305.58 1288.17 314.963 92.142 222.82 112.128 110.692 47.5862 289.393 160.161 358.002 71.7497 973.204 141.071 89.3716 19.1813 70.1903 436.73 197.935
internal_count=21338 10722 10616 9771 3098 8193 1578 7518 7448 1781 2677 5516 5424 1502 530 972 508 464 237 1325 768 1723 321 3922 678 429 91 338 1761 798
is_linear=0
shrinkage=0.05


Tree=29
num_leaves=31
num_cat=0
split_feature=9 12 13 4 10 15 13 12 12 7 10 13 31 13 4 19 15 7 22 10 10 10 21 8 23 28 17 19 7 12
split_gain=161.095 73.1119 63.593 29.9324 31.4789 26.2304 21.043 18.5669 17.128 19.2372 38.5764 14.4062 13.9916 13.7751 13.6935 14.4509 12.4366 10.5973 10.2306 10.2119 10.2493 9.80367 9.30699 9.07463 8.96486 9.843 8.94687 8.79315 10.1349 8.71635
threshold=1.0000000180025095e-35 3775.0000000000005 -10924.999999999998 20.500000000000004 1.5000000000000002 3.5000000000000004 8425.0000000000018 8025.0000000000009 3275.0000000000005 34.500000000000007 -1.4999999999999998 -17874.999999999996 0.10555555555555557 -15874.999999999998 70.500000000000014 369.50000000000006 -4.4999999999999991 179.50000000000003 251.16666666666671 5.5000000000000009 6.5000000000000009 7.5000000000000009 304.50000000000006 0.24795081967213117 -256.79999999999995 1.7750000000000001 0.83333333333333337 27.500000000000004 14.500000000000002 28375.000000000004
decision_type=2 2 2 2 2 2 2 2 2 2 2 2 2 2 2 2 2 2 2 2 2 2 2 2 2 2 2 2 2 2
left_child=2 -2 11 6 -5 13 12 -8 -4 -10 16 -1 -3 -6 15 22 -11 -18 23 -7 -21 -22 26 -14 -13 29 -15 28 -9 -26
right_child=1 3 8 4 5 19 7 27 9 10 -12 24 18 14 -16 -17 17 -19 -20 20 21 -23 -24 -25 25 -27 -28 -29 -30 -31
leaf_value=-0.037003288599816372 0.047290402651172486 -0.0090784684026198135 0.052434882540000428 0.050970687091561932 -0.05695364289703421 0.041686184820568559 0.029864715871326927 -0.053062721875702559 -0.0032980403621431574 -0.032396270926092478 -0.05198047270520615 -0.051537309614544294 0.022369982070579733 -0.017483290864427015 0.039394018378380559 0.062243058202255064 -0.0011902863946310358 -0.038781174327923607 0.012440921979010871 -0.020556168511265391 0.065308154835227381 0.015321126057042707 -0.039549698141333266 -0.0013305246857925937 -0.015782365120581513 -0.057842247239373749 0.010260428288568947 0.0090031585362705842 0.015362755423189073 0.036151490993208739
leaf_weight=185.56330969929695 118.87273681908846 294.8480733782053 12.58309358358383 65.876997165381908 9.9024495929479581 73.524377569556236 115.42385542392731 12.356388553977014 1473.5238306224346 46.623082116246223 62.23785026371479 19.588084414601326 43.179634667932987 48.783743321895599 22.8022281229496 8.1081186681985837 231.17496885359287 20.339861333370209 234.72473786026239 15.435795053839682 11.991184964776037 55.446529179811478 17.908994749188423 603.42766454070807 233.33680321276188 13.515366092324255 71.477507039904594 469.3200635612011 9.3492520898580533 8.2210935652255994
leaf_count=1265 951 1187 70 459 52 413 610 52 6013 243 462 114 185 206 109 45 1026 103 1009 87 68 321 78 2467 1204 77 315 2066 42 39
internal_value=-0.000241392 0.00911259 -0.00958153 0.00703015 0.01937 0.0131346 0.0042488 0.0118136 -0.00543274 -0.00583536 -0.0161924 -0.0262114 0.000343384 3.32255e-05 0.00343199 -0.00216278 -0.00868977 -0.00426432 0.00350179 0.0280863 0.0159247 0.024367 -0.0060207 0.000247649 -0.0188912 -0.0163454 -0.000957391 0.00755501 -0.0234253 -0.0139799
internal_weight=4609.47 2302.76 2306.71 2183.89 401.258 335.381 1782.63 606.45 1846.48 1833.9 360.376 460.225 1176.18 178.983 169.081 146.278 298.138 251.515 881.332 156.398 82.8735 67.4377 138.17 646.607 274.661 255.073 120.261 491.026 21.7056 241.558
internal_count=21338 10722 10616 9771 2153 1694 7618 2770 7917 7847 1834 2699 4848 805 753 644 1372 1129 3661 889 476 389 599 2652 1434 1320 521 2160 94 1243
is_linear=0
shrinkage=0.05


Tree=30
num_leaves=31
num_cat=0
split_feature=12 13 9 7 11 7 10 10 17 11 12 10 7 17 13 10 19 7 11 6 19 10 12 10 10 10 10 34 19 23
split_gain=121.434 98.7963 41.2507 40.9193 39.1616 33.1297 27.3311 15.7696 23.0404 20.142 17.5318 13.6437 17.1592 13.4898 12.8347 12.3872 15.7711 12.3035 11.939 12.8073 11.3633 11.3511 10.8617 10.5132 20.7161 14.9176 11.8776 9.9236 9.59074 9.31457
threshold=3775.0000000000005 -8574.9999999999982 1.0000000180025095e-35 24.500000000000004 5425.0000000000009 42.500000000000007 -1.4999999999999998 1.5000000000000002 1.8333333333333337 29975.000000000004 25075.000000000004 -2.4999999999999996 139.50000000000003 -4.1666666666666652 5275.0000000000009 -3.4999999999999996 15.500000000000002 86.500000000000014 30725.000000000004 10.500000000000002 -323.49999999999994 2.5000000000000004 8225.0000000000018 -4.4999999999999991 -5.4999999999999991 -6.4999999999999991 -7.4999999999999991 0.77350427350427364 -104.49999999999999 -13.899999999999999
decision_type=2 2 2 2 2 2 2 2 2 2 2 2 2 2 2 2 2 2 2 2 2 2 2 2 2 2 2 2 2 2
left_child=-1 4 5 14 -2 18 11 9 -9 -5 -11 15 20 -6 28 23 -17 -18 19 -3 -13 -15 -16 24 25 26 -7 -22 -4 -30
right_child=1 2 3 7 13 6 -8 8 -10 10 -12 12 -14 21 22 16 17 -19 -20 -21 27 -23 -24 -25 -26 -27 -28 -29 29 -31
leaf_value=0.047262708576588715 -0.043303876372710104 -0.0013847797963035761 0.047223125891334886 0.05298952671663535 -0.050197194723960739 -0.011453319592955171 -0.055893559304390564 -0.0037045327270286196 0.021872537638989227 0.058545407171242569 -0.0079085926712542162 -0.050914431958598988 -0.073347320063001792 -0.012700583285835535 0.020340009714273067 -0.065602652196967329 -0.050461628437416722 0.037208285260229103 0.019726194976176944 -0.037897512165953391 0.007235063795436536 0.031304273154924261 0.0040817939220269975 0.012453191773976793 -0.07107628729920773 0.026078940112499921 -0.071249068266921525 0.057339825491743115 -0.01226053583022263 0.00034709104303267345
leaf_weight=131.72801025211811 137.69840162247419 1314.8336875587702 9.3376513719558698 65.437613911926746 23.387806192040443 38.8239516466856 43.928075864911079 128.4573078006506 277.52143208682537 13.614288970828055 35.541198119521141 6.9212466180324546 6.6552746295928946 458.3973094522953 118.25297924876213 29.23381245136261 7.3859248161315909 8.4783754944801313 65.884637445211411 24.379637122154236 60.01035812497139 14.983289659023283 792.60274150967598 30.015075728297234 17.02987514436245 20.501427322626114 10.594961926341055 11.829270690679548 210.48384487628937 479.01648734509945
leaf_count=1046 1032 5364 39 443 133 189 362 545 1478 92 161 38 33 2284 622 145 31 37 271 111 258 74 3358 138 84 97 52 50 848 1944
internal_value=-3.08412e-05 -0.00142944 0.00159923 0.0062327 -0.019702 -0.00421601 -0.0195567 0.0184183 0.0137684 0.034822 0.0104767 -0.0130666 0.00305159 -0.0131424 0.0022879 -0.0215893 -0.0438722 -0.00335532 -0.00102974 -0.00205599 0.00965551 -0.0112909 0.00620003 -0.0129248 -0.021747 -0.00957652 -0.0244919 0.0156232 -0.00280411 -0.00349561
internal_weight=4592.97 4461.24 3826.77 2130.27 634.467 1696.51 291.408 520.572 405.979 114.593 49.1555 247.48 85.4162 496.768 1609.69 162.063 45.0981 15.8643 1405.1 1339.21 78.7609 473.381 910.856 116.965 86.9502 69.9203 49.4189 71.8396 698.838 689.5
internal_count=21359 20313 16790 9530 3523 7260 1514 2719 2023 696 253 1152 379 2491 6811 773 213 68 5746 5475 346 2358 3980 560 422 338 241 308 2831 2792
is_linear=0
shrinkage=0.05


Tree=31
num_leaves=31
num_cat=0
split_feature=12 13 9 4 5 13 10 12 24 17 25 25 26 10 13 4 4 37 13 32 5 32 32 8 22 32 24 3 4 14
split_gain=113.33 90.2162 37.4024 37.3601 26.889 20.5008 20.0178 15.7454 14.3098 13.3056 12.7265 12.1787 11.4398 10.9005 10.2131 10.9793 9.38249 9.9812 10.1614 11.0265 10.3656 10.7998 14.4263 9.60624 14.6458 12.1741 12.0139 8.94359 13.5593 15.0167
threshold=3775.0000000000005 -8574.9999999999982 1.0000000180025095e-35 28.500000000000004 34.500000000000007 -16574.999999999996 1.5000000000000002 27225.000000000004 5.5000000000000009 -4.1666666666666652 5.5000000000000009 5.5000000000000009 5.5000000000000009 -1.4999999999999998 4575.0000000000009 70.500000000000014 27.500000000000004 0.53333333333334232 22175.000000000004 0.53333333333334987 6.5000000000000009 0.66031746031747052 0.66666666666667362 0.90645833333333348 135.41666666666671 0.2444444444444481 -1.4999999999999998 1.0000000180025095e-35 9.5000000000000018 -2.4999999999999996
decision_type=2 2 2 2 2 2 2 2 2 2 2 2 2 2 2 2 2 2 2 2 2 2 2 2 2 2 2 2 2 2
left_child=-1 5 4 8 10 7 -5 -2 11 -7 27 16 -10 -6 15 -8 17 23 19 -19 -21 -22 -23 24 26 -25 -4 28 -3 -30
right_child=1 2 3 6 13 9 14 -9 12 -11 -12 -13 -14 -15 -16 -17 -18 18 -20 20 21 22 -24 25 -26 -27 -28 -29 29 -31
leaf_value=0.046427640382482385 -0.03976711676005959 0.00021764142874170709 0.050489737812713556 0.058124139257972635 -0.01832419704406146 -0.05436030128014422 0.00052696431102170946 -0.014020352249571162 0.060405582319886165 -0.0093730033721964381 -0.051837421153521926 0.067878771523476961 0.012003661037345875 -0.057487875702167457 0.029318570736565758 0.038292919031349792 -0.049310204839006423 0.0020951867383079397 0.036745810181285907 0.0067359833163508943 0.048523561036106187 -0.079950378747241146 0.021270996560143144 -0.079438231487496125 0.0077915980114227198 -0.010252177554354402 -0.0061543838947993867 0.014347541092360198 -0.027529875775887527 -0.0043407456644182158
leaf_weight=127.50209890305996 156.23801109194756 1098.1229697018862 9.4391783699393255 36.14429634809494 143.35906305909157 17.198246449232101 97.613669201731682 97.182134263217449 18.604962877929211 356.99253981560469 12.585472524166105 7.0375899523496619 36.370886281132698 20.422452263534069 106.56992752104998 23.958727225661278 8.6174206137657148 549.45402806997299 27.47788205742836 126.23910170793533 39.225345373153687 3.787625014781951 36.058558881282806 6.7179676592349997 426.28350570052862 102.5272486358881 461.4245657324791 83.587467312812805 99.719398081302643 234.75479630380869
leaf_count=1046 1118 4447 44 297 679 98 470 592 128 1715 78 36 224 175 597 131 39 2319 152 531 169 16 162 28 1827 430 1930 346 478 1057
internal_value=-2.99406e-05 -0.00136507 0.00152305 0.00594314 -0.00401966 -0.0189313 0.0235331 -0.0299228 0.00343897 -0.011468 -0.00195263 0.0026694 0.0285546 -0.0232703 0.018008 0.00803609 0.00240751 0.00266222 0.00689893 0.00580098 0.0156883 0.029891 0.0113481 -0.000626254 0.00107377 -0.0146212 -0.00499777 -0.00153186 -0.0024628 -0.0112754
internal_weight=4571.22 4443.72 3816.1 2123.55 1692.55 627.611 264.287 253.42 1859.27 374.191 1528.77 1804.29 54.9758 163.782 228.142 121.572 1797.25 1788.64 782.243 754.765 205.311 79.0715 39.8462 1006.39 897.147 109.245 470.864 1516.18 1432.6 334.474
internal_count=21359 20313 16790 9530 7260 3523 1495 1710 8035 1813 6406 7683 352 854 1198 601 7647 7608 3349 3197 878 347 178 4259 3801 458 1974 6328 5982 1535
is_linear=0
shrinkage=0.05


Tree=32
num_leaves=31
num_cat=0
split_feature=12 9 11 15 7 10 11 4 10 0 0 10 7 10 7 24 19 27 25 7 20 12 35 11 11 27 23 4 12 19
split_gain=105.755 76.0405 44.7477 33.8227 29.8421 32.7152 20.8789 18.0276 23.2373 16.219 16.1134 15.4008 20.6732 19.3632 20.2852 13.3498 12.6093 12.4948 10.8294 10.6679 30.7703 12.1349 13.0941 10.1849 9.9281 8.79231 8.69731 9.78055 10.5524 8.84406
threshold=3775.0000000000005 1.0000000180025095e-35 3475.0000000000005 5.5000000000000009 42.500000000000007 -1.4999999999999998 19075.000000000004 30.500000000000004 1.5000000000000002 0.38333333333333336 1.1166666666666669 -2.4999999999999996 139.50000000000003 -3.4999999999999996 101.50000000000001 5.5000000000000009 -323.49999999999994 0.58333333333333337 5.5000000000000009 103.50000000000001 -1.0000000180025095e-35 23925.000000000004 0.59411764705882364 30725.000000000004 29025.000000000004 5.8333333333333348 -182.22499999999997 13.500000000000002 28375.000000000004 -209.49999999999997
decision_type=2 2 2 2 2 2 2 2 2 2 2 2 2 2 2 2 2 2 2 2 2 2 2 2 2 2 2 2 2 2
left_child=-1 2 -2 7 6 9 26 10 -9 24 15 13 16 19 -15 -3 -13 -10 23 20 21 -11 -23 -8 -6 -5 -4 28 -28 -30
right_child=1 3 4 25 5 -7 18 8 17 11 -12 12 -14 14 -16 -17 -18 -19 -20 -21 -22 22 -24 -25 -26 -27 27 -29 29 -31
leaf_value=0.045604494831060355 -0.043159844495786324 0.0024129954696541669 -0.029793442984975001 0.057761329221477725 -0.053236775846630537 -0.056313213281761948 -0.00083204783670363903 0.057560547602467552 -0.015307826571642473 -0.038888245421265823 -0.045371360170693056 -0.048627005206152651 -0.070137608626682321 -0.072678769649261094 0.0031768597165537735 0.059366370337203191 0.023708286889099487 0.017613996867571414 -0.065109237658380309 -0.031961769537102329 0.081084541873384153 0.031707481826567512 -0.019714690484004038 0.019456601057191686 0 0.024089266879207857 -0.0095024058692598379 -0.055934972787203475 0.090046196980060597 -0.00088328010361075264
leaf_weight=123.41930785030127 85.831583678722382 1831.5144043490291 58.667287610471249 24.797501035034657 35.43002113699913 52.474840588867664 1153.287602096796 31.26117005199194 36.220807611942291 23.301442250609398 17.462436750531197 6.470195308327674 7.3033079653978339 26.330023035407066 13.025309070944784 10.255915783345698 68.667271539568901 137.41709944605827 6.2702702879905692 30.664408519864082 10.737450808286665 23.565130487084389 25.784294113516808 65.256073296070099 11.770233660936354 95.337104052305222 518.01666531711817 11.037450879812239 4.8068518936634064 5.6374631226062757
leaf_count=1046 701 7837 312 154 180 440 4707 269 162 125 73 37 39 132 64 74 297 692 37 156 45 119 133 267 54 605 2492 59 23 28
internal_value=-2.748e-05 -0.00130131 -0.00776556 0.00533846 -0.00635387 -0.0200589 -0.00382773 0.00383389 0.0179093 -0.0133024 0.00227912 -0.00791318 0.00946944 -0.0172872 -0.0475019 0.00273606 0.0173566 0.0107129 -8.39488e-05 -0.0067849 0.0024407 -0.00920924 0.00475356 0.000251865 -0.040052 0.0311235 -0.0114839 -0.00947844 -0.00848829 0.0409487
internal_weight=4552.02 4428.6 2244.34 2184.27 2158.5 335.524 1822.98 2064.13 204.899 283.049 1859.23 235.849 82.4408 153.408 39.3553 1841.77 75.1375 173.638 1224.81 114.053 83.3883 72.6509 49.3494 1218.54 47.2003 120.135 598.166 539.498 528.461 10.4443
internal_count=21359 20313 10447 9866 9746 1821 7925 9107 1123 1381 7984 1147 373 774 196 7911 334 854 5011 578 422 377 252 4974 234 759 2914 2602 2543 51
is_linear=0
shrinkage=0.05


Tree=33
num_leaves=31
num_cat=0
split_feature=12 13 11 9 7 0 10 7 10 27 0 10 0 7 10 13 10 20 10 22 5 10 10 25 11 15 32 10 11 30
split_gain=98.7951 77.4427 39.5603 26.9759 34.1918 24.7159 27.6835 24.0091 24.0685 19.3082 17.7586 13.5574 17.275 17.3053 12.2644 12.0201 11.9373 11.4917 11.4329 12.9408 12.9156 11.3138 14.7521 10.0665 9.87106 9.59339 9.37588 9.34745 9.39169 17.4394
threshold=3275.0000000000005 -5924.9999999999991 5425.0000000000009 1.0000000180025095e-35 24.500000000000004 0.95000000000000007 1.5000000000000002 42.500000000000007 -1.4999999999999998 2.1666666666666674 0.8500000000000002 -2.4999999999999996 0.38333333333333336 139.50000000000003 2.5000000000000004 8875.0000000000018 3.5000000000000004 -325.49999999999994 -3.4999999999999996 257.16666666666669 46.500000000000007 4.5000000000000009 5.5000000000000009 5.5000000000000009 31175.000000000004 1.0000000180025095e-35 0.13333333333334688 -11.499999999999998 28275.000000000004 0.48529411764705888
decision_type=2 2 2 2 2 2 2 2 2 2 2 2 2 2 2 2 2 2 2 2 2 2 2 2 2 2 2 2 2 2
left_child=-1 2 -2 7 15 6 10 23 11 16 -6 18 -13 17 -4 -5 -8 -14 20 -20 27 -18 -23 24 -3 -24 -17 -9 -29 -30
right_child=1 3 14 4 5 -7 9 8 -10 -11 -12 12 13 -15 -16 26 21 -19 19 -21 -22 22 25 -25 -26 -27 -28 28 29 -31
leaf_value=0.047831772150708746 -0.041036822702946785 -0.0008275103561583418 -0.011789080489456004 -0.0010747634736831756 0.060678590158777759 -0.010611779759031013 0.0096889954899541646 0.068203977981151742 -0.054296124688384809 0.024589030790953322 0.0036638583787355367 -0.085018498702035414 -0.046966224221105635 -0.070313433073070461 0.027679283726267129 -0.02280032633204318 -0.058872261456177383 0.023891458933046394 -0.054503323297515116 0.018356367070472713 -0.030736896347357729 0.0692585541626385 -0.068405060320159874 -0.064083772017615392 0.023429423826247395 0.0067659849436263603 0.0094226034927335917 -0.016181020736963474 -0.0047575742356222878 0.10476936309567896
leaf_weight=105.22221553325653 127.67981317639351 1241.7032446861267 617.75836661458015 1064.2532729804516 62.219445168972015 69.030584827065468 92.560401365160942 5.1885712295770636 36.868858672678471 214.67541304975748 17.751288793981075 4.8726335912942877 6.1243601590394965 5.9198152720928183 20.165921971201897 23.411179177463055 14.143377289175985 66.571996137499809 34.972030624747276 7.2089945077896109 45.595164433121681 5.4132752567529705 7.1710304915905025 6.0590372532606116 43.306201964616776 9.9078532904386503 524.95723953843117 35.305119037628174 11.514514625072481 5.1530859470367423
leaf_count=929 1032 5063 3057 4318 477 307 401 25 338 1226 81 22 36 31 102 107 61 287 177 31 228 24 30 37 176 43 2464 172 54 23
internal_value=-2.70905e-05 -0.00116668 -0.0156284 0.00185588 0.00554628 0.0170715 0.0215935 -0.00313342 -0.0168305 0.0154011 0.0481057 -0.0107404 0.00525808 0.0110178 -0.0105294 0.00201983 8.83675e-05 0.017797 -0.0199878 -0.0419189 -0.0109046 -0.023992 -0.00167407 -0.000313915 -4.3753e-06 -0.02472 0.00803391 0.00485347 -0.00149378 0.0292293
internal_weight=4532.68 4427.46 765.604 3661.86 2105.49 492.873 423.842 1556.36 265.295 343.871 79.9707 228.426 83.4888 78.6162 637.924 1612.62 129.196 72.6964 144.937 42.181 102.756 36.6355 22.4922 1291.07 1285.01 17.0789 548.368 57.1613 51.9727 16.6676
internal_count=21359 20430 4191 16239 9539 2650 2343 6700 1424 1785 558 1086 376 354 3159 6889 559 323 710 208 502 158 97 5276 5239 73 2571 274 249 77
is_linear=0
shrinkage=0.05


Tree=34
num_leaves=31
num_cat=0
split_feature=12 13 9 7 7 0 12 13 20 4 22 13 6 0 14 15 16 12 23 11 0 7 24 34 16 43 36 29 29 11
split_gain=92.4274 71.0828 41.3323 28.3659 24.5474 19.9137 14.6104 11.3048 13.1498 11.2628 11.2479 10.8893 11.6755 10.8438 10.2622 11.9091 20.0519 9.9274 9.43715 9.29555 9.11305 20.1968 11.4907 10.2014 9.41473 9.04685 8.99347 10.7998 9.97229 8.63179
threshold=3275.0000000000005 -16574.999999999996 1.0000000180025095e-35 24.500000000000004 42.500000000000007 0.95000000000000007 27225.000000000004 3675.0000000000005 -310.49999999999994 46.500000000000007 248.41666666666671 5275.0000000000009 -8.4999999999999982 0.38333333333333336 1.5000000000000002 1.5000000000000002 1.5000000000000002 8225.0000000000018 -13.899999999999999 29025.000000000004 0.31666666666666671 14.500000000000002 -1.4999999999999998 0.9545454545454547 1.5000000000000002 1.0000000180025095e-35 0.15476190476190479 0.16025641025641027 0.19090909090909094 30125.000000000004
decision_type=2 2 2 2 2 2 2 2 2 2 2 2 2 2 2 2 2 2 2 2 2 2 2 2 2 2 2 2 2 2
left_child=-1 6 4 11 7 14 -2 10 -9 -7 -3 12 -4 19 15 16 -5 -13 -14 -6 21 -10 -23 24 -22 -19 28 -28 -20 -24
right_child=1 2 3 5 13 9 -8 8 20 -11 -12 17 18 -15 -16 -17 -18 25 26 -21 23 22 29 -25 -26 -27 27 -29 -30 -31
leaf_value=0.047094315809667886 -0.037440128180224984 -0.0035059063772586562 0.036819090996023332 0.010532325963656049 -0.053467875082361407 -0.022452335692874189 -0.012101921506551172 -0.042921054609584737 0.019443452460570127 0.022072357834085701 -0.045751836428948596 0.018557634540173621 -0.012747332514993796 -0.013690875265960734 0.023737075796942352 0.052957498743151692 -0.048201547649473993 0.0011468089341485303 -0.045839105121904547 -0.0024235662773292306 0.045881833420792849 -0.0610927299526711 -0.02326073423810715 -0.016669860033655882 0.013573045860316641 0.016046781322769901 0.031339721557548363 0.0014748406566921649 -0.0055105064144880455 0.03713331968180026
leaf_weight=101.61975884437561 146.25424993783236 1455.0040432289243 18.045335546135902 111.67983461171389 33.945801936089993 49.803541995584965 94.442770011723042 11.839410468935965 59.374049738049507 19.666811935603619 15.851991340517996 125.82042146474123 206.16481798887253 267.38904301822186 327.24622645974159 13.012268811464308 16.59247313439846 669.68791694939137 17.464494332671165 12.381383180618284 39.341373085975647 14.710908114910124 21.981230653822426 15.195880755782126 54.384232461452484 120.27112343907356 33.543262094259262 307.19962447881699 124.87944352626801 7.9481830000877371
leaf_count=929 1118 6142 79 585 185 208 592 53 239 101 73 712 828 1476 1869 72 70 2842 70 60 161 69 97 61 224 516 135 1254 503 36
internal_value=-2.58449e-05 -0.00111354 0.000410407 0.00521113 -0.00475034 0.0151611 -0.027528 -0.00236936 0.00806447 -0.00976207 -0.00396769 0.00190921 -0.00274596 -0.0175987 0.0188684 0.00754744 0.00286431 0.00550998 -0.00379426 -0.0399681 0.0109416 0.000305166 -0.0250246 0.0210434 0.0272224 0.0034234 1.81042e-05 0.00443779 -0.0105223 -0.00698548
internal_weight=4512.74 4411.12 4170.43 2161.08 2009.35 538.001 240.697 1695.63 224.775 69.4704 1470.86 1623.08 707.297 313.716 468.531 141.285 128.272 915.779 689.252 46.3272 212.936 104.014 44.6403 108.921 93.7256 789.959 483.087 340.743 142.344 29.9294
internal_count=21359 20430 18720 9844 8876 2905 1710 7155 940 309 6215 6939 2869 1721 2596 727 655 4070 2790 245 887 441 202 446 385 3358 1962 1389 573 133
is_linear=0
shrinkage=0.05


Tree=35
num_leaves=31
num_cat=0
split_feature=12 9 20 4 0 10 7 20 14 20 12 18 25 0 7 10 14 15 10 10 23 1 12 0 4 23 12 24 28 33
split_gain=93.1194 70.3104 21.7783 15.5196 13.6534 13.3832 47.9998 26.5341 16.1416 13.7785 12.3428 12.1792 19.1908 11.1262 18.1411 51.4327 38.7488 17.5028 16.5704 16.7351 15.6611 10.9737 10.5975 10.4507 10.3849 10.3474 10.079 10.0224 9.61107 8.6757
threshold=3775.0000000000005 1.0000000180025095e-35 429.50000000000006 62.500000000000007 0.11666666666666668 1.5000000000000002 39.500000000000007 1.0000000180025095e-35 -1.0000000180025095e-35 146.50000000000003 12775.000000000002 -2.5499999999999994 -3.4999999999999996 0.81666666666666676 22.500000000000004 -1.4999999999999998 -1.4999999999999998 -2.4999999999999996 -5.4999999999999991 -4.4999999999999991 -191.89999999999998 1.0000000180025095e-35 22925.000000000004 0.78333333333333355 15.500000000000002 -19.366666666666664 4375.0000000000009 -2.4999999999999996 4.7750000000000012 0.53805555555555584
decision_type=2 2 2 2 2 2 2 2 2 2 2 2 2 2 2 2 2 2 2 2 2 2 2 2 2 2 2 2 2 2
left_child=-1 3 5 4 -2 6 8 -7 21 11 -4 -10 25 14 24 16 20 -18 -19 -20 -16 -3 -21 -17 26 -13 -6 -22 -9 -15
right_child=1 2 10 -5 13 7 -8 28 9 -11 -12 12 -14 29 15 23 17 18 19 22 27 -23 -24 -25 -26 -27 -28 -29 -30 -31
leaf_value=0.044996851043440728 -0.023900112528576239 -0.016061483844225628 0.043248352464352185 -0.031326032980577762 0.020378774790304983 -0.025689187419455629 0.056464004994420183 0.0022246280521421285 0.058807676143323863 0.06035917764224305 0.014028156893791471 -0.027586536910483517 0.006764971346316824 0.0055949792105799622 -0.005362738046019032 -0.060352437897070281 -0.051639460310210161 0.05394831073483114 -0.082232273264301922 0.028191840404641982 -0.049169973554947177 0.065094029289421304 -0.0025816662878321954 -0.0062858933985184247 0.055114605298465708 0.0036077211444251983 -0.0047918792979342699 -0.015022980840184302 0.030762885096277393 0.053481702405324683
leaf_weight=113.8659889549017 105.00483430176973 5.2332588285207775 50.599866971373558 63.856367968022823 40.680049672722816 86.651104599237442 50.576221749186516 1135.9953497350216 9.7323567122220975 10.773676462471483 129.69517433643341 71.011310435831547 519.37699735164642 93.036302000284195 67.517593637108803 65.177985742688179 10.148096434772013 23.78122167289257 4.7965779304504386 53.383590027689934 60.763491295278072 18.158865168690681 58.067756876349449 10.627800494432448 7.3222025781869879 42.005261585116386 1511.4783836230636 34.163055747747421 30.228494845330715 10.490237437188624
leaf_count=1065 566 21 311 371 163 386 436 4947 46 55 722 288 2187 403 380 512 55 103 21 235 328 83 247 48 31 172 6775 157 170 48
internal_value=0.000376571 -0.000783185 0.00563785 -0.00703218 -0.00630905 0.00411905 0.00951658 0.000983113 0.00599041 0.00451605 0.022276 0.00356207 0.00269479 -0.00540508 -0.00625572 -0.0159268 -0.00694191 0.0113398 0.0159733 0.00812197 -0.0238705 0.0467341 0.0121256 -0.0528566 -0.00384282 -0.0159553 -0.0041277 -0.0369622 0.0029712 0.0105425
internal_weight=4494.2 4380.33 2160.04 2220.3 2156.44 1979.74 726.868 1252.87 676.292 652.9 180.295 642.126 632.394 2051.43 1947.91 388.427 312.621 150.177 140.029 116.248 162.444 23.3921 111.451 75.8058 1559.48 113.017 1552.16 94.9265 1166.22 103.527
internal_count=21332 20267 9824 10443 10072 8791 3288 5503 2852 2748 1033 2693 2647 9506 9055 2086 1526 661 606 503 865 104 482 560 6969 460 6938 485 5117 451
is_linear=0
shrinkage=0.05


Tree=36
num_leaves=31
num_cat=0
split_feature=13 12 9 5 10 17 12 13 0 4 33 25 5 12 7 5 19 13 13 38 12 25 33 33 21 13 0 4 7 29
split_gain=90.4102 78.1703 34.0414 25.3603 22.6072 15.2397 13.998 13.4816 13.1329 12.9872 10.5523 10.0123 9.88696 9.498 9.48066 10.0665 9.48427 8.86462 9.85843 8.7868 9.28868 8.96472 14.3649 12.128 8.93382 8.7279 8.71213 9.75093 8.96324 8.62682
threshold=-11324.999999999998 3775.0000000000005 1.0000000180025095e-35 14.500000000000002 1.5000000000000002 1.8333333333333337 27125.000000000004 11625.000000000002 0.68333333333333346 63.500000000000007 0.47067873303167435 5.5000000000000009 25.500000000000004 8025.0000000000009 21.500000000000004 11.500000000000002 66.500000000000014 -17224.999999999996 -14674.999999999998 0.10000000000000127 22975.000000000004 3.5000000000000004 0.20000000000000018 0.50680555555555584 203.50000000000003 -16574.999999999996 0.35000000000000003 63.500000000000007 38.500000000000007 0.59166666666666679
decision_type=2 2 2 2 2 2 2 2 2 2 2 2 2 2 2 2 2 2 2 2 2 2 2 2 2 2 2 2 2 2
left_child=6 -2 9 7 8 26 25 19 -5 11 -8 -3 -10 29 15 17 -16 -12 -19 20 -4 -21 -23 24 -24 -1 28 -28 -6 -9
right_child=1 2 3 4 5 -7 10 13 12 -11 14 -13 -14 -15 16 -17 -18 18 -20 21 -22 22 23 -25 -26 -27 27 -29 -30 -31
leaf_value=-0.037147093973084508 0.04424104926127511 -0.0024063529788663236 0.0045177870986320172 0.056961623505516625 -0.0086731027598553889 0.018946156131586959 -0.019406390437938396 0.034110146260794144 0.00056199637976387783 -0.02840255881551389 -0.01521486682782449 -0.044595585893927946 0.056769340768609289 0.0064136851383809314 -0.048740645945905749 0.075458533428205493 0.032280048586679065 0.071044917111769079 0 -0.0011187963099560585 -0.060872136180312987 0.069688322520279442 -0.01183693310436181 0.021612643443541548 0.010539008582384402 -0.019216971755277382 -0.018829035293521965 0.021427023733543944 0.052006559081813508 0.0048298988692846191
leaf_weight=135.16395489871502 110.11802256852388 1753.4415678158402 9.7767696380615252 48.570434987545013 11.377132639288904 211.11628317832947 102.89213976264 70.196893684566021 26.597746752202511 50.705774322152138 19.188198946416378 14.092557005584238 11.095543242990969 308.48048281669617 12.14351373165846 6.5752595365047446 4.9663571193814269 8.8686532974243182 10.595564037561415 973.99964027106762 11.720699980854986 9.3509915173053724 89.708790510892868 92.118147224187851 88.475970327854156 140.692483112216 73.481120780110359 18.715735331177711 12.638294249773024 39.903022795915604
leaf_count=1072 1065 7516 40 407 48 1184 597 398 109 287 127 93 103 1423 77 36 29 45 51 3948 50 41 366 394 400 757 307 87 56 219
internal_value=0.000360002 0.00271037 0.001543 0.00586871 0.0169698 0.0109409 -0.0211289 0.00315414 0.0397495 -0.00346777 -0.00956574 -0.00274806 0.0173461 0.0109396 0.00660188 0.0186513 -0.0248819 0.00868886 0.0324665 0.000593918 -0.0310189 0.00114243 0.00903345 0.00689164 -0.000698645 -0.0280308 -0.00356251 -0.0105886 0.0231359 0.0235576
internal_weight=4476.77 4035.68 3925.56 2107.32 413.592 327.329 441.086 1693.73 86.2637 1818.24 165.23 1767.53 37.6933 418.58 62.3375 45.2277 17.1099 38.6524 19.4642 1275.15 21.4975 1253.65 279.654 270.303 178.185 275.856 116.212 92.1969 24.0154 110.1
internal_count=21332 18541 17476 9580 2301 1682 2791 7279 619 7896 962 7609 212 2040 365 259 106 223 96 5239 90 5149 1201 1160 766 1829 498 394 104 617
is_linear=0
shrinkage=0.05


Tree=37
num_leaves=31
num_cat=0
split_feature=12 11 11 12 10 5 12 10 0 38 6 21 32 41 38 10 12 5 25 28 22 19 31 11 22 11 10 8 0 5
split_gain=81.3276 61.8946 32.5833 29.1862 18.9726 21.9431 16.784 14.4519 11.4623 9.88543 14.7285 9.41959 9.27027 10.7077 10.1684 9.24679 9.92518 9.08256 9.01285 13.4104 8.87928 10.2921 10.2404 9.47497 21.9571 13.4724 8.92116 8.91357 8.50774 10.0961
threshold=3775.0000000000005 19075.000000000004 3475.0000000000005 8025.0000000000009 1.0000000180025095e-35 14.500000000000002 13425.000000000002 1.5000000000000002 0.68333333333333346 0.10000000000000127 5.5000000000000009 328.50000000000006 0.66666666666666963 1.0000000180025095e-35 0.41428571428571542 -6.4999999999999991 18825.000000000004 25.500000000000004 -3.4999999999999996 -2.8999999999999995 -125.16666666666664 -388.49999999999994 0.24038461538461542 25425.000000000004 160.16666666666671 27125.000000000004 -8.4999999999999982 0.3642999336429994 0.28333333333333338 40.500000000000007
decision_type=2 2 2 2 2 2 2 2 2 2 2 2 2 2 2 2 2 2 2 2 2 2 2 2 2 2 2 2 2 2
left_child=-1 2 -2 -3 12 9 11 8 -7 10 -6 -4 20 -14 -15 -8 -17 -10 19 -11 27 22 -22 24 28 -25 -27 -5 -23 -30
right_child=1 3 6 4 5 7 15 -9 17 18 -12 -13 13 14 -16 16 -18 -19 -20 -21 21 23 -24 25 -26 26 -28 -29 29 -31
leaf_value=0.043490858247334889 -0.041401155567870079 0.024948364828039422 -0.001550448682198091 -0.0030284516543778155 -0.053407116743536986 0.056020663660062156 -0.035526873406704247 0.010917795515732031 0.00053403404510864204 0.074932474423856463 0.028757924646338719 0.028635876924584365 0.013000712449042216 -0.062683690254473345 -0.0020467821780550603 -0.045305630997356405 -0.010417783354522611 0.056259828860527453 0.0038866538916713963 -0.015210390390887299 0.013609463280927107 -0.0011743326007746455 -0.077013109476363209 -0.018573955326401399 -0.02975191344886377 0.05829824990110774 -0.0010608733413498288 -0.018079320323271364 0.024335149624660747 -0.034907874492986796
leaf_weight=106.51041881740093 85.693027161061764 138.08633687347174 212.34009575843811 197.5534266680479 17.865593776106838 36.280597016215324 44.050379395484924 267.94314660131931 26.596144266426563 4.1915860772132865 7.6695813685655585 29.293451055884361 159.77341910451651 8.9234693571925146 30.41591115295887 21.175009325146675 557.67168069630861 10.083991520106791 1345.0993522554636 98.988972723484039 4.673282951116561 62.237478122115135 8.6398007869720441 126.93030561506748 33.212688989937305 6.3141856938600531 476.4134656637907 197.79501675069332 129.37083029001951 7.4613678753375998
leaf_count=1065 763 801 917 822 74 313 255 1374 109 19 36 142 676 38 129 96 2915 98 5691 400 20 255 47 542 165 27 2064 904 534 41
internal_value=0.000344666 -0.000710935 -0.0119935 0.00243876 0.00148433 0.00489216 -0.0090684 0.0163245 0.0360696 0.00224346 -0.0285176 0.00209871 -0.00277811 0.00723038 -0.0160521 -0.013408 -0.0117103 0.0161013 0.0027912 -0.011431 -0.00437605 -0.00150433 -0.0449649 -0.000805924 0.00777778 -0.00408529 -0.000262174 -0.0105738 0.0140761 0.021045
internal_weight=4459.25 4352.74 950.224 3402.52 3264.43 1814.72 864.531 340.904 72.9607 1473.82 25.5352 241.634 1449.71 199.113 39.3394 622.897 578.847 36.6801 1448.28 103.181 1250.6 855.253 13.3131 841.94 232.282 609.658 482.728 395.348 199.07 136.832
internal_count=21332 20267 5088 15179 14378 8114 4325 1894 520 6220 110 1059 6264 843 167 3266 3011 207 6110 419 5421 3695 67 3628 995 2633 2091 1726 830 575
is_linear=0
shrinkage=0.05


Tree=38
num_leaves=31
num_cat=0
split_feature=13 12 9 11 7 10 17 25 4 10 22 25 25 38 25 16 27 0 45 16 7 0 0 38 4 14 0 7 10 14
split_gain=76.2504 68.6582 27.7282 22.5769 22.0716 15.5119 12.1315 11.7792 11.7456 9.37308 17.8033 16.9104 12.6987 11.8284 9.23286 9.11421 8.82367 12.9299 8.75141 8.67623 8.50271 19.1142 10.077 8.9249 8.08497 9.07458 8.05598 16.4317 21.0842 29.9681
threshold=-11324.999999999998 3775.0000000000005 1.0000000180025095e-35 5425.0000000000009 60.500000000000007 1.5000000000000002 -2.8333333333333326 -3.4999999999999996 63.500000000000007 1.5000000000000002 -84.166666666666643 1.5000000000000002 3.5000000000000004 0.53750000000000175 5.5000000000000009 -3.4999999999999996 1.8333333333333337 0.38333333333333336 1.0000000180025095e-35 5.5000000000000009 21.500000000000004 0.9833333333333335 0.75000000000000011 0.30000000000000188 12.500000000000002 1.0000000180025095e-35 0.48333333333333339 12.500000000000002 -1.4999999999999998 -2.4999999999999996
decision_type=2 2 2 2 2 2 2 2 2 2 2 2 2 2 2 2 2 2 2 2 2 2 2 2 2 2 2 2 2 2
left_child=3 -2 8 -1 6 -6 -4 15 14 11 -11 20 19 -14 18 -8 17 -7 26 -12 23 22 -22 -9 -5 -26 27 -3 29 -29
right_child=1 2 4 24 5 16 7 9 -10 10 12 -13 13 -15 -16 -17 -18 -19 -20 -21 21 -23 -24 -25 25 -27 -28 28 -30 -31
leaf_value=-0.038701511084122973 0.042745186468340524 -0.0013342896329070326 0.062526652448652784 -0.0087672014886251617 0.055667699782623904 0.049528672368255144 0.018863376235681056 -0.016794536559283764 -0.027050239221012295 -0.058956213650383553 -0.0013714978152894104 0.05487745658069481 0.0021262017960746405 0.018250575193941888 -0.043155278982814446 -0.018074358887545224 0.022865987421898687 -0.0092609434860087114 0.023418746720737932 -0.063417185548265906 0.062145164125100218 -0.025993068643224895 0.020563563645045253 0.0074840584665315209 -0.045622676081725135 -0.0066990324423516967 0.0018380532097228221 -0.030351056573184283 -0.038741590119015595 0.0063149311235529242
leaf_weight=114.42931367456913 103.04035789519548 770.81730371713638 8.5900375172495824 254.59537841379642 27.073355719447136 11.119773983955382 19.845674507319927 41.395481109619141 49.76800587028265 11.837696254253386 689.81331269443035 19.852696917951107 278.75080619007349 193.02589062601328 13.721258051693438 99.693444222211838 129.44047459214926 56.048121765255928 32.811848759651184 5.5858594775199881 22.178402625024319 16.017570868134499 44.336429849267006 420.28611899167299 35.219780027866364 26.645176447927952 640.36076789349318 90.283915728330612 71.767405889928341 144.8787404447794
leaf_count=1031 1065 3128 48 1390 286 51 89 175 287 49 2938 123 1281 931 93 405 766 244 138 23 161 65 181 1764 221 149 2786 444 405 615
internal_value=0.000328948 0.0024767 0.00141296 -0.0196547 0.00533267 0.020178 0.00355442 0.00327643 -0.00310996 0.00431999 0.00177842 0.00962228 0.00240368 0.0087365 -0.00243044 -0.0118896 0.0152398 0.000456621 -0.002106 -0.00188612 0.00795243 0.0227432 0.0345759 0.00529319 -0.0127417 -0.0289769 -0.00259771 -0.00523785 -0.0150212 -0.00774758
internal_weight=4443.23 4012.34 3909.3 430.89 2094.89 223.682 1871.21 1862.62 1814.41 1743.08 1179.01 564.067 1167.18 471.777 1764.64 119.539 196.608 67.1679 1750.92 695.399 544.214 82.5324 66.5148 461.682 316.46 61.865 1718.11 1077.75 306.93 235.163
internal_count=21332 18541 17476 2791 9580 1347 8233 8185 7896 7691 5222 2469 5173 2212 7609 494 1061 295 7516 2961 2346 407 342 1939 1760 370 7378 4592 1464 1059
is_linear=0
shrinkage=0.05


Tree=39
num_leaves=31
num_cat=0
split_feature=12 11 11 12 9 5 12 10 0 5 4 38 6 4 24 12 21 12 17 38 41 33 5 0 28 45 15 28 41 22
split_gain=70.9811 51.6105 29.2577 26.4092 15.5231 18.6435 14.4854 13.1152 10.9386 11.0906 9.83207 8.74988 13.1791 8.52452 11.1002 10.34 8.50403 8.4195 8.20328 8.13145 7.97764 10.7345 8.5776 8.55576 11.5038 8.69623 7.95291 10.339 7.21561 7.46293
threshold=3775.0000000000005 19075.000000000004 3475.0000000000005 8025.0000000000009 1.0000000180025095e-35 14.500000000000002 13425.000000000002 1.5000000000000002 0.61666666666666681 25.500000000000004 63.500000000000007 0.10000000000000127 5.5000000000000009 37.500000000000007 4.5000000000000009 18825.000000000004 328.50000000000006 23175.000000000004 -4.1666666666666652 0.79258241758241887 1.0000000180025095e-35 0.68166666666666664 31.500000000000004 1.1166666666666669 -0.44999999999999996 1.0000000180025095e-35 -2.4999999999999996 -2.6333333333333329 1.0000000180025095e-35 79.833333333333357
decision_type=2 2 2 2 2 2 2 2 2 2 2 2 2 2 2 2 2 2 2 2 2 2 2 2 2 2 2 2 2 2
left_child=-1 2 -2 -3 10 11 16 8 -7 -10 20 12 17 14 15 -8 -4 -6 -17 -15 21 23 -23 25 -25 -5 27 -13 29 -28
right_child=1 3 6 4 5 7 13 -9 9 -11 -12 26 -14 19 -16 18 -18 -19 -20 -21 -22 22 -24 24 -26 -27 28 -29 -30 -31
leaf_value=0.042003075664426959 -0.03977831693250438 0.023828127291756422 -0.0013876966533115835 -0.0025257148215459902 -0.023334817278988694 0.05784254758034052 -0.045432833537390305 0.0099709361163276694 -0.00048088798961063112 0.055492998792720939 -0.026218459619368285 0.063118904002171558 0.027558896669809194 -0.041880452350654004 0.03918184966811035 -0.041186141613638969 0.027403920572926219 -0.095192097334490078 -0.0091288352892519489 0.031051457817521985 -0.0098264455918829763 0.012956597631646999 0.07634523330984247 -0.0050231250450669344 0.088219592315155013 0.029293011840834243 0.012621064079684143 -0.0084290190824293267 -0.0049359072533907786 0.0030840410567529466
leaf_weight=99.704779431223869 80.848102487623692 135.73205710202456 211.83292885124683 1035.131852388382 11.377802088856702 29.075273357331753 21.893841460347176 265.27816081792116 27.450497448444366 12.838330104947088 42.468468517065048 5.0672049820423117 7.6040728762745848 36.971101932227612 10.765851594507692 20.770115993916988 29.045810788869858 6.5784096866846076 521.59474219381809 4.1084532067179671 254.29251044988632 73.947700925171375 5.7112541347742072 6.8609474152326584 6.1047162711620313 21.809654518961906 280.68148449063301 200.00372676551342 190.06764030456543 770.29833673685789
leaf_count=1065 763 801 917 4442 47 267 101 1374 114 139 251 24 36 224 66 138 142 27 2713 24 1085 311 27 29 27 92 1165 813 798 3310
internal_value=0.000314129 -0.000646455 -0.0110272 0.00222548 0.00132177 0.00441351 -0.00830467 0.0150665 0.0344395 0.017325 -0.00253609 0.0019869 -0.0269385 -0.0123699 -0.0107812 -0.0117501 0.00207326 -0.0503187 -0.0103731 -0.0344073 -0.0018143 -3.68986e-05 0.017654 -0.00136026 0.0388355 -0.00186171 0.00250344 -0.00660683 0.00401326 0.00563678
internal_weight=4425.92 4326.21 937.831 3388.38 3252.65 1806.32 856.983 334.642 69.3641 40.2888 1446.33 1471.68 25.5603 616.104 575.025 564.259 240.879 17.9562 542.365 41.0796 1403.86 1149.57 79.659 1069.91 12.9657 1056.94 1446.12 205.071 1241.05 1050.98
internal_count=21332 20267 5088 15179 14378 8114 4325 1894 520 253 6264 6220 110 3266 3018 2952 1059 74 2851 248 6013 4928 338 4590 56 4534 6110 837 5273 4475
is_linear=0
shrinkage=0.05


Tree=40
num_leaves=31
num_cat=0
split_feature=12 11 9 15 5 31 11 24 12 27 19 7 0 18 17 19 21 0 32 33 33 20 19 21 27 28 37 12 39 32
split_gain=68.038 53.1299 35.256 21.7244 19.4338 12.7959 10.9111 10.0715 9.53627 8.99113 9.80487 9.95624 11.4911 8.85382 8.84868 8.65286 9.9582 10.7044 9.14431 8.34444 9.83748 8.32949 8.17731 8.60747 11.8691 8.14363 11.9179 10.6833 9.16687 11.2219
threshold=3275.0000000000005 3475.0000000000005 1.0000000180025095e-35 5.5000000000000009 24.500000000000004 0.10555555555555557 19075.000000000004 5.5000000000000009 4375.0000000000009 -2.4166666666666665 27.500000000000004 74.500000000000014 0.9833333333333335 -2.2249999999999996 5.8333333333333348 -315.49999999999994 -128.49999999999997 0.18333333333333338 0.35555555555555762 0.50680555555555584 0.47999999999999998 -333.49999999999994 -331.49999999999994 -214.49999999999997 -4.1666666666666652 1.9000000000000001 0.89583333333333592 24675.000000000004 1.0000000180025095e-35 0.28287037037037704
decision_type=2 2 2 2 2 2 2 2 2 2 2 2 2 2 2 2 2 2 2 2 2 2 2 2 2 2 2 2 2 2
left_child=-1 -2 4 5 6 19 8 9 -3 -7 -11 12 -12 22 -5 16 17 -8 -19 20 -4 -18 23 24 -10 28 27 -27 29 -17
right_child=1 2 3 14 -6 7 15 -9 13 10 11 -13 -14 -15 -16 25 21 18 -20 -21 -22 -23 -24 -25 -26 26 -28 -29 -30 -31
leaf_value=0.043800562202054021 -0.042590005007319187 0.01315981498318867 -0.0056708052010584729 0.058980811163994597 -0.017530380313448026 0.038576907825480497 -0.030402911495582004 0.045346065277217761 -0.0050856151065911577 -0.0093263813232754515 0.0047350105660474628 0.021163068046767444 -0.031117087318145664 -0.008354736682750186 0.019464704998446273 -0.0084905804519651244 -0.062223793885178749 0.035557048185067198 -0.0070964890407681242 0.010601589589070664 -0.039684362406287539 -0.016830325957641116 -0.03904928906456296 -0.042621894640427128 0.10406452544085154 0.0086622910694085318 -0.074644791298645735 -0.018304091145405401 0.015449866412268363 0.0045450505686573731
leaf_weight=84.886344082653522 76.704009845852852 44.908750027418137 351.80565425753593 16.986212089657784 278.36723110824823 19.01195477694273 18.122715458273888 15.14101182669401 8.6504935547709465 125.74113392084837 1300.6308160796762 91.699503444135189 22.608713701367378 480.32884033024311 90.465508848428726 232.57462813705206 11.851682320237158 25.126197412610054 24.669247046113014 73.947172209620476 22.606250427663326 71.675353333353996 47.229972288012505 7.3868275582790366 3.3503584638237962 64.268054448068142 6.6620841845870009 84.970060750842094 122.33167457580566 567.82987004518509
leaf_count=948 741 186 1517 118 1600 115 79 123 57 605 5745 532 93 2424 628 953 56 108 106 323 97 298 255 41 19 285 30 361 500 2325
internal_value=-0.000500225 -0.00137537 -0.000626009 0.00390418 -0.00522398 0.00273723 -0.00334013 0.00486044 -0.0089184 0.00446133 0.00403462 0.00522608 0.00411636 -0.0107424 0.025807 -0.000651562 -0.0118414 0.00231072 0.0143539 -0.00470869 -0.00774788 -0.0233977 -0.0278449 -0.000233199 0.0255815 0.000915859 -0.009643 -0.00665976 0.00270609 0.000750436
internal_weight=4392.54 4307.65 4230.95 2130.64 2100.3 2023.19 1821.94 1574.83 591.855 1559.69 1540.68 1414.94 1323.24 546.946 107.452 1230.08 151.445 67.9182 49.7954 448.359 374.412 83.527 66.6177 19.3877 12.0009 1078.64 155.9 149.238 922.736 800.404
internal_count=21268 20320 19579 9896 9683 9150 8083 7213 2982 7090 6975 6370 5838 2796 746 5101 647 293 214 1937 1614 354 372 117 76 4454 676 646 3778 3278
is_linear=0
shrinkage=0.05


Tree=41
num_leaves=31
num_cat=0
split_feature=12 13 17 12 13 12 46 13 32 34 17 12 21 38 13 18 0 12 4 9 10 10 33 33 29 13 25 31 22 22
split_gain=63.5974 53.5024 23.796 15.3254 12.9932 11.4869 9.89576 8.69768 9.26917 9.98328 9.86998 9.20311 9.00416 8.6631 8.42272 8.33235 9.72691 8.86154 8.28921 9.98595 15.4198 11.5387 8.13124 7.97025 11.0912 7.81698 7.81288 7.78127 9.57562 14.628
threshold=3275.0000000000005 -10524.999999999998 3.1666666666666674 27225.000000000004 -15874.999999999998 9625.0000000000018 1.0000000180025095e-35 -174.99999999999997 0.066666666666668775 0.64642857142857157 1.8333333333333337 13075.000000000002 -134.49999999999997 0.88000000000000111 -21974.999999999996 -1.0999999999999999 0.51666666666666672 25975.000000000004 4.5000000000000009 1.0000000180025095e-35 3.5000000000000004 -1.4999999999999998 0.26015873015873042 0.72666666666666668 0.59166666666666679 -1274.9999999999998 3.5000000000000004 0.85164835164835173 180.41666666666671 100.41666666666667
decision_type=2 2 2 2 2 2 2 2 2 2 2 2 2 2 2 2 2 2 2 2 2 2 2 2 2 2 2 2 2 2
left_child=22 3 6 4 -2 -4 7 8 12 10 -10 13 -3 27 -5 16 -11 -18 -7 21 -21 25 -1 24 -22 -20 -16 28 29 -9
right_child=1 2 5 14 -6 18 -8 11 9 15 -12 -13 -14 -15 26 -17 17 -19 19 20 23 -23 -24 -25 -26 -27 -28 -29 -30 -31
leaf_value=-0.0050547969922181829 -0.035030319708695822 0.045489604796963776 0.025613256822183406 -0.03539169061189084 -0.013818676892251615 -0.0064486672932637578 0.0085630726392458799 0.0084755507655524323 -0.0010609113222228186 -0.036187077761581414 -0.025421908193623523 -0.0016242492211554613 -0.0035263362295400421 -0.051849884533052587 -0.0033505507586320989 -0.0088501334272429299 0.062472879892521871 -0.014692462473750051 -0.055717599986214388 0.029215656854351475 0.00048820299829823799 -0.056860540888930416 0.048191902497586557 -0.06129634039790563 0.024183968594786186 0.020466470837683628 0.056798045478061887 0.027792588830663541 0.019553705482823036 -0.018338735173011864
leaf_weight=7.7289846464991561 144.94216102361679 16.656484968960285 97.779550440609455 20.23935890942812 146.34114677459002 94.513868153095245 247.65551290661097 162.7714770808816 492.03446352481842 70.014081306755543 45.380014106631279 1781.7638582214713 20.836213149130344 6.0268356278538695 138.74268020689487 197.67397593706846 4.6643458157777813 16.808074086904526 4.0782477408647564 99.175549745559692 178.26162949204445 11.33953423053026 74.275337003171444 4.2231813222169867 68.448730252683163 17.011502981185913 5.514309659600257 43.783035285770893 86.267193265259266 73.854759112000465
leaf_count=81 1220 73 592 182 787 388 1082 770 2131 315 208 7674 87 34 761 856 22 74 21 504 935 95 867 25 329 75 29 222 454 375
internal_value=-0.000476778 -0.00131082 0.000610024 -0.0175061 -0.0243991 0.00999092 -0.00103969 -0.00182946 -0.00606735 -0.00717528 -0.00313164 -0.000127291 0.0181795 0.00701425 -0.00526234 -0.0146696 -0.0271656 0.00204989 0.00677369 0.0100544 0.0125218 -0.0163867 0.0431124 0.00589508 0.00708988 0.00530493 -0.000978946 0.00800927 0.00530347 8.10587e-05
internal_weight=4378.81 4296.8 3841.02 455.78 291.283 574.832 3266.19 3018.53 864.068 826.575 537.414 2154.47 37.4927 372.703 164.496 289.16 91.4865 21.4724 477.052 382.538 350.109 32.4293 82.0043 250.934 246.71 21.0898 144.257 366.676 322.893 236.626
internal_count=21268 20320 17341 2979 2007 2964 14377 13295 3766 3606 2339 9529 160 1855 972 1267 411 96 2372 1984 1793 191 948 1289 1264 96 790 1821 1599 1145
is_linear=0
shrinkage=0.05


Tree=42
num_leaves=31
num_cat=0
split_feature=13 13 11 11 20 9 5 10 5 10 0 0 20 13 22 17 10 15 6 10 10 10 4 43 22 22 32 32 13 26
split_gain=53.8991 39.2419 23.8714 19.2681 13.9721 13.5951 15.5772 20.0153 13.0627 18.8078 11.6271 10.3873 9.40137 8.90328 8.54742 13.4767 11.622 8.53069 8.50785 7.73026 7.53348 7.79151 7.54722 7.4087 7.59663 8.50886 7.645 7.37506 9.48678 10.166
threshold=-10524.999999999998 16725.000000000004 5425.0000000000009 27675.000000000004 139.50000000000003 1.0000000180025095e-35 25.500000000000004 1.5000000000000002 24.500000000000004 -1.4999999999999998 0.31666666666666671 1.1166666666666669 206.50000000000003 23775.000000000004 -213.16666666666666 -1.1666666666666663 1.5000000000000002 3.5000000000000004 16.500000000000004 14.500000000000002 -2.4999999999999996 2.5000000000000004 8.5000000000000018 1.0000000180025095e-35 65.500000000000014 177.83333333333334 0.55000000000001437 0.2444444444444481 21375.000000000004 2.5000000000000004
decision_type=2 2 2 2 2 2 2 2 2 2 2 2 2 2 2 2 2 2 2 2 2 2 2 2 2 2 2 2 2 2
left_child=2 5 -1 -3 20 8 11 -8 18 10 -10 14 -9 23 -7 16 -16 -4 -2 -14 -5 22 -22 24 -6 -26 -27 -25 -29 -30
right_child=1 3 17 4 13 6 7 12 9 -11 -12 -13 19 -15 15 -17 -18 -19 -20 -21 21 -23 -24 27 25 26 -28 28 29 -31
leaf_value=-0.037798067471755542 -0.0012358998251542708 0.035464538876472169 -0.012463966773885511 -0.057403474809701184 0.058937568265536658 0.046842761154520608 0.055434248633099772 -0.0025959429835188423 -0.042662575494299498 -0.05405249319854008 -0.0049786227388193315 -0.037430572939005133 0.022624716844286352 0.037578178596358293 -0.01092566304821075 0.0024773422423635776 -0.071593128156719116 0.020639305111285363 -0.03331715020019501 -0.04208031093684865 -0.0085992669053978326 -0.028365655342882989 0.024791892773959469 -0.028719328181628534 -0.026116206675760274 0.017148258548491665 -0.018003593011042224 0.066115380879537874 -0.049939867021961439 0.04680274313865903
leaf_weight=104.35780020803213 1476.4986626207829 99.825123444199562 325.86984495818615 6.4599140286445609 6.3024366348981848 10.234369561076162 27.182637795805931 86.295764543116093 23.071322783827782 26.518101744353771 180.80270825326443 17.209352165460587 100.06114714592695 43.650234520435333 99.270995296537876 1447.0890510603786 8.5342034399509412 20.500609345734119 20.876521281898022 4.6974906474351874 37.338408350944519 21.021756768226624 30.602117232978344 4.021434202790263 20.490922458469868 70.823241755366325 19.568086311221123 16.722345598042015 4.5801627188920957 6.3356034308671951
leaf_count=1032 6122 910 1833 30 32 57 303 382 121 278 888 71 596 416 412 6180 35 114 120 30 229 116 190 23 102 383 104 95 24 40
internal_value=-0.000454207 0.00142933 -0.0168268 0.0165258 0.0099321 -0.000228683 0.00280999 0.0153311 -0.00339828 -0.0144819 -0.00928645 0.00107905 0.0095732 0.0176905 0.00150804 0.00120344 -0.0158365 -0.0104849 -0.00168871 0.0196382 -0.00566856 -0.0017955 0.0063818 0.0118033 0.00594026 0.0028325 0.00947178 0.0332602 0.0425297 0.00567162
internal_weight=4366.81 3916.08 450.728 387.742 287.917 3528.34 1800.58 218.237 1727.77 230.392 203.874 1582.34 191.054 192.494 1565.13 1554.89 107.805 346.37 1497.38 104.759 95.4222 88.9623 67.9405 148.844 117.185 110.882 90.3913 31.6595 27.6381 10.9158
internal_count=21268 18289 2979 2694 1784 15595 8066 1311 7529 1287 1009 6755 1008 1219 6684 6627 447 1947 6242 626 565 535 419 803 621 589 487 182 159 64
is_linear=0
shrinkage=0.05


Tree=43
num_leaves=31
num_cat=0
split_feature=12 13 17 11 12 12 19 21 33 13 41 32 27 20 12 38 38 20 32 42 38 35 13 0 11 33 11 10 22 30
split_gain=56.7028 45.1439 23.3381 13.3082 11.6305 10.0456 9.39377 10.6254 13.7575 8.91403 9.56939 8.56406 17.6612 12.4734 9.71686 12.1282 8.49869 9.00404 12.8415 8.08413 12.101 10.2393 10.286 8.05875 10.033 7.99602 8.96688 7.93016 9.87894 7.85593
threshold=3275.0000000000005 -16874.999999999996 3.1666666666666674 19075.000000000004 27225.000000000004 9625.0000000000018 -315.49999999999994 -138.49999999999997 0.10666666666666662 -6974.9999999999991 1.0000000180025095e-35 0.60000000000000708 2.4166666666666674 183.50000000000003 27275.000000000004 0.41666666666666874 0.60714285714285865 -155.49999999999997 0.28571428571428586 1.0000000180025095e-35 0.61626984126984297 0.34848484848484856 3675.0000000000005 0.8500000000000002 24825.000000000004 0.26015873015873042 29275.000000000004 -6.4999999999999991 -199.83333333333329 0.37171052631578955
decision_type=2 2 2 2 2 2 2 2 2 2 2 2 2 2 2 2 2 2 2 2 2 2 2 2 2 2 2 2 2 2
left_child=25 4 3 -3 -2 -4 7 8 -5 -8 11 13 14 19 -13 -16 -12 18 -18 21 27 22 29 24 -9 26 -1 -21 -29 -11
right_child=1 2 5 6 -6 -7 9 23 -10 10 16 12 -14 -15 15 -17 17 -19 -20 20 -22 -23 -24 -25 -26 -27 -28 28 -30 -31
leaf_value=0.041870564586405187 -0.03517763903520426 -0.007844850798796885 0.024049263706765436 0.087881703802700037 -0.010208536738184283 0.0062790336511529283 0.02700679506633474 -0.0097711904058782311 -0.0032576678707989396 -0.0079499123287106836 -0.01128629386175997 0.0082201753955737263 -0.020744613720425603 0.0066091348173153977 -0.0079447414007379064 0.04174910762244629 -0.028264987697185412 -0.0027523039100201332 0.048146789084494976 -0.052918097216381077 -0.026989791246384912 0.0028839107832317671 0.0029408621927331131 0.033751271314338638 -0.043790791653542015 0.047294579557268318 -0.065651976004764898 0.062149743330580202 -0.0036330494929644012 -0.031211292221601523
leaf_weight=4.1905395984649649 112.7510327026248 688.83991742134094 95.650950714945793 4.2359456419944754 80.835929453372955 480.69281984865665 31.675202682614326 44.431887209415436 91.330006167292595 94.477276064455509 292.04652563482523 272.17090864479542 45.332498267292976 538.62699583172798 16.008295312523842 50.075331926345825 7.2232728973031071 109.54807413369417 21.410895667970181 7.763284593820571 75.923868261277676 694.68162566423416 110.40588811784983 5.7406548261642447 43.238368891179562 69.69097463041544 3.4209063872694969 5.7754673510789862 194.63291185349226 59.775342985987663
leaf_count=48 1044 3291 592 20 555 2412 139 185 438 394 1277 1187 216 2380 70 218 31 483 93 33 328 3091 498 26 207 867 33 26 830 256
internal_value=-0.000432829 -0.00120181 -8.13696e-05 -0.0016157 -0.0247878 0.00924054 -9.02351e-05 -0.010856 0.000817445 0.000682533 0.000358368 0.00171334 0.00848982 0.000251508 0.0124275 0.0296418 -0.00644937 0.00373803 0.0286658 -0.00249876 -0.00990619 -0.00029913 -0.00867087 -0.0228403 -0.0266372 0.0419784 -0.00603092 -0.00364152 -0.0016823 -0.0170108
internal_weight=4352.6 4275.3 4081.71 3505.37 193.587 576.344 2816.53 188.977 95.566 2627.55 2595.88 2165.65 383.587 1782.06 338.255 66.0836 430.229 138.182 28.6342 1243.44 284.096 959.34 264.659 93.4109 87.6703 77.3024 7.61145 208.172 200.408 154.253
internal_count=21268 20320 18721 15717 1599 3004 12426 876 458 11550 11411 9527 1691 7836 1475 288 1884 607 124 5456 1217 4239 1148 418 392 948 81 889 856 650
is_linear=0
shrinkage=0.05


Tree=44
num_leaves=31
num_cat=0
split_feature=12 11 9 15 5 10 17 27 17 0 24 10 4 0 7 19 10 36 11 28 11 4 17 42 13 19 22 5 46 19
split_gain=53.0309 41.9417 24.869 18.3388 17.1349 24.274 11.777 10.7269 10.7202 10.8162 9.70622 9.6294 13.6034 9.44821 12.7578 11.3491 17.7335 9.01756 9.37149 9.9742 9.40604 8.76939 8.7641 8.54921 8.41185 8.81746 9.70974 8.3836 7.73597 9.48214
threshold=3275.0000000000005 3475.0000000000005 1.0000000180025095e-35 5.5000000000000009 24.500000000000004 -1.4999999999999998 -1.1666666666666663 -2.4166666666666665 -1.1666666666666663 1.1833333333333336 5.5000000000000009 1.5000000000000002 16.500000000000004 0.18333333333333338 7.5000000000000009 -159.49999999999997 -1.4999999999999998 0.72077922077922085 31675.000000000004 1.9000000000000001 27925.000000000004 46.500000000000007 5.8333333333333348 1.0000000180025095e-35 6275.0000000000009 -220.49999999999997 206.83333333333334 31.500000000000004 1.0000000180025095e-35 -104.49999999999999
decision_type=2 2 2 2 2 2 2 2 2 2 2 2 2 2 2 2 2 2 2 2 2 2 2 2 2 2 2 2 2 2
left_child=-1 -2 4 7 13 6 -6 -4 11 10 21 12 -9 14 -3 -16 -17 24 19 20 -19 -10 -5 -22 28 -26 -27 -13 -15 -30
right_child=1 2 3 22 5 -7 -8 8 9 -11 -12 27 -14 17 15 16 -18 18 -20 -21 23 -23 -24 -25 25 26 -28 -29 29 -31
leaf_value=0.041329310608880933 -0.039848791195714543 -0.0045579569943530801 0.037113347580034158 0.057883823415749297 -0.021293377058716575 -0.054947915778694803 0.00089276211249460398 -0.011556521346522085 0.0021807422189698117 -0.035831225350459427 0.044047194612821576 -0.065927893443809449 0.051977458989825087 -0.0056890875334467917 -0.048598672765697591 0.0066824008119890782 -0.068721402038481899 0.0025867189196005693 0.06296951023400349 -0.018096098966042602 0.030782744212169179 0.020023255082143289 0.017485958199007955 -0.0057176681188002417 -0.031662586129691785 0.040817983848250056 -0.012369451582861414 0.0028338664373577286 -0.0027563507225395831 0.034472392317865683
leaf_weight=74.675115540623665 68.768920414149761 229.36042073369026 21.739479959011078 16.012859120965004 120.5766267478466 34.946754656732082 117.76472865790129 99.443837724626064 1758.423332631588 17.795727796852589 14.353253960609434 13.628875680267813 9.0869744345545751 938.2216863706708 35.999942906200886 33.824730575084686 9.996404826641081 304.94498130679131 6.7818937227129927 45.143716134130955 62.746507205069065 71.672416128218174 87.356951996684074 21.213150843977928 7.798554800450801 30.059433899819851 11.761339001357554 6.3335121721029273 44.960671365261078 27.280268721282482
leaf_count=948 741 1049 133 118 693 358 549 409 7815 83 122 61 87 4158 189 148 56 1359 28 198 259 411 628 86 42 132 57 29 203 119
internal_value=-0.000412006 -0.00114446 -0.000508488 0.00330827 -0.0043871 -0.0160582 -0.0103144 0.00224995 0.00186487 0.00283106 0.00320871 -0.0120904 -0.00614802 -0.00262144 -0.0105807 -0.0277968 -0.0105221 -0.000977931 0.00502666 0.00409551 0.00668833 0.0028833 0.0238421 0.0215053 -0.00347987 0.0165779 0.0257469 -0.0439571 -0.00447131 0.0112614
internal_weight=4342.67 4268 4199.23 2115.85 2083.38 273.288 238.341 2012.48 1990.74 1862.24 1844.45 128.493 108.531 1810.09 309.181 79.8211 43.8211 1500.91 440.83 434.048 388.905 1830.1 103.37 83.9597 1060.08 49.6193 41.8208 19.9624 1010.46 72.2409
internal_count=21268 20320 19579 9896 9683 1600 1242 9150 9017 8431 8348 586 496 8083 1442 393 204 6641 1930 1902 1704 8226 746 345 4711 231 189 90 4480 322
is_linear=0
shrinkage=0.05


Tree=45
num_leaves=31
num_cat=0
split_feature=11 12 11 41 12 19 22 29 4 7 23 37 5 31 15 23 12 7 21 13 27 45 29 32 5 4 43 19 22 20
split_gain=47.3372 47.1453 20.6799 13.469 12.5532 15.3428 12.3433 10.3163 11.4072 10.4811 9.89722 9.16384 9.00353 8.13404 7.68213 12.0538 7.70791 10.6956 10.4888 7.62591 7.59684 7.34066 7.19675 9.24248 9.08355 7.15689 7.99746 8.28396 9.11132 7.95144
threshold=15975.000000000002 4575.0000000000009 3475.0000000000005 1.0000000180025095e-35 10775.000000000002 250.50000000000003 -133.16666666666666 0.68333333333333346 5.5000000000000009 10.500000000000002 128.67500000000004 0.49444444444445063 86.500000000000014 0.81666666666666676 -2.4999999999999996 75.700000000000003 23775.000000000004 3.5000000000000004 -138.49999999999997 4975.0000000000009 -4.1666666666666652 1.0000000180025095e-35 0.68333333333333346 0.70000000000001783 39.500000000000007 28.500000000000004 1.0000000180025095e-35 23.500000000000004 100.41666666666667 269.50000000000006
decision_type=2 2 2 2 2 2 2 2 2 2 2 2 2 2 2 2 2 2 2 2 2 2 2 2 2 2 2 2 2 2
left_child=2 -2 -1 4 5 13 -4 -5 9 10 -9 -11 14 25 15 16 18 -18 20 22 -6 -7 23 -19 -24 26 27 -3 -29 -30
right_child=1 3 6 7 12 21 -8 8 -10 11 -12 -13 -14 -15 -16 -17 17 19 -20 -21 -22 -23 24 -25 -26 -27 -28 28 29 -31
leaf_value=-0.037650765951581261 0.036450161926683759 -0.055779853186456077 -0.019677295391632002 -0.0024207845443872918 -0.031578447117979545 0.030975475907693496 -0.004786701393497181 -0.028920824550082692 -0.037190201448504427 -0.015144455531522084 0.031916731232579529 0.070409032105899799 0.030431230066136784 0.035221817105184551 0.00281411558802315 -0.028372275066481663 0.042102572463366142 5.9427856921248551e-05 -0.028089072358036749 -0.041717780809971357 0.015917106467560945 -0.04078981772175793 0.011044149733309656 -0.043057582987807382 0.081442134972850438 0.035031235689758217 0.019598829365951684 0.015471013622935452 -0.041799843107239346 0.0013036216499567859
leaf_weight=66.923306941986084 98.871072769165039 10.299989283084868 187.43574098497629 453.54919497668743 11.025626145303248 99.08314423263073 545.91095234453678 32.090836271643639 49.662939935922623 5.1064292341470701 8.2786507308483106 7.5537614375352859 27.173278219997883 16.44089213013649 2145.3881916105747 46.510822601616383 15.847209766507147 225.28826088830829 55.941652745008469 10.425220414996145 34.206721529364586 3.5535547137260428 55.094317190349102 13.040661327540873 4.9448205456137648 11.389319658279417 22.444603078067303 25.982979848980904 23.054616078734398 19.47357901930809
leaf_count=744 1175 50 1081 2024 62 578 2786 131 227 21 35 32 175 88 9467 198 64 1007 237 51 154 18 232 65 26 74 116 129 118 102
internal_value=-6.1135e-05 0.00242578 -0.0110415 0.00144334 0.00282174 0.0139815 -0.00860156 -0.00567529 -0.0199841 -0.00373654 -0.0162732 0.0356613 0.00184163 0.00246165 0.00154179 -0.00422612 -0.0015709 0.00217205 -0.0136207 9.36752e-05 0.00418539 0.0284048 0.00158484 -0.00229591 0.017051 -0.00230245 -0.00658152 -0.0141162 -0.00770738 -0.0219888
internal_weight=4331.99 3531.72 800.27 3432.85 2876.61 231.723 733.347 556.242 102.693 53.0297 40.3695 12.6602 2644.89 129.086 2617.71 472.325 425.814 324.64 101.174 308.793 45.2323 102.637 298.368 238.329 60.0391 112.645 101.256 78.8112 68.5112 42.5282
internal_count=21267 16656 4611 15481 13011 1273 3867 2470 446 219 166 53 11738 677 11563 2096 1898 1445 453 1381 216 596 1330 1072 258 589 515 399 349 220
is_linear=0
shrinkage=0.05


Tree=46
num_leaves=31
num_cat=0
split_feature=11 12 11 23 41 12 19 44 19 14 31 37 36 29 36 32 5 32 38 34 11 32 38 6 13 21 7 21 26 19
split_gain=42.9593 43.9863 20.1291 13.1186 12.1645 11.6274 20.1504 10.0253 10.6631 9.7363 9.69983 9.6077 11.3957 10.0439 9.92145 9.64803 9.03207 8.84643 8.67783 8.30827 8.12673 7.88401 7.79899 11.3416 7.25229 7.19717 7.50622 7.11202 8.5976 7.03259
threshold=15975.000000000002 4575.0000000000009 1550.0000000000002 -177.89999999999998 1.0000000180025095e-35 9625.0000000000018 216.50000000000003 1.0000000180025095e-35 -359.49999999999994 4.5000000000000009 0.73863636363636376 0.53290043290043798 0.59411764705882364 0.68333333333333346 0.65833333333333344 0.22222222222223428 86.500000000000014 0.66666666666667362 0.73003496503496634 0.59411764705882364 23375.000000000004 0.19722222222222982 0.60500000000000076 6.5000000000000009 -3424.9999999999995 263.50000000000006 7.5000000000000009 -224.49999999999997 -2.4999999999999996 125.50000000000001
decision_type=2 2 2 2 2 2 2 2 2 2 2 2 2 2 2 2 2 2 2 2 2 2 2 2 2 2 2 2 2 2
left_child=2 -2 -1 27 5 6 10 9 -9 -5 17 13 18 -6 -15 -14 -7 19 20 25 -13 -22 23 -17 -24 26 -3 28 -4 -27
right_child=1 4 3 7 11 16 -8 8 -10 -11 -12 12 15 14 -16 22 -18 -19 -20 -21 21 -23 24 -25 -26 29 -28 -29 -30 -31
leaf_value=-0.053095161959011622 0.035659997116294216 -0.021207105158183644 -0.02278245508702921 -0.010852011534429556 -0.0074477415081170631 0.0015899365405416259 0.031855533962959585 0.09577599221241645 0.0042857523903442156 0.019343275416667489 0.030909589621249574 0.053008483689919478 0.019575775960737878 -0.042226062775837674 0.015723475796117249 -0.017543857393931463 0.030234552655471328 -0.069284491675689328 -0.026579303829106723 -0.025929586141995926 -0.034425862399613087 0.019682947705736281 -0.041202309542427921 -0.08867956182775269 0.0021768287444492054 -0.067440385085817567 0.045831701519757968 -0.04743450251860265 0.045933338125546307 0.016630359424935844
leaf_weight=26.81341677159071 96.082516171038151 5.4791019111871782 54.657097302377224 541.95812652260065 225.48474594205618 2677.5439869128168 88.545742690563202 3.1913932487368575 107.53973563760519 27.876509189605713 16.836253359913826 16.19617423415184 31.014040075242519 41.991647072136402 8.7626897990703565 51.35904024541378 27.729204945266247 5.9405499100685111 10.516717553138731 26.743351019918919 7.4952915757894507 56.234122335910797 10.669808641076086 6.267424337565898 90.225527718663216 4.6214895248413068 15.804842188954352 29.185508906841278 4.8290842399001113 5.0451121628284454
leaf_count=315 1175 28 374 2936 999 11870 530 19 582 165 92 72 135 181 37 221 180 30 44 141 33 250 49 31 418 23 90 191 29 27
internal_value=-5.76921e-05 0.0023094 -0.0105494 -0.00905317 0.00137284 0.00268379 0.015407 -0.00668421 0.00705175 -0.00936294 -0.00264718 -0.00539188 0.00111937 -0.0120074 -0.0321116 -0.00582952 0.0018865 -0.0116386 0.0157274 -0.00550684 0.0213829 0.0131968 -0.0108407 -0.0255074 -0.00239732 0.0120054 0.0283217 -0.0271509 -0.0170525 -0.0233299
internal_weight=4322.64 3526.59 796.051 769.237 3430.51 2874.29 169.016 680.566 110.731 569.835 80.4707 556.217 279.978 276.239 50.7543 189.536 2705.27 63.6344 90.4423 57.6939 79.9256 63.7294 158.522 57.6265 100.895 30.9505 21.2839 88.6717 59.4862 9.6666
internal_count=21267 16656 4611 4296 15481 13011 961 3702 601 3101 431 2470 1253 1217 218 854 12050 339 399 309 355 283 719 252 467 168 118 594 403 50
is_linear=0
shrinkage=0.05


Tree=47
num_leaves=31
num_cat=0
split_feature=12 24 15 12 26 10 24 38 5 7 0 33 38 17 32 10 12 9 10 7 25 20 0 0 7 20 28 4 44 0
split_gain=39.7698 19.9292 16.2642 9.32808 11.5903 12.1048 8.37212 7.97893 7.91749 9.25615 8.42215 8.65612 8.3061 7.33568 7.07992 6.85807 6.54084 6.35146 15.6244 25.4353 15.0969 14.3846 13.5766 13.0391 28.1707 13.9126 12.8093 9.95728 9.51512 8.8866
threshold=3025.0000000000005 5.5000000000000009 -2.4999999999999996 12025.000000000002 5.5000000000000009 1.0000000180025095e-35 -5.4999999999999991 0.15000000000000135 2.5000000000000004 3.5000000000000004 0.11666666666666668 0.066666666666666638 0.41666666666666785 6.166666666666667 0.7000000000000105 3.5000000000000004 16025.000000000002 1.0000000180025095e-35 1.5000000000000002 24.500000000000004 5.5000000000000009 1.0000000180025095e-35 0.8500000000000002 0.2166666666666667 8.5000000000000018 -42.499999999999993 1.9000000000000001 41.500000000000007 1.0000000180025095e-35 0.65000000000000002
decision_type=2 2 2 2 2 2 2 2 2 2 2 2 2 2 2 2 2 2 2 2 2 2 2 2 2 2 2 2 2 2
left_child=-1 2 8 -3 5 -5 -4 -6 12 -10 -11 -12 -2 15 -14 -9 -15 26 19 23 21 -20 -21 24 -19 -25 27 28 29 -8
right_child=1 3 6 4 7 -7 17 13 9 10 11 -13 14 16 -16 -17 -18 18 20 22 -22 -23 -24 25 -26 -27 -28 -29 -30 -31
leaf_value=0.039462112809335537 0.0050492141508320619 0.045255135281856554 -0.059887345865545422 -0.062943836920736351 -0.069068537591268533 0.057975735899731519 -0.0028109933979861067 0.022590596542667707 0.023716761248307103 -0.045611105189396178 0.036062482404786843 -0.0071080800561184173 -0.04548962881257218 -0.056160037708634869 0 -0.039582666420653077 0.02271976932453694 0.0083905447305950408 -0.022438462200259957 0.058878180549912486 0.062627698012122798 0.00055252499749978978 0.01007682982438912 0.008206329971977332 0.081586774197287187 -0.01482191656133762 -0.012724535171626146 -0.020592114462297237 0.011731993525023956 0.0090296373747700276
leaf_weight=62.639242902398109 17.467530928552151 27.62723720818758 5.6610396578907958 2.2099471390247372 3.6684139966964713 18.33942799270153 930.45595090836287 6.4214034080505398 24.973853662610054 13.901706971228121 11.677623547613619 688.07579747214913 36.955936901271343 2.6856087669730178 11.334520816802977 13.381074346601961 40.037577919661999 62.666482336819172 71.961716048419476 38.015238724648952 9.3698694854974729 1212.53367818892 23.276694878935814 213.81391707062721 16.615351483225822 94.447043590247631 231.33058857172728 56.136823706328869 175.23444224148989 190.80311216413975
leaf_count=879 86 232 46 14 22 156 4407 45 111 94 59 3378 193 19 62 93 280 271 325 362 61 5469 110 909 77 405 1122 329 809 842
internal_value=-5.46891e-05 -0.000639056 -0.00120965 0.0199383 0.0117746 0.0444877 0.000329326 0.00149189 -0.0075906 -0.00609945 -0.00715303 -0.00637545 -0.0242294 0.00581522 -0.0349119 -0.0191581 0.017525 0.000435098 0.00251912 0.0105565 -0.000265747 -0.000733261 0.0404731 0.00580296 0.023877 0.00113205 -0.00185464 1.46864e-06 0.000898525 -0.000791005
internal_weight=4313.72 4251.08 4136.71 114.371 86.7435 20.5494 3332.32 66.1941 804.387 738.629 713.655 699.753 65.758 62.5257 48.2905 19.8025 42.7232 3326.66 1742.7 448.835 1293.87 1284.5 61.2919 387.543 79.2818 308.261 1583.96 1352.63 1296.49 1121.26
internal_count=21267 20388 19527 861 629 170 15544 459 3983 3642 3531 3437 341 437 255 138 299 15498 7989 2134 5855 5794 472 1662 348 1314 7509 6387 6058 5249
is_linear=0
shrinkage=0.05


Tree=48
num_leaves=31
num_cat=0
split_feature=13 13 11 14 11 11 22 23 4 5 43 14 31 21 41 37 36 8 11 21 0 29 36 32 23 21 17 34 30 31
split_gain=38.4098 26.0927 14.0247 11.3827 11.1817 10.5778 9.88438 8.03784 10.7242 8.19278 7.95629 9.60498 7.4461 8.42264 7.23873 9.49387 9.30103 9.86398 12.8957 12.6177 8.38891 7.66053 9.63402 7.35865 6.82739 10.2807 9.39667 8.68555 7.31878 9.01022
threshold=-16574.999999999996 18325.000000000004 27675.000000000004 6.5000000000000009 1550.0000000000002 15975.000000000002 -133.16666666666666 578.70000000000016 26.500000000000004 8.5000000000000018 1.0000000180025095e-35 3.5000000000000004 0.97058823529411775 280.50000000000006 1.0000000180025095e-35 0.53290043290043798 0.59411764705882364 0.33250825082508256 29075.000000000004 -174.49999999999997 0.38333333333333336 0.68333333333333346 0.65833333333333344 0.19047619047619882 -177.89999999999998 -97.499999999999986 -0.41666666666666657 0.78888888888888908 0.68333333333333346 0.29285714285714287
decision_type=2 2 2 2 2 2 2 2 2 2 2 2 2 2 2 2 2 2 2 2 2 2 2 2 2 2 2 2 2 2
left_child=4 3 -3 5 -1 6 -2 -5 9 -9 11 12 -4 -14 -7 21 23 18 19 -18 -21 -16 -23 -17 -6 26 27 28 29 -26
right_child=1 2 10 7 24 14 -8 8 -10 -11 -12 -13 13 -15 15 16 17 -19 -20 20 -22 22 -24 -25 25 -27 -28 -29 -30 -31
leaf_value=-0.052660168540421881 -0.018597933360689701 0.035735342767024982 -0.0084455290479128666 0.036765741983161682 -0.039041724023151841 0.0017008566757218007 -0.0031194688194937266 0.004598663501440562 0.01973757221524966 -0.096964359082580498 0.027174772601754202 0.019621530858439779 0.048095452907006342 -0.035956090272885641 -0.0073217726452520296 -0.027566997677238966 0.033438352636743343 -0.01190460974392616 0.070663522589896235 -0.045050762034361966 0.021416988080076332 -0.039184835280936942 0.018862499138163413 0.020132951327861821 -0.029730283449427821 -0.020912007548236258 0.084868191242358004 0.056356368473539468 -0.047767174152314185 0.033967204134423078
leaf_weight=25.375049114227295 134.24387557804585 64.513816479593515 106.39342517033219 35.155428938567638 29.218461908400059 2634.8536470755935 449.55541843175888 3.6084346324205425 20.659169420599937 4.0635052546858788 50.212950386106968 69.518862873315811 12.292199410498144 3.7751317620277396 206.31526574119925 8.8408293649554235 17.880609013140198 128.80573126301169 8.3697996288537961 14.412890873849397 6.8652071207761756 41.367673076689243 8.4472288191318494 78.591129660606384 9.8032149076461845 101.26822481304407 3.5917007103562346 5.8815741986036292 8.8093516603112203 12.465466402471064
leaf_count=313 717 727 658 277 257 11641 2123 24 150 28 343 498 83 20 895 39 78 573 37 63 31 181 36 347 73 824 25 44 69 93
internal_value=-5.02002e-05 0.000981452 0.015008 -0.000149105 -0.0216462 -0.000507185 -0.00668986 0.0208263 0.000811711 -0.0491071 0.00945366 0.00478088 -0.00361224 0.0279374 0.000635535 -0.00475323 0.00188863 -0.00470129 0.0146993 0.00246057 -0.0233717 -0.0116107 -0.0292234 0.0152266 -0.0169877 -0.0123844 0.00878746 0.00105003 -0.00940361 0.00569494
internal_weight=4305.16 4108.74 306.706 3802.04 196.413 3738.55 583.799 63.4865 28.3311 7.67194 242.193 191.98 122.461 16.0673 3154.75 519.896 263.766 176.334 47.5285 39.1587 21.2781 256.13 49.8149 87.432 171.038 141.82 40.5513 36.9596 31.078 22.2687
internal_count=21267 19569 2329 17240 1698 16761 2840 479 202 52 1602 1259 761 103 13921 2280 1168 782 209 172 94 1112 217 386 1385 1128 304 279 235 166
is_linear=0
shrinkage=0.05


Tree=49
num_leaves=31
num_cat=0
split_feature=12 13 24 11 11 41 12 26 7 12 19 13 31 38 17 4 38 28 44 41 23 38 31 18 27 8 11 31 38 5
split_gain=35.7017 33.4894 15.4165 11.0964 10.9268 9.64391 8.67602 10.762 8.52302 8.22009 9.87637 10.2227 8.32333 7.71296 7.43084 7.12825 7.11227 10.017 6.83497 9.20917 10.8386 9.40225 7.09964 11.3616 8.53369 8.31023 6.76559 8.25755 6.8925 6.49272
threshold=3025.0000000000005 -16574.999999999996 5.5000000000000009 15975.000000000002 1550.0000000000002 1.0000000180025095e-35 12025.000000000002 5.5000000000000009 51.500000000000007 9625.0000000000018 216.50000000000003 23475.000000000004 0.73863636363636376 0.15000000000000135 6.166666666666667 16.500000000000004 0.4866666666666683 1.5500000000000003 1.0000000180025095e-35 1.0000000180025095e-35 -70.549999999999983 0.7172619047619061 0.11805555555555557 -1.0000000180025095e-35 1.1666666666666667 0.62476765799256517 23775.000000000004 0.24038461538461542 0.6996323529411782 7.5000000000000009
decision_type=2 2 2 2 2 2 2 2 2 2 2 2 2 2 2 2 2 2 2 2 2 2 2 2 2 2 2 2 2 2
left_child=-1 4 3 8 -2 9 -4 -8 18 10 12 -12 15 -9 -15 26 17 -13 19 29 -21 -22 -20 -24 -25 -26 -5 28 -28 -3
right_child=1 2 6 5 -6 -7 7 13 -10 -11 11 16 -14 14 -16 -17 -18 -19 22 20 21 -23 23 24 25 -27 27 -29 -30 -31
leaf_value=0.038391740702396288 -0.052300503943343506 -0.015791499800125872 0.043908513462249395 0.021086561103454072 -0.016343605867567612 -0.0050850328767748608 0.04479456341497199 -0.068365960926269093 -0.024003572018320336 0.0014510844633275502 0.033073693396348157 -0.12149101488196104 0.031402548110256605 -0.019672733043765239 0.017759790761772771 0.026968352409872477 0.018897089713652684 -0.002998580155454966 -0.01693443467314663 -0.015763080139189849 0.013239971356246775 0.076232510056575886 0.042770916886013373 -0.023066396785530328 -0.0077686324431074138 0.064724738604020421 0.015371768577219724 -0.039923305237931681 -0.057546657755160373 -0.001722844986747606
leaf_weight=59.463776480406523 24.299971513450146 217.46465444564819 26.433799125254154 11.004558749496935 169.04318738728762 549.18001369014382 18.056593652814627 3.6545084565877906 62.276910327374935 2630.1439752429724 70.109130226075649 2.6557678803801563 17.846933670341969 19.515114404261112 40.456295356154442 12.798871144652365 9.8861242271959764 5.3297768905758858 19.660636872053146 30.759828567504883 47.625336676836014 6.7477398067712775 25.552970387041569 19.436080671846867 8.1451274901628476 7.3587567061185828 17.101336769759659 27.628689415752888 3.8886982277035704 133.03318825364113
leaf_count=879 313 996 232 58 1385 2436 160 21 377 11523 427 22 107 134 290 87 78 39 94 152 216 34 123 88 37 32 97 152 21 657
internal_value=-4.77449e-05 -0.000589282 0.000381725 -0.000128933 -0.0209133 0.000971433 0.0189998 0.0108339 -0.00652794 0.00215769 0.0125492 0.0244628 0.000868167 0.00106248 0.00548328 -0.00662038 -0.009035 -0.0440394 -0.00440396 -0.00687944 0.00783097 0.0212748 0.00897968 0.0174985 -0.000910796 0.0265134 -0.0139474 -0.0220068 0.00141672 -0.0104679
internal_weight=4296.56 4237.09 4043.75 3935.64 193.343 3357.57 108.116 81.6825 578.061 2808.39 178.25 87.9808 90.2691 63.6259 59.9714 72.4222 17.8717 7.98554 515.784 435.631 85.1329 54.3731 80.1536 60.4929 34.94 15.5039 59.6233 48.6187 20.99 350.498
internal_count=21267 20388 18690 17853 1698 15047 837 605 2806 12611 1088 566 522 445 424 415 139 61 2429 2055 402 250 374 280 157 69 328 270 118 1653
is_linear=0
shrinkage=0.05


Tree=50
num_leaves=31
num_cat=0
split_feature=12 13 24 21 13 27 10 10 12 12 30 12 13 20 37 7 10 7 21 41 11 7 9 10 0 31 19 7 35 7
split_gain=34.5827 27.1617 12.9502 11.6951 11.6353 11.3041 11.6472 23.0969 14.9961 10.7179 10.0014 9.75138 13.9688 10.4241 13.1068 9.16337 8.86902 12.6177 11.9444 8.46715 9.14294 8.3599 8.94882 18.2684 13.8706 8.24347 9.00234 11.2928 11.7956 8.0975
threshold=3025.0000000000005 -17224.999999999996 -5.4999999999999991 -372.49999999999994 6075.0000000000009 3.8333333333333335 -2.4999999999999996 -3.4999999999999996 19475.000000000004 27225.000000000004 0.68333333333333346 27175.000000000004 -3074.9999999999995 261.50000000000006 0.41111111111112192 31.500000000000004 -1.4999999999999998 77.500000000000014 478.50000000000006 1.0000000180025095e-35 26375.000000000004 23.500000000000004 1.0000000180025095e-35 1.5000000000000002 1.0500000000000003 0.34313725490196084 -245.49999999999997 22.500000000000004 0.59411764705882364 25.500000000000004
decision_type=2 2 2 2 2 2 2 2 2 2 2 2 2 2 2 2 2 2 2 2 2 2 2 2 2 2 2 2 2 2
left_child=-1 9 3 -3 11 6 7 8 -6 -2 16 12 -4 14 15 -13 17 -8 -18 -15 -21 -14 -23 29 -25 26 27 -16 -29 -24
right_child=1 2 4 -5 5 -7 10 -9 -10 -11 -12 13 21 19 25 -17 18 -19 -20 20 -22 22 23 24 -26 -27 -28 28 -30 -31
leaf_value=0.038776781022573065 -0.031426100480385445 -0.0079278211221807237 -0.010583716275132516 -0.061757004050468522 -0.016915883690996954 0.01857337937865176 0.031745300330796915 -0.058273055718367717 0.095695777981607846 -0.005549086470146891 0.015684263740553008 -0.013307959835102467 0.0014020148147045215 0.022588956612971632 0.038088695820985063 0.011593182243252511 0.0011891478329480009 -0.038567397858736342 -0.064428306147403955 -0.053716376591199204 0.010323647407113945 -0.016263917740311658 -0.02785826727061206 -0.0042278965824457991 -0.09028115877722892 0.011493228809969393 -0.0045249585861700638 0.038581731144008757 -0.062655903097372234 0.046282927619749462
leaf_weight=57.702491115778685 91.955215148627758 31.194515325129032 435.48067258298397 15.034681107848881 7.1330323964357358 140.71057473123074 45.162871219217777 20.450914785265923 4.8538700938224792 71.819215372204781 162.51521304994822 191.05288960784674 1241.952131934464 108.2321263179183 28.465109020471573 45.503761328756809 701.58303940668702 7.2807321101427069 6.9032677859067908 7.8849245086312321 18.135464478284121 155.38617219775915 4.1386752873659161 131.60379482805729 4.7667609751224509 284.62890737503767 229.56270310655236 4.8136060088872892 6.7515579387545586 25.718333553522825
leaf_count=877 975 187 2208 105 32 901 201 99 22 532 790 799 5040 514 119 245 3347 34 36 36 83 818 17 689 21 1272 1007 22 33 217
internal_value=0.000363293 -0.000160354 0.000642636 -0.0256376 0.000946677 0.00533914 0.00338403 -0.025996 0.0286849 -0.0201192 0.00442417 -0.000699009 -0.00266456 0.00354308 0.00134834 -0.008494 0.00201099 0.0218338 0.000533733 0.0164228 -0.00902225 -0.000455199 -0.00764082 0.000394758 -0.00733643 0.0055591 -0.000689382 0.0211385 -0.020121 0.0357801
internal_weight=4288.38 4230.67 4066.9 46.2292 4020.67 1096.59 955.883 32.4378 11.9869 163.774 923.445 2924.08 1999.05 925.031 790.779 236.557 760.93 52.4436 708.486 134.253 26.0204 1563.57 321.614 166.228 136.371 554.222 269.593 40.0303 11.5652 29.857
internal_count=21278 20401 18894 292 18602 5462 4561 153 54 1507 4408 13140 9010 4130 3497 1044 3618 235 3383 633 119 6802 1762 944 710 2453 1181 174 55 234
is_linear=0
shrinkage=0.05


Tree=51
num_leaves=31
num_cat=0
split_feature=12 13 40 24 21 12 41 42 37 12 13 12 20 31 13 14 10 7 13 20 20 4 23 0 20 0 20 18 23 33
split_gain=32.3145 24.897 12.7764 12.0529 11.1244 10.1133 9.85972 14.4965 11.6051 10.1051 9.82713 13.0391 9.77456 9.63253 10.0932 9.11582 14.7755 10.0221 8.69832 8.42685 7.82703 7.81678 7.99164 8.21343 7.7703 7.75443 8.81536 7.66719 7.59518 7.53412
threshold=3025.0000000000005 -17224.999999999996 1.0000000180025095e-35 -5.4999999999999991 -372.49999999999994 27225.000000000004 1.0000000180025095e-35 1.0000000180025095e-35 0.53290043290043798 8225.0000000000018 5875.0000000000009 27025.000000000004 261.50000000000006 0.70714285714285718 -1074.9999999999998 -2.4999999999999996 -7.4999999999999991 20.500000000000004 -1574.9999999999998 -104.49999999999999 397.50000000000006 27.500000000000004 650.20000000000016 0.18333333333333338 241.50000000000003 0.11666666666666668 -360.49999999999994 3.2250000000000005 -152.54999999999998 1.0000000180025095e-35
decision_type=2 2 2 2 2 2 2 2 2 2 2 2 2 2 2 2 2 2 2 2 2 2 2 2 2 2 2 2 2 2
left_child=-1 5 3 4 -3 -2 7 10 9 -8 11 15 24 29 -15 17 -17 18 19 -5 -12 -18 23 -23 -13 -20 -27 -4 -19 -9
right_child=1 2 27 6 -6 -7 8 13 -10 -11 20 12 -14 14 -16 16 21 28 25 -21 -22 22 -24 -25 -26 26 -28 -29 -30 -31
leaf_value=0.038096874577896359 -0.030582086369793121 -0.0072286396772042894 -0.0080592447546629521 -0.039290514333874031 -0.060904545165931162 -0.0052900915593235773 0.016157516672138546 0.039263653388468843 0.0026192322532542188 -0.013456493122621361 0.0077084954601512453 0.0069117973057504396 0.024466464474038607 -0.0137927401628276 0.015312276013874757 0.05779858805272288 0.0029917988176656513 -0.0045637798745685083 -0.03698836709197717 -0.0026516501858934575 0.023198255301105145 -0.087665736139616729 0.035603021441816644 -0.012028028985081193 -0.049304831406382761 0.069088390439617148 0.0048147169806237759 -0.054970588250944502 -0.04744858464298661 -0.0068823540545924107
leaf_weight=55.844942204654217 89.825981352478266 30.893210239708424 277.91556845605373 28.105464234948158 14.140403926372526 71.579781517386436 31.699555791914463 8.8557588085532171 341.94516582787037 294.19335585087538 589.55579704046249 446.675207875669 86.901107236742973 39.836483918130398 115.80396638810635 11.564155034720896 752.1016221717 17.249058645218611 10.225086107850073 36.131614170968533 95.153723016381264 3.6506101265549651 8.3644721284508687 102.73905146121979 6.1138000041246405 5.5703807473182669 96.758853524923325 8.942414812743662 26.773917116224766 572.92905931174755
leaf_count=877 975 186 1206 134 103 532 161 40 1580 1308 2875 2003 425 185 510 55 3256 103 42 170 595 21 64 624 27 23 392 48 148 2610
internal_value=0.000345355 -0.000153672 0.000610819 0.00138529 -0.0242911 -0.0194068 0.00169737 0.00289921 -0.00380343 -0.0105565 0.0048384 0.00273217 0.00909661 -0.00320427 0.00782661 -0.000388574 0.00188979 -0.0094715 -0.00411599 -0.018796 0.00987147 0.0011316 -0.0110087 -0.0147503 0.00613097 0.00422707 0.00842636 -0.00955771 -0.0308072 -0.00616471
internal_weight=4278.04 4222.19 4060.79 3773.93 45.0336 161.406 3728.9 3061.06 667.838 325.893 2323.63 1638.92 539.69 737.425 155.64 1099.23 878.42 220.814 176.791 64.2371 684.71 866.856 114.754 106.39 452.789 112.554 102.329 286.858 44.023 581.785
internal_count=21278 20401 18894 17640 289 1507 17351 14302 3049 1469 10957 7487 2455 3345 695 5032 4020 1012 761 304 3470 3965 709 645 2030 457 415 1254 251 2650
is_linear=0
shrinkage=0.05


Tree=52
num_leaves=31
num_cat=0
split_feature=12 11 9 7 7 13 1 11 33 21 14 25 29 7 33 11 38 6 11 7 4 1 11 36 24 18 21 13 22 23
split_gain=30.1828 24.0287 12.5398 12.7461 12.1586 10.3459 9.23054 9.35837 8.87545 8.54547 9.17562 7.82617 7.72714 7.5955 7.47503 7.71884 7.23102 6.72216 6.67814 8.18237 6.59177 10.394 9.04228 8.4623 8.14433 7.68431 8.99204 7.4629 11.6434 10.9236
threshold=3025.0000000000005 3475.0000000000005 1.0000000180025095e-35 28.500000000000004 60.500000000000007 -11324.999999999998 1.0000000180025095e-35 30275.000000000004 0.33015151515151531 -363.49999999999994 -4.4999999999999991 -3.4999999999999996 0.32291666666666669 27.500000000000004 0.61690476190476196 31775.000000000004 0.89333333333333409 1.0000000180025095e-35 30675.000000000004 10.500000000000002 3.5000000000000004 1.0000000180025095e-35 32825.000000000007 1.0000000180025095e-35 4.5000000000000009 -1.0999999999999999 18.500000000000004 6875.0000000000009 259.83333333333343 132.67500000000004
decision_type=2 2 2 2 2 2 2 2 2 2 2 2 2 2 2 2 2 2 2 2 2 2 2 2 2 2 2 2 2 2
left_child=-1 -2 3 13 14 -5 9 -8 -9 11 -11 12 -7 16 20 -16 18 -14 -3 -20 24 27 23 -23 25 -4 -27 -22 29 -29
right_child=1 2 4 5 -6 6 7 8 -10 10 -12 -13 17 -15 15 -17 -18 -19 19 -21 21 22 -24 -25 -26 26 -28 28 -30 -31
leaf_value=0.03741413150403701 -0.032176174447201354 -0.0010713025875445452 -0.020175172303302284 -0.036167586555517175 0.013919612036368234 0.062952998524394024 -0.025698467453296171 0.0495085010892585 -0.011386112748415557 -0.042575526056950579 -0.0022685547716668926 0.082662855668429625 0.022257933757917726 0.033916510193057491 0.011526818225516149 -0.045990848055404467 -0.033243396556115197 -0.052002996807723981 0.05395158122992693 0.0059731790330574937 -0.0063365804501927152 -0.0035574782895361813 -0.035777063139602279 0.010855467317546042 -0.026226308322483662 0.0088103279306372718 -0.01222629904305261 0.0069436551732129266 0.023969395355276209 -0.016469691343547092
leaf_weight=54.068073254078627 57.658347547054291 1586.0628686100245 51.426781810820103 35.525066092610359 228.53658684715629 4.970688581466681 101.87389275804162 8.4101497828960436 19.865135006606579 15.105084728449581 204.2699436172843 4.909450262784957 6.7412225827574712 15.758436501026152 228.12552191317081 5.857165038585662 16.952354893088341 5.34014892578125 11.725602045655249 37.155781462788582 418.29040290415287 129.63724718242884 12.062486909329889 466.20977722108364 42.943963713943958 141.65374271944165 78.99958374351263 145.64803661033511 58.765418194234371 75.54345378279686
leaf_count=877 746 7062 211 294 1483 28 553 42 104 105 1121 22 39 66 1082 27 78 33 47 151 1736 576 54 2261 185 625 349 676 297 348
internal_value=0.000328109 -0.000147188 0.000296474 -0.00245381 0.00303722 -0.0103863 -0.00789827 -0.0186302 0.00666071 -0.00208465 -0.00508481 0.0275447 0.0109947 -0.000514302 0.00169325 0.0100466 -0.000847818 -0.0103135 -0.000506846 0.0176709 0.000483997 0.00205269 0.00683433 0.00771121 -0.00600286 -0.00278404 0.0012539 -0.00210353 0.00420332 -0.00103393
internal_weight=4270.09 4216.02 4158.37 2074.67 2083.7 407.011 371.486 130.149 28.2753 241.337 219.375 21.9615 17.0521 1667.66 1855.16 233.983 1651.9 12.0814 1634.94 48.8814 1621.18 1306.16 607.91 595.847 315.024 272.08 220.653 698.247 279.957 221.191
internal_count=21278 20401 19655 9745 9910 2341 2047 699 146 1348 1226 122 100 7404 8427 1109 7338 72 7260 198 7318 5948 2891 2837 1370 1185 974 3057 1321 1024
is_linear=0
shrinkage=0.05


Tree=53
num_leaves=31
num_cat=0
split_feature=12 9 0 7 10 24 7 0 15 0 7 10 6 25 33 8 20 7 20 19 0 33 7 0 27 28 36 26 19 0
split_gain=28.1792 13.9454 14.8685 16.8961 40.9191 17.4249 15.5144 12.8244 12.6992 11.782 10.6211 18.2403 9.85036 9.61485 10.9671 10.2934 9.23748 9.03253 8.92165 14.5037 14.1056 11.73 10.7588 8.8974 11.6426 8.45126 9.74803 8.19706 8.18627 7.02748
threshold=3025.0000000000005 1.0000000180025095e-35 0.18333333333333338 28.500000000000004 -1.4999999999999998 -2.4999999999999996 12.500000000000002 0.9833333333333335 -3.4999999999999996 0.31666666666666671 60.500000000000007 1.5000000000000002 -2.4999999999999996 -2.4999999999999996 0.13333333333333325 0.28633540372670813 -253.49999999999997 145.50000000000003 206.50000000000003 206.50000000000003 0.35000000000000003 0.28027149321267003 133.50000000000003 0.78333333333333355 -3.1666666666666665 -3.0999999999999996 0.36931818181818188 2.5000000000000004 231.50000000000003 1.1833333333333336
decision_type=2 2 2 2 2 2 2 2 2 2 2 2 2 2 2 2 2 2 2 2 2 2 2 2 2 2 2 2 2 2
left_child=-1 2 6 -4 5 9 12 -6 -7 -5 29 -12 -2 14 -11 -16 -14 -10 19 20 -13 -22 27 25 -25 26 -17 -23 -20 -3
right_child=1 10 3 4 7 8 -8 -9 17 13 11 18 16 -15 15 23 -18 -19 28 -21 21 22 -24 24 -26 -27 -28 -29 -30 -31
leaf_value=0.036728474501908685 0.0056681189274934334 0.0017423716299536868 0.0014085171850057119 -0.048864846895630615 -0.056918363612667569 -0.044991219358268407 -0.036654002648677506 -0.0079564814215996125 0.01278571587440315 0.066734466570195869 0.054678292356967764 0.043881978200826503 -0.042847293788024779 -0.049635162395945773 0.081852200503193306 0.084053903251749051 -0.0099717581877849654 -0.019914541663452339 0.052344623229076931 0.066505580509149287 0.018722120229502755 -0.028141965998728265 0.0098659830869184725 -0.0333301100090478 0.064885602323321162 -0.038003495465273311 -0.010412551623469733 -0.080005107826486246 0.012133015315412068 -0.038496255592121088
leaf_weight=52.368890136480331 90.37639969587326 1846.7140854969621 1390.8001187890768 24.603224098682404 53.205357115715742 11.4747370891273 56.283542316406965 18.233871810138226 175.04313351586461 5.0942038297653189 23.408546291291714 10.599578008055685 24.787936352193356 13.057695135474203 2.9282725602388373 2.9394982531666711 158.93001295253634 23.81562227755785 14.504851691424845 6.6725797429680815 16.811231479048729 31.315518878400326 13.393596231937407 4.8248707130551338 7.5576337873935682 31.38131798803807 26.718403205275536 10.338075384497641 102.26571703702211 10.805448621511458
leaf_count=877 421 8414 6352 163 545 69 301 86 792 28 298 54 149 75 16 21 838 139 85 37 77 141 68 28 37 200 184 47 691 45
internal_value=0.000312059 -0.000140725 -0.00299587 -0.00119527 -0.0102394 -0.00277917 -0.0127423 -0.04452 0.00585601 -0.0180625 0.00276023 0.012913 -0.00780234 -0.0099472 -0.00346977 -0.00830048 -0.0144555 0.00883631 0.00811632 -0.00374893 -0.00956822 -0.017572 -0.0287606 -0.0120705 0.0262546 -0.0199572 -0.000630633 -0.0412945 0.0172113 0.00150355
internal_weight=4261.25 4208.89 2122.06 1791.68 400.878 329.439 330.378 71.4392 210.333 119.105 2086.83 229.31 274.094 94.5019 81.4442 76.35 183.718 198.859 205.901 89.1306 82.458 71.8584 55.0472 73.4217 12.3825 61.0392 29.6579 41.6536 116.771 1857.52
internal_count=21278 20401 10444 8735 2383 1752 1709 631 1000 752 9957 1498 1408 589 514 486 987 931 1200 424 387 333 256 470 65 405 205 188 776 8459
is_linear=0
shrinkage=0.05


Tree=54
num_leaves=31
num_cat=0
split_feature=12 13 40 15 24 21 12 41 42 37 29 13 5 12 31 13 30 5 21 32 18 22 29 21 26 5 12 12 38 15
split_gain=26.3033 21.0681 11.5456 10.1521 10.0164 10.4698 9.26302 9.13027 13.0598 10.6214 9.31294 9.24951 11.1118 9.80713 9.15098 9.16223 8.09496 7.84518 9.45673 7.70502 8.26869 7.70295 7.48357 10.7543 8.23152 7.52201 7.39145 7.32936 7.2494 7.18949
threshold=3275.0000000000005 -17224.999999999996 1.0000000180025095e-35 4.5000000000000009 -5.4999999999999991 -372.49999999999994 27225.000000000004 1.0000000180025095e-35 1.0000000180025095e-35 0.53290043290043798 0.64583333333333337 18125.000000000004 13.500000000000002 27775.000000000004 0.70714285714285718 -1074.9999999999998 0.73863636363636376 11.500000000000002 -257.49999999999994 0.55555555555556868 -1.6333333333333331 -217.83333333333329 0.48529411764705888 39.500000000000007 2.5000000000000004 32.500000000000007 28675.000000000004 8225.0000000000018 0.17142857142857262 -2.4999999999999996
decision_type=2 2 2 2 2 2 2 2 2 2 2 2 2 2 2 2 2 2 2 2 2 2 2 2 2 2 2 2 2 2
left_child=-1 3 4 6 5 -3 -2 8 11 10 27 13 -13 29 -10 -16 19 -18 -19 22 -21 -12 23 26 -24 -25 -15 -9 -4 -6
right_child=1 2 28 -5 7 -7 -8 9 14 -11 21 12 -14 16 15 -17 17 18 -20 20 -22 -23 24 25 -26 -27 -28 -29 -30 -31
leaf_value=0.034695608446164809 -0.031640678578166014 -0.0061645379340784338 -0.048963813459703076 0.053100417180697371 -0.0038090659556067417 -0.059758251606748317 -0.0067366402598223133 0.019683433197060118 -0.0059668539748342726 0.002417427692291444 0.019620705083488951 0.010061341299917089 0.044968550221186836 0.01738681813992354 -0.012966158424024602 0.014837709944311279 -0.035042490994226259 -0.044549022716304343 0.053382824596360227 0.11223787367615592 0.030236227520691203 -0.03200888365680845 0.01006574316627446 0.059566485956900873 -0.044682914525599353 0.00066714107426552862 -0.035643045473350218 -0.0085443248137161403 -0.0075129016968246464 0.0041121330117567913
leaf_weight=54.755898497998714 83.19623227417469 30.319977790117264 10.930673785507677 4.7177254557609549 346.41004061698914 13.106313012540339 68.884009934961796 25.396609023213387 579.7797529026866 340.39997255802155 7.9585488438606253 129.80807692185044 27.778716597706079 49.933985456824303 39.590302512049675 115.3765561953187 14.298190131783487 3.5471165403723717 7.3434299342334253 4.2211448773741749 12.110782161355017 63.46468148380518 28.217847216874361 24.977756105363369 8.9451345503330213 7.1385188773274413 7.4204171299934378 227.55410727113485 275.38956398516893 1638.7284712269902
leaf_count=933 956 186 48 31 1601 103 520 124 2639 1574 39 767 223 226 185 509 59 18 39 19 54 283 125 111 42 40 34 1016 1203 7571
internal_value=0.000296379 -0.000152039 0.000544851 -0.0181293 0.0012843 -0.0225544 -0.0204052 0.00156525 0.00272498 -0.00374007 -0.010216 0.00457201 0.016271 0.0037128 -0.00307721 0.00769847 0.0153096 -0.0106637 0.0209158 0.019925 0.0522887 -0.0261666 0.0156737 0.0235066 -0.00306263 0.0466728 0.0103888 -0.0056838 -0.00912935 0.00272723
internal_weight=4251.7 4196.94 4040.15 156.798 3753.83 43.4263 152.08 3710.4 3045.63 664.774 324.374 2310.88 157.587 2153.29 734.747 154.967 168.154 25.1887 10.8905 142.966 16.3319 71.4232 126.634 89.4707 37.163 32.1163 57.3544 252.951 286.32 1985.14
internal_count=21278 20345 18838 1507 17587 289 1476 17298 14262 3036 1462 10929 990 9939 3333 694 767 116 57 651 73 322 578 411 167 151 260 1140 1251 9172
is_linear=0
shrinkage=0.05


Tree=55
num_leaves=31
num_cat=0
split_feature=13 12 11 14 40 29 11 24 15 4 36 0 10 5 37 38 10 11 15 10 4 13 37 46 38 0 37 36 11 12
split_gain=33.4398 19.7672 12.6247 11.3617 8.80384 7.82104 12.1788 12.6703 7.29028 6.81692 6.79689 6.313 9.74682 9.35271 6.71698 11.31 6.0953 9.85202 10.6144 10.1213 8.51664 7.09746 6.53956 6.88966 8.66544 10.3212 8.89619 6.77074 6.74832 6.66418
threshold=-10524.999999999998 3275.0000000000005 5425.0000000000009 5.5000000000000009 1.0000000180025095e-35 0.27922077922077926 28775.000000000004 2.5000000000000004 3.5000000000000004 35.500000000000007 0.78888888888888908 0.11666666666666668 -2.4999999999999996 5.5000000000000009 0.56666666666667442 0.74083333333333434 5.5000000000000009 25025.000000000004 1.0000000180025095e-35 8.5000000000000018 10.500000000000002 575.00000000000011 0.25000000000000028 1.0000000180025095e-35 0.55052447552447703 0.18333333333333338 0.9166666666666714 0.19090909090909094 19925.000000000004 26625.000000000004
decision_type=2 2 2 2 2 2 2 2 2 2 2 2 2 2 2 2 2 2 2 2 2 2 2 2 2 2 2 2 2 2
left_child=2 5 -1 4 11 6 -2 -8 9 -4 -11 12 -3 14 -14 -16 22 19 -19 20 -18 -20 29 -24 28 -26 27 -27 -25 -13
right_child=1 3 8 -5 -6 -7 7 -9 -10 10 -12 16 13 -15 15 -17 17 18 21 -21 -22 -23 23 24 25 26 -28 -29 -30 -31
leaf_value=-0.031502966621173786 0.038096365626501899 -0.05900146222324984 -0.0093778877059141983 0.017290106751693676 -0.0086197014955663922 0.041299464783316885 -0.16100971996370217 0.00011175315288389607 0.020819521629927194 -0.051150382885025075 0.029298565429528935 0.013168526692858765 -0.020338453398130774 0.047244103060783832 0.020682802983580592 -0.031402855248685517 -0.013322199426882004 -0.055526619627362377 0.055458988860110241 0.026172302379474807 -0.08153306620356611 -0.0019911614293805792 0.00030114758927130719 -0.029383476665957982 -0.023158812694905655 -0.021553371695833858 -0.036883055246469197 0.032137932373688331 0.0048278330317601242 -0.0033592274284754012
leaf_weight=82.600095391273499 6.7355100847780687 9.3255061656236631 284.60556004941463 99.407624904066324 264.42050457000732 41.801617924124002 1.9236693345010278 2.9178673662245274 18.417751155793667 17.538992375135425 2.9338553547859183 225.82903221994638 64.244119845330715 7.5688892602920523 33.120468512177467 15.054795771837233 8.0790476277470642 8.9856477379798871 5.4781424999237052 4.8613450229167929 11.237693339586256 148.09005023539066 2556.6376737691462 16.811282888054848 12.438012704253195 6.1167243570089331 5.3578814938664427 86.651648089289665 97.447430871427059 82.896768182516098
leaf_count=1044 120 43 1673 801 1118 748 22 52 107 128 20 1018 284 36 148 65 34 39 26 25 56 715 11523 73 54 26 24 390 431 371
internal_value=-0.000399449 0.00104838 -0.0140402 0.000618834 0.000165526 0.0312354 -0.00471738 -0.064857 -0.00955747 -0.0114139 -0.0392923 0.000849211 -0.00997792 -0.00608021 -0.00975362 0.0042711 0.00127829 -0.0074865 -0.00301381 -0.037215 -0.0534776 6.04408e-05 0.00180976 0.00104127 0.00943162 0.0194043 0.0248683 0.0285245 -0.000183367 0.00871478
internal_weight=4229.54 3823.44 406.096 3770.06 3670.65 53.3787 11.577 4.84154 323.496 305.078 20.4728 3406.23 129.314 119.988 112.419 48.1753 3276.92 186.732 162.554 24.1781 19.3167 153.568 3090.19 2781.46 224.823 110.564 98.1263 92.7684 114.259 308.726
internal_count=21214 18242 2972 17300 16499 942 194 74 1928 1821 148 15381 576 533 497 213 14805 895 780 115 90 741 13910 12521 998 494 440 416 504 1389
is_linear=0
shrinkage=0.05


Tree=56
num_leaves=31
num_cat=0
split_feature=13 14 11 13 19 34 33 10 30 20 7 7 19 23 10 4 7 40 32 31 30 8 11 19 27 19 19 4 11 22
split_gain=30.487 13.1333 11.9459 8.82552 14.2596 8.83418 9.13114 7.92253 10.1464 8.2498 9.94842 9.57955 8.21738 8.49707 8.00279 11.8348 11.3365 7.70209 9.28677 9.17154 9.1571 7.57177 14.7364 7.51464 7.81139 7.75744 8.58441 9.29807 7.42748 7.1928
threshold=-10524.999999999998 5.5000000000000009 5425.0000000000009 6775.0000000000009 -93.499999999999986 0.48333333333333339 0.37416666666666648 -1.4999999999999998 0.57738095238095244 -8.4999999999999982 61.500000000000007 27.500000000000004 27.500000000000004 36.100000000000009 9.5000000000000018 28.500000000000004 51.500000000000007 1.0000000180025095e-35 1.0000000180025095e-35 0.17424242424242428 0.43650793650793657 0.38496824276640801 23875.000000000004 361.50000000000006 1.4166666666666667 -168.49999999999997 -200.49999999999997 11.500000000000002 29825.000000000004 -199.83333333333329
decision_type=2 2 2 2 2 2 2 2 2 2 2 2 2 2 2 2 2 2 2 2 2 2 2 2 2 2 2 2 2 2
left_child=2 3 -1 17 5 6 -5 9 14 11 -11 -6 -10 -14 15 16 -9 18 -2 -20 21 22 -19 24 25 26 27 -4 -7 -24
right_child=1 -3 23 4 7 28 -8 8 12 10 -12 -13 13 -15 -16 -17 -18 20 19 -21 -22 -23 29 -25 -26 -27 -28 -29 -30 -31
leaf_value=-0.030706266924101978 0.01620031221557184 0.018524235550544547 -0.0014585593218016902 -0.037114091021994901 -0.066659136358820634 -0.057622279228915531 0.036298693339450169 0.00071175180460131163 -0.023415746513833598 0.050513873390183983 0.0048373302830682788 0.021799660229420245 0.030121053963889047 0.0094296431503938308 -0.035294085324213374 0.030411751405353661 -0.076408715860796339 -0.049179644042351173 -0.0063630800508360542 0.00092036790999316931 0.0014978400025859641 -0.03346548844065602 0.049905251247671242 0.033766422909741564 -0.039865187264998832 -0.0018542079264531946 -0.041559845190274385 -0.043083034843188969 -0.011709779289116793 -0.0023402713009654775
leaf_weight=80.561124972999096 83.694334268569946 103.88761043921113 64.837797813117504 6.6940928213298347 4.9089435786008817 17.722131885588169 11.048183202743528 499.73835163190961 14.878161899745463 30.125936567783356 20.148278083652258 7.6751948520541191 66.165244791656733 203.68815753236413 14.751443341374396 34.000492285937071 4.7110067233443251 15.935679838061331 558.24195905402303 1910.7465647868812 93.03864573687315 52.931421808898449 7.7661812379956237 9.7464782819151861 21.104499839246273 179.1001241505146 30.004603751003742 16.912553504109383 18.199473887681961 39.636851273477077
leaf_count=1044 362 912 393 39 22 97 62 2636 77 161 101 39 374 1188 96 288 35 66 2338 8441 388 219 32 61 120 1048 180 126 107 162
internal_value=-0.000380256 0.000997274 -0.0134721 0.000505504 0.00465097 -0.0203432 0.00826733 0.00614761 0.00485416 0.0232754 0.0323534 -0.0125665 0.0125229 0.0145308 0.00089652 0.00190366 -1.35606e-05 -0.00092534 -0.000167111 -0.000724596 -0.0101442 -0.0194963 -0.00770918 -0.0091326 -0.0104993 -0.00833835 -0.0186743 -0.0101731 -0.0345969 0.00620105
internal_weight=4222.6 3820.33 402.267 3716.45 954.455 53.6639 17.7423 900.791 837.933 62.8584 50.2742 12.5841 284.732 269.853 553.201 538.45 504.449 2761.99 2552.68 2468.99 209.309 116.27 63.3387 321.706 311.96 290.855 111.755 81.7504 35.9216 47.403
internal_count=21214 18242 2972 17330 5322 305 101 5017 4694 323 262 61 1639 1562 3055 2959 2671 12008 11141 10779 867 479 260 1928 1867 1747 699 519 204 194
is_linear=0
shrinkage=0.05


Tree=57
num_leaves=31
num_cat=0
split_feature=13 12 11 19 9 34 34 19 4 40 18 22 29 30 32 21 15 13 32 13 11 0 19 12 35 15 7 4 24 27
split_gain=27.8079 18.1525 11.7173 8.77574 8.86269 10.742 8.52511 7.98015 7.9329 7.25577 6.8592 6.72426 10.3696 7.59383 7.0526 6.89521 6.58213 6.55135 7.02296 8.33976 7.54549 7.51949 7.4557 9.50774 7.94803 7.28356 7.23553 6.44717 12.9884 8.54677
threshold=-10524.999999999998 3275.0000000000005 1550.0000000000002 399.50000000000006 1.0000000180025095e-35 0.23611111111111113 0.21111111111111114 -93.499999999999986 11.500000000000002 1.0000000180025095e-35 1.3666666666666669 160.16666666666671 0.73863636363636376 0.27922077922077926 0.44444444444445513 287.50000000000006 -2.4999999999999996 22775.000000000004 0.066666666666668775 -774.99999999999989 31125.000000000004 0.61666666666666681 392.50000000000006 23175.000000000004 0.78888888888888908 -7.4999999999999991 16.500000000000004 41.500000000000007 3.5000000000000004 1.4166666666666667
decision_type=2 2 2 2 2 2 2 2 2 2 2 2 2 2 2 2 2 2 2 2 2 2 2 2 2 2 2 2 2 2
left_child=2 7 -1 9 -5 8 -4 -2 -6 17 -10 13 -13 14 -11 -15 -16 18 19 21 -21 -3 25 24 -24 -20 -25 28 29 -8
right_child=1 3 6 4 5 -7 27 -9 10 11 -12 12 -14 15 16 -17 -18 -19 22 20 -22 -23 23 26 -26 -27 -28 -29 -30 -31
leaf_value=-0.050741304931306269 -0.059125105702367411 0.048585121624792942 0.0084574104030659472 -0.026240113045679542 -0.0027093878748953347 0.022752171570522423 -0.011679971316471423 0.034706782035708671 0.074845212977538308 -0.021418399714768069 0.014107339140208114 -0.034899372868119387 0.035882547703647329 0.00090352472081283537 -0.016836782726798918 0.054204276363537897 0.05040247718604092 0.018560010178412436 -0.048859901473552597 -0.0023718372731652009 0.051013786261504296 -0.0051967478708937389 -0.023459237986084333 -0.031807003527597598 -0.11713607888573377 9.0684411554392292e-05 0.048647659007374479 -0.041424202706714285 0.049213689140712016 -0.048336556626944194
leaf_weight=19.463378049433231 2.248603716492652 23.702472042292356 48.848156858235598 16.930758163332939 134.57603085786104 113.51797017082572 285.12055565044284 49.249070730060339 5.4647615328431121 76.322286814451218 31.272504217922688 39.708406768739223 5.7971020787954322 111.96552509814501 7.0946957767009735 6.330583691596984 7.1405629068613035 49.215070948004723 7.5181744620203963 62.099551171064377 7.2931116372346869 8.6939912438392621 5.2202989682555216 6.7721375674009305 4.2377228289842606 3029.4242773577571 4.6067216992378235 19.977556686848402 8.2879267856478673 16.87097442895174
leaf_count=302 15 102 341 96 575 849 2011 927 27 316 179 175 26 474 29 27 30 340 49 268 34 39 26 28 20 13567 24 163 50 105
internal_value=-0.00036258 0.000948769 -0.0129287 0.000543716 0.00872039 0.0108245 -0.0109614 0.0304061 0.00288302 -0.000167549 0.0234566 -0.00829564 -0.0257137 -0.00446614 -0.0153659 0.0038415 0.0166587 0.000475443 0.000191587 0.0131061 0.00323233 0.0340267 -0.000237098 -0.0299722 -0.0667412 -3.04548e-05 0.000469462 -0.0138504 -0.0120462 -0.0137597
internal_weight=4214.97 3816.4 398.569 3764.9 301.762 284.831 379.105 51.4977 171.313 3463.14 36.7373 254.359 45.5055 208.854 90.5575 118.296 14.2353 3208.78 3159.57 101.789 69.3927 32.3965 3057.78 20.8369 9.45802 3036.94 11.3789 330.257 310.279 301.992
internal_count=21214 18242 2972 17300 1726 1630 2670 942 781 15574 206 1077 201 876 375 501 59 14497 14157 443 302 141 13714 98 46 13616 52 2329 2166 2116
is_linear=0
shrinkage=0.05


Tree=58
num_leaves=31
num_cat=0
split_feature=13 13 11 11 11 4 19 27 19 19 29 33 37 8 20 19 9 36 11 38 20 32 37 38 8 32 8 8 25 22
split_gain=25.337 11.4264 13.0948 11.3235 9.44278 7.28804 11.541 6.6079 7.68549 7.5062 9.3699 16.3542 7.79615 9.40713 6.42668 6.33678 7.97382 9.08653 8.22394 8.67666 7.21161 8.77847 8.47583 6.33965 8.83852 6.28438 6.27388 6.2203 6.08211 12.2892
threshold=-10524.999999999998 18125.000000000004 31425.000000000004 1550.0000000000002 27825.000000000004 41.500000000000007 361.50000000000006 1.4166666666666667 -168.49999999999997 -122.49999999999999 0.78888888888888908 0.56030303030303064 0.466666666666675 0.42656862745098045 -133.49999999999997 399.50000000000006 1.0000000180025095e-35 0.32051282051282054 30975.000000000004 0.133333333333335 319.50000000000006 0.40000000000000296 0.16666666666668001 0.35000000000000142 0.88748219655008709 0.75000000000000633 0.6453654552878727 0.75192307692307703 -4.4999999999999991 -209.16666666666666
decision_type=2 2 2 2 2 2 2 2 2 2 2 2 2 2 2 2 2 2 2 2 2 2 2 2 2 2 2 2 2 2
left_child=3 15 4 -1 -3 6 7 8 -5 10 11 12 13 -10 -13 -2 -17 18 19 -18 22 -22 -21 -24 -25 -6 -20 -19 29 -11
right_child=1 2 -4 5 25 -7 -8 -9 9 28 -12 14 -14 -15 -16 16 17 27 26 20 21 -23 23 24 -26 -27 -28 -29 -30 -31
leaf_value=-0.050416704258013902 -0.00050110653084269713 0.030364651951068546 -0.028889802122050525 -0.017758985906175369 0.0093767727100686829 -0.039116714977196126 0.052043117945001043 -0.038108677970816393 0.083651316394745823 -0.024245084435754571 -0.034234501895379556 0.025240240539386172 -0.008714607212949612 -0.0059188937511967911 0.13435289264194239 -0.027141851388853545 -0.063138391597253207 0.011024528604549763 -0.01354207970296053 0.026606900990675086 -0.017903552914906508 0.052925016558771347 -0.069755458030400105 0.016298608534154203 -0.053807026138263617 -0.053124709796832759 0.057725753024620456 0.034912111187522972 -0.010166643038608165 0.082298356791518132
leaf_weight=18.630969982594252 3247.4626233018935 62.250029738992453 19.621667250990868 131.34692215919495 207.12137022987008 20.995432306081057 7.509954832494258 19.879204832017422 6.3189845308661479 5.2681054063141346 7.5549317039549342 2.227642647922039 18.98674925416708 5.1925216689705849 4.2019108571112147 15.543561011552809 7.6004629582166663 152.09231078997254 4.8092546463012678 7.4919842407107344 7.9708294942975071 9.3008061796426755 8.1165730059146899 9.5540168285369891 8.2189418226480466 3.9814638011157504 7.9273954778909683 33.559217102825642 141.78656147420406 5.2854258790612203
leaf_count=302 14326 798 120 1010 1451 174 48 123 40 37 58 18 129 35 30 90 35 919 23 33 49 49 38 39 33 33 35 171 936 32
internal_value=-0.000344989 0.000903041 0.0103889 -0.0123954 0.0132362 -0.0104881 -0.00877298 -0.0101142 -0.00839204 -0.00210991 0.0159021 0.0263591 0.010762 0.043115 0.09828 0.000111747 0.00743961 0.00956328 -0.00559387 -0.0136166 -0.00597758 0.020035 -0.0196055 -0.0332219 -0.015961 0.00814971 0.0305302 0.0153859 -0.00740913 0.0289164
internal_weight=4207.81 3812.62 292.975 395.185 273.353 376.554 355.559 348.049 328.17 196.823 44.4827 36.9278 30.4983 11.5115 6.42955 3519.65 272.185 256.642 70.9903 58.2536 50.6532 17.2716 33.3815 25.8895 17.773 211.103 12.7367 185.652 152.34 10.5535
internal_count=21214 18242 2402 2972 2282 2670 2496 2448 2325 1315 310 252 204 75 48 15840 1514 1424 334 276 241 98 143 110 72 1484 58 1090 1005 69
is_linear=0
shrinkage=0.05


Tree=59
num_leaves=31
num_cat=0
split_feature=13 13 19 35 23 10 28 10 19 30 23 37 41 0 32 4 19 19 33 33 7 19 4 38 38 22 20 38 21 28
split_gain=23.0972 10.6831 15.1159 13.9805 11.9386 10.253 9.946 7.58749 8.88229 8.5726 12.8962 8.35018 8.25623 7.98643 11.5955 9.20553 7.1784 9.02952 7.73509 10.4855 8.5331 7.10101 9.33564 8.17393 9.85003 8.83578 8.5637 6.99637 6.86907 6.54428
threshold=-10524.999999999998 7925.0000000000009 27.500000000000004 0.45804195804195807 387.40000000000003 -1.4999999999999998 -1.2249999999999999 5.5000000000000009 51.500000000000007 0.57738095238095244 190.10000000000002 0.41111111111112192 1.0000000180025095e-35 0.71666666666666667 0.26666666666667654 10.500000000000002 200.50000000000003 136.50000000000003 0.21999999999999997 0.2870833333333333 19.500000000000004 361.50000000000006 7.5000000000000009 0.72744588744588834 0.66580086580086772 100.41666666666667 -104.49999999999999 0.27464285714285791 272.50000000000006 3.5500000000000003
decision_type=2 2 2 2 2 2 2 2 2 2 2 2 2 2 2 2 2 2 2 2 2 2 2 2 2 2 2 2 2 2
left_child=21 -2 3 6 5 -4 -3 8 -7 10 11 16 27 -13 -15 -16 17 -10 -18 -20 -21 22 23 24 25 -1 -26 -9 -14 -11
right_child=1 2 4 -5 -6 7 -8 12 9 29 -12 13 28 14 15 -17 18 -19 19 20 -22 -23 -24 -25 26 -27 -28 -29 -30 -31
leaf_value=-0.0058644614299464375 -0.00053844859641994573 0.067066443308101839 0.032193094322663263 -0.028466917521889068 0.032088656702657883 0.045018602370495056 -0.0010860900229458376 0.039328417022051303 -0.027185619139378225 0.016249838210542718 0.017083284563686709 0.0050826730733622904 -0.0082885781997332954 0.038723751705148496 0 -0.090951897758068112 0.031701617962466969 0.023864015445807667 -0.086784435827705009 -0.032061006096446312 0.039042308935081357 0.026397874633683302 -0.024158056461947679 -0.033352652286425893 -0.00616488954032152 -0.058540476269266312 0.051630845707356279 -0.010530960705219316 -0.10106710478271613 -0.031574913927929237
leaf_weight=192.62608886137605 2978.0781530663371 6.4852908104658118 36.847744703292847 57.039500325918198 49.026542007923126 14.880850423127411 27.885060094296932 7.957936502993106 15.632454331964253 188.27010045200586 97.818689364939928 171.4405835531652 3.980943385511635 4.1498572602868071 4.4189402721822244 7.3760244399309158 4.7274543121457091 19.158095344901085 7.9338108673691741 35.818196851760149 4.6353099383413783 11.576013661921023 126.85667767375708 27.231273733079433 11.682953961193563 8.2380150184035283 13.687043275684116 54.409624218940735 4.2178489044308662 7.2771490216255179
leaf_count=1420 13186 44 200 316 473 85 149 41 89 1170 594 1014 19 20 20 36 26 104 43 215 30 74 1015 211 94 58 100 295 22 51
internal_value=-0.000328895 0.00085907 0.00587054 -0.0132808 0.00824454 0.00654105 0.0117857 0.00508365 0.00696167 0.00594925 0.00148877 -0.00403844 -0.0103635 0.00190329 -0.0317888 -0.0571348 -0.0167489 0.00077038 -0.0282979 -0.0343163 -0.0237143 -0.0118866 -0.0130717 -0.00749598 -0.00434822 -0.00807779 0.0248997 -0.00403622 -0.0572635 0.0144293
internal_weight=4201.36 3809.47 831.388 91.4099 739.978 690.952 34.3704 654.104 583.538 568.657 373.109 275.291 70.5664 187.385 15.9448 11.795 87.9053 34.7905 53.1148 48.3873 40.4535 391.898 380.322 253.465 226.234 200.864 25.37 62.3676 8.19879 195.547
internal_count=21214 18242 5056 509 4547 4074 193 3874 3497 3412 2191 1597 377 1090 76 56 507 193 314 288 245 2972 2898 1883 1672 1478 194 336 41 1221
is_linear=0
shrinkage=0.05


Tree=60
num_leaves=31
num_cat=0
split_feature=12 22 31 9 28 13 12 21 28 12 32 13 36 0 42 12 7 25 22 29 12 32 12 32 0 7 15 8 8 6
split_gain=22.195 12.8876 10.2366 8.84622 16.7301 9.9993 11.2395 11.1888 9.41851 9.34838 11.0919 9.70213 9.33921 11.6653 11.0361 8.84423 12.809 8.82312 8.80135 8.18954 8.3563 8.08271 7.9932 7.60349 7.70958 7.46897 7.35691 7.29885 8.75026 7.2411
threshold=13075.000000000002 348.16666666666669 0.83974358974358987 1.0000000180025095e-35 1.9000000000000001 6075.0000000000009 23375.000000000004 293.50000000000006 -2.6333333333333329 21725.000000000004 0.6333333333333373 -18524.999999999996 0.84523809523809534 0.65000000000000002 1.0000000180025095e-35 14025.000000000002 15.500000000000002 2.5000000000000004 -156.83333333333329 0.48529411764705888 18175.000000000004 0.63412698412699264 20425.000000000004 0.28888888888890024 0.51666666666666672 90.500000000000014 -1.4999999999999998 0.32268272764393635 0.21498599439775914 -16.499999999999996
decision_type=2 2 2 2 2 2 2 2 2 2 2 2 2 2 2 2 2 2 2 2 2 2 2 2 2 2 2 2 2 2
left_child=1 2 -1 4 9 7 -7 23 26 19 11 -11 25 14 -14 16 -10 -9 -15 20 -2 -12 27 24 -6 -13 -5 28 -21 -17
right_child=3 -3 -4 8 5 6 -8 17 15 10 21 12 13 18 -16 29 -18 -19 -20 22 -22 -23 -24 -25 -26 -27 -28 -29 -30 -31
leaf_value=0.0035336963435449267 -0.043302846639839812 0.031029308224590296 0.023387520674653398 0.044419449567553365 -0.033364390468947284 -0.011110092781480918 0.047239666427549815 0.014004936078148844 -0.0039309683367528808 -0.021330051169828439 0.06297055481144205 -0.0032108290338421553 0.0083705840506964734 -0.03376180094073046 -0.024706405838469586 0.024939128366687359 -0.07317798574378151 -0.021346002169794511 0.04048927846509049 -0.029955873118228456 0.0065639196905713654 0.0064593290692410883 -0.041595749920739555 -0.044614128164914536 0.045691028307430576 -0.024516692535188067 -0.026184450122912602 -0.02124907230808934 0.035248323823858785 0.00042571359933135563
leaf_weight=536.99566584452987 9.5393857769668085 55.970492962747812 73.957973003387451 20.097820311784748 7.6999571844935399 32.929474711418152 10.884829841554163 24.807638928294182 21.319098517298702 69.963230837136507 6.4062878228723994 941.72809268161654 124.05305470526218 4.3520807772874823 31.522072516381741 30.652714312076569 9.7474336326122266 59.574106939136982 35.041989982128143 7.8559721931815174 65.262823410332203 270.89285933226347 33.725442089140415 62.893883768469095 4.9922724366188049 43.01675808802247 4.3494373634457579 64.940584938973188 14.268145252019165 1515.2844965234399
leaf_count=3175 52 538 519 138 35 170 52 110 93 779 32 4247 543 21 134 196 49 315 153 50 360 1359 204 322 24 265 21 362 79 6796
internal_value=-0.00029739 0.00806537 0.00594868 -0.00187995 -0.00416321 -0.0177112 0.0033465 -0.0235085 0.00086349 -0.00255662 -0.00123433 -0.00324462 -0.0021661 0.00782045 0.00162496 0.000381872 -0.0259834 -0.0108896 0.032095 -0.0128482 8.84284e-05 0.00780513 -0.0208944 -0.0374968 -0.00176433 -0.00414901 0.031599 -0.0127796 0.0118396 0.000916579
internal_weight=4194.73 666.924 610.954 3527.8 1926.35 203.782 43.8143 159.968 1601.45 1722.57 1526.98 1249.68 1179.71 194.969 155.575 1577 31.0665 84.3817 39.3941 195.592 74.8022 277.299 120.79 75.5861 12.6922 984.745 24.4473 87.0647 22.1241 1545.94
internal_count=21193 4232 3694 16961 9668 1028 222 806 7293 8640 7533 6142 5363 851 677 7134 142 425 174 1107 412 1391 695 381 59 4512 159 491 129 6992
is_linear=0
shrinkage=0.05


Tree=61
num_leaves=31
num_cat=0
split_feature=12 11 22 31 12 7 31 36 7 9 28 11 5 21 28 5 20 6 0 7 23 38 20 20 20 31 35 19 11 12
split_gain=20.1048 17.7022 11.9777 9.35387 7.61072 8.70078 7.43395 8.23149 8.7222 6.94215 16.567 13.8625 10.6824 9.43347 9.39075 7.90042 7.45669 7.42932 7.69497 15.6958 9.44094 12.0839 10.5573 7.39091 8.07381 7.30107 7.17921 6.91281 6.82348 7.37086
threshold=13075.000000000002 6575.0000000000009 348.16666666666669 0.83974358974358987 14025.000000000002 15.500000000000002 0.97058823529411775 0.62019230769230782 10.500000000000002 1.0000000180025095e-35 1.9000000000000001 30425.000000000004 65.500000000000014 300.50000000000006 -2.6333333333333329 1.5000000000000002 304.50000000000006 16.500000000000004 0.38333333333333336 12.500000000000002 -51.54999999999999 0.74928571428571578 -84.499999999999986 216.50000000000003 -78.499999999999986 0.62019230769230782 0.59411764705882364 -133.49999999999997 4375.0000000000009 4475.0000000000009
decision_type=2 2 2 2 2 2 2 2 2 2 2 2 2 2 2 2 2 2 2 2 2 2 2 2 2 2 2 2 2 2
left_child=2 6 3 28 5 -3 -2 8 -8 10 17 13 14 15 -11 27 -13 18 19 20 22 -22 -6 24 -15 -21 -23 -12 -1 -30
right_child=1 4 -4 -5 9 -7 7 -9 -10 12 11 16 -14 23 -16 -17 -18 -19 -20 25 21 26 -24 -25 -26 -27 -28 -29 29 -31
leaf_value=-0.0065625884423837922 -0.027571393122028928 -0.0048456118865614663 0.030053562083041576 0.022410679839755414 -0.00039052515672243122 -0.057028383121063043 0.11723346733523264 -0.031048072056596807 0.0004896570214926809 0.034444938647412313 -0.054940818404956827 0.028832607755890027 0.029312716881103984 -0.039630370282001171 0.00042723184294185469 -0.044568100807413413 -0.014393959782853611 -0.023214818183541333 0.0026532527398797252 -0.024491177182796427 0.0084747560943669916 0.023548162983333759 -0.018752337822563706 -0.021669122510539235 0.025749990022265135 0.0073148588406399184 -0.034247189887747352 0.0071838110815854927 0.018863166015474612 0.0028511643478884427
leaf_weight=130.50509069487453 87.946513738483191 21.590638309717178 54.928489558398724 73.342971485108137 224.32444826513529 12.827059566974638 2.7768042795360071 5.3465056642889977 3.8028311282396317 20.473209645599127 6.0021422952413586 22.337807811796665 33.711514357477427 5.9889362975955036 1502.515203487128 59.636723086237907 17.713408056646585 37.89903561770916 792.71070903539658 117.17564762383699 284.96025410294533 6.4925324469804755 120.62448546290398 51.646330997347832 20.495003372430801 21.006132274866104 27.462796859443188 16.412183254957199 93.714534007012844 312.25258760154247
leaf_count=559 1097 94 538 519 999 68 30 68 51 132 25 103 225 27 6702 307 89 238 3607 628 1241 29 529 289 86 107 122 68 985 1631
internal_value=-0.000283349 -0.00178908 0.00769024 0.00566309 -0.00118197 -0.0245472 -0.0225312 0.0141413 0.0515251 -0.000942525 -0.0030287 -0.0166011 0.00151061 -0.0231859 0.000890039 -0.0350451 0.00960208 -0.00136018 -0.000836252 -0.00429127 -0.00109102 0.00510041 -0.00682949 -0.0106389 0.0106837 -0.0196181 -0.0230127 -0.00940007 0.00336041 0.00656347
internal_weight=4188.62 3523.88 664.744 609.815 3424.01 34.4177 99.8727 11.9261 6.57964 3389.59 1832.89 200.233 1556.7 160.181 1522.99 82.051 40.0512 1632.66 1594.76 802.046 663.865 318.916 344.949 78.1303 26.4839 138.182 33.9553 22.4143 536.472 405.967
internal_count=21193 16961 4232 3694 15715 162 1246 149 81 15553 8494 994 7059 802 6834 400 192 7500 7262 3655 2920 1392 1528 402 113 735 151 93 3175 2616
is_linear=0
shrinkage=0.05


Tree=62
num_leaves=31
num_cat=0
split_feature=12 11 19 10 37 24 16 12 23 11 12 26 26 23 11 33 24 11 20 4 19 43 17 7 38 33 33 33 23 12
split_gain=18.3423 16.5926 10.3859 7.99297 9.66814 7.84532 10.3602 7.06346 8.83524 12.9959 17.1329 10.5241 9.25168 8.24975 8.43558 12.6261 8.46172 9.05191 9.81273 9.12218 9.3941 8.79393 8.52874 8.26981 7.65184 7.18923 8.49021 7.08989 8.02556 6.80636
threshold=3525.0000000000005 1550.0000000000002 399.50000000000006 5.5000000000000009 0.33333333333333348 -5.4999999999999991 -5.4999999999999991 13075.000000000002 108.50000000000001 21925.000000000004 27225.000000000004 -1.4999999999999998 3.5000000000000004 -11.899999999999999 7675.0000000000009 0.68798076923076945 3.5000000000000004 28875.000000000004 231.50000000000003 5.5000000000000009 -99.499999999999986 1.0000000180025095e-35 1.1666666666666667 13.500000000000002 0.81333333333333491 0.34694444444444467 0.43779761904761921 0.75055555555555575 100.90000000000002 28275.000000000004
decision_type=2 2 2 2 2 2 2 2 2 2 2 2 2 2 2 2 2 2 2 2 2 2 2 2 2 2 2 2 2 2
left_child=-1 -2 5 -4 -5 6 -3 -7 13 10 -10 -11 -12 -9 15 -15 17 19 29 24 21 -21 -22 25 27 -18 -27 28 -16 -19
right_child=1 2 3 4 -6 7 -8 8 9 11 12 -13 -14 14 16 -17 23 18 -20 20 22 -23 -24 -25 -26 26 -28 -29 -30 -31
leaf_value=0.029038248574938693 -0.049781939223279476 -0.0042709844311552159 0.012839953587057541 -0.040818822543854646 0.0034365826820512342 0.0043247709419390488 -0.054979561676025385 -0.0025371535354407632 -0.029782469553650194 -0.027380411734532917 -0.0016489443329429866 -0.0023188090919409911 0.070201424173362961 -0.030816074802641966 0.011173010837385196 0.087917281435213532 0.0092474398413892999 0.010528089550281235 0.031519768578233291 -0.0081999070100942841 0.0096017267549000345 -0.04593043577606333 -0.016190299564691462 0.0034505309467354802 -0.033435189200880858 -0.079139311226552364 -0.020451873977337158 -0.043215823283862302 0.055821118428440314 -0.036243836971618752
leaf_weight=52.603474240750074 17.011503104120493 29.384608194231987 236.10685423016548 15.634351298213003 56.493772506713867 550.11660116538405 15.439463309943674 1326.2622856125236 99.550368051975965 44.07318314909935 14.78463175147772 832.89121405780315 6.2468333765864363 29.114825744181875 209.69475278258324 2.3107622414827338 9.5770233124494535 164.02810383960605 62.295457400381565 94.573135763406754 143.40073727816343 18.519159980118275 41.077846489846706 48.116498164832592 9.5464404225349409 9.4040456563234347 18.822255432605743 5.5457671433687201 10.555846408009527 8.0268909931182844
leaf_count=1003 302 201 1256 102 422 2799 135 6351 534 188 83 3704 33 312 901 23 39 721 261 423 647 86 191 212 42 38 77 24 46 37
internal_value=-0.000270147 -0.000645477 -0.000439755 0.00838412 -0.00613014 -0.00115638 -0.0219321 -0.000906706 -0.00180536 -0.00571129 -0.0211036 -0.003587 0.0196869 -4.05645e-05 0.00369669 -0.0216757 0.00463953 0.00631006 0.0145024 0.00269603 -0.00310855 -0.0144577 0.00382587 -0.0102102 0.0100549 -0.0276929 -0.0403914 0.0119297 0.0133599 0.00829721
internal_weight=4181.21 4128.61 4111.59 308.235 72.1281 3803.36 44.8241 3758.53 3208.42 997.546 120.582 876.964 21.0315 2210.87 884.61 31.4256 853.184 767.264 234.35 532.914 297.571 113.092 184.479 85.9198 235.343 37.8033 28.2263 225.796 220.251 172.055
internal_count=21193 20190 19888 1780 524 18108 336 17772 14973 4542 650 3892 116 10431 4080 335 3745 3379 1019 2360 1347 509 838 366 1013 154 115 971 947 758
is_linear=0
shrinkage=0.05


Tree=63
num_leaves=31
num_cat=0
split_feature=12 11 19 14 12 12 26 13 18 21 32 21 19 7 12 19 32 32 0 21 17 12 20 33 10 4 32 4 34 6
split_gain=16.9888 15.6997 9.39231 8.03936 7.70042 9.5116 12.3982 7.09645 10.7091 12.0395 10.792 10.5667 9.65803 9.21992 9.17838 8.77894 7.37389 7.66898 7.15651 6.77254 6.72576 13.2269 7.50629 6.63158 6.37886 15.3351 6.93396 10.9469 6.22187 6.18793
threshold=3525.0000000000005 1550.0000000000002 399.50000000000006 -6.4999999999999991 27175.000000000004 26275.000000000004 4.5000000000000009 7925.0000000000009 1.7083333333333337 197.50000000000003 0.2166666666666702 -329.49999999999994 373.50000000000006 3.5000000000000004 10375.000000000002 -267.49999999999994 0.13333333333334688 0.20000000000000182 0.95000000000000007 -93.499999999999986 2.1666666666666674 25375.000000000004 373.50000000000006 0.31024475524475548 11.500000000000002 59.500000000000007 0.37037037037037185 30.500000000000004 0.9545454545454547 -1.0000000180025095e-35
decision_type=2 2 2 2 2 2 2 2 2 2 2 2 2 2 2 2 2 2 2 2 2 2 2 2 2 2 2 2 2 2
left_child=-1 -2 3 -3 5 24 23 8 -5 10 -10 -9 15 -11 -14 -13 29 19 20 -18 22 -22 -12 -7 -4 26 -26 -28 -16 -17
right_child=1 2 4 7 -6 6 -8 11 9 13 18 12 14 -15 28 16 17 -19 -20 -21 21 -23 -24 -25 25 -27 27 -29 -30 -31
leaf_value=0.028308903356665652 -0.049466623330794102 -0.026863512843144234 0.010027280004919066 -0.00042171610472542748 0.033195666908553682 -0.061450596218814435 -0.099153189773694944 0.044068694531051666 0.014457891120093234 0.035016639127961574 -0.023927092242704034 -0.054071769546910245 0.013179108853303926 -0.0042392414897361504 -0.028708875206302848 -0.054434493218388717 -0.028928413444775525 0.0046104330383106781 -0.079455462301680671 0.049031301252417385 -0.01984746976680744 0.026935401950587558 -0.070330868568645316 0.020447897949553526 0.032861023672611255 -0.13337556623225724 -0.085121001178702055 0.019166370286204829 -0.096923689080273184 -0.0028412326914856473
leaf_weight=51.297003086656332 16.283022616058588 29.955073665827513 243.85516506433487 2452.5966231562197 27.539050225168467 3.3879352845251587 4.6852159127593032 15.752820517867802 23.44119543582201 15.416607856750487 87.963665526360273 6.3409733064472666 9.0345390997827071 401.90687695518136 12.232026532292368 9.151297368109228 3.1866898238658932 593.35352715849876 5.1185371577739707 16.658830806612968 68.206214055418968 19.234793588519096 9.7832543328404409 8.3277578167617303 7.6779252365231576 2.4677781611680976 4.6554318740963918 5.1574676856398582 4.7808357179164878 16.266450211405754
leaf_count=1003 302 229 1364 11549 177 17 28 82 99 63 405 39 61 1843 56 45 16 2991 23 90 290 87 42 42 59 19 33 41 22 76
internal_value=-0.000257882 -0.000615068 -0.000419023 -0.00110059 0.00797885 0.00547179 -0.0312998 -0.000893875 -0.00191863 -0.00772733 -0.0173788 0.00369979 0.0027382 -0.00276905 -0.0270284 0.00395211 0.00454445 0.00564603 -0.0213321 0.03618 -0.0196565 -0.0094803 -0.0286898 -0.00313192 0.00778776 -0.0192391 -0.00218466 -0.0301648 -0.0486247 -0.0217531
internal_weight=4175.71 4124.42 4108.13 3800.38 307.754 280.215 16.4009 3770.43 3083.67 631.071 213.748 686.758 671.005 417.323 26.0474 644.958 638.617 613.199 190.306 19.8455 185.188 87.441 97.7469 11.7157 263.814 19.9586 17.4908 9.8129 17.0129 25.4177
internal_count=21193 20190 19888 18108 1780 1603 87 17879 14401 2852 946 3478 3396 1906 139 3257 3218 3097 847 106 824 377 447 59 1516 152 133 74 78 121
is_linear=0
shrinkage=0.05


Tree=64
num_leaves=31
num_cat=0
split_feature=12 11 9 28 13 37 28 15 10 33 37 10 7 32 22 33 15 8 29 12 13 35 17 38 24 8 7 10 10 7
split_gain=15.7258 14.855 8.83774 11.4341 11.8098 11.2237 8.66664 8.62224 10.6795 9.78997 8.40213 8.35558 12.1523 9.04378 8.58518 9.85883 8.24846 8.07271 13.6219 10.8288 10.7928 10.5184 8.01775 9.48916 9.24355 7.79172 7.74001 23.8447 18.4806 15.7781
threshold=3525.0000000000005 1550.0000000000002 1.0000000180025095e-35 1.9000000000000001 6075.0000000000009 0.85000000000000586 -2.6333333333333329 3.5000000000000004 3.5000000000000004 0.20000000000000018 0.89583333333333592 5.5000000000000009 36.500000000000007 0.20000000000000009 132.83333333333334 0.55936507936507973 -1.4999999999999998 0.61123241145075224 0.55050505050505061 18525.000000000004 16375.000000000002 0.36931818181818188 -4.1666666666666652 0.28000000000000097 -5.4999999999999991 0.54067843353557654 40.500000000000007 1.5000000000000002 2.5000000000000004 107.50000000000001
decision_type=2 2 2 2 2 2 2 2 2 2 2 2 2 2 2 2 2 2 2 2 2 2 2 2 2 2 2 2 2 2
left_child=-1 -2 3 22 25 -6 16 8 26 -9 17 12 14 -13 15 -11 -4 18 19 20 -10 -21 23 -3 -24 -5 -8 -28 -29 -30
right_child=1 2 6 4 5 -7 7 9 10 11 -12 13 -14 -15 -16 -17 -18 -19 -20 21 -22 -23 24 -25 -26 -27 27 28 29 -31
leaf_value=0.027582491947269968 -0.049153034221875724 0.071083891470729355 0.043918071824668857 -0.034328816248928085 0.013428283472689271 -0.057252786884394384 0.00026618453870293505 0.041272779550057481 -0.078255638376464126 -0.034842981804828602 0.025803705423849445 -0.06162552979468594 0.030552388681558802 -0.0021535534657697078 0.008184958306261465 0.036381076247109977 -0.029079379015774395 -0.0047421992104143117 -0.052564810460481143 -0.041460552202815637 0.0060686496903349886 0.012206210659130953 -0.058062323520317538 -0.021820936085823278 -0.00049189035988564747 -0.011889561054220368 0.052683596189323958 -0.011567309027375258 0.055307673339537781 -0.035558482095650372
leaf_weight=50.05029646679759 15.585849419236181 2.7471104785799971 21.167313888669018 60.693664334714413 53.154446136206388 6.1647450551390639 1085.1865660697222 20.024290822446346 9.9837997108697873 23.371519818902019 16.129105053842068 6.6621018499135962 57.583272956311703 122.32756883651018 294.43659451603889 5.9765296950936309 4.5711261928081504 175.31440228968859 27.460523575544357 11.654709629714487 5.8945819884538642 40.779901906847954 6.9026427641510955 67.080180644989014 1739.3029353581369 109.94471195340157 29.43305716663599 73.483187668025494 22.271930627524856 5.9295325130224219
leaf_count=1003 302 16 150 341 274 33 4700 117 42 101 72 40 432 767 1369 29 22 756 120 50 35 184 60 460 8351 522 352 340 121 32
internal_value=-0.000245466 -0.000585298 -0.000398514 -0.00272698 -0.0132311 0.00591462 0.00191211 0.00154389 -0.000386615 0.00702493 -0.00905932 0.00566357 0.00938843 -0.00530927 0.00560083 -0.0200946 0.0306979 -0.0111608 -0.0228407 -0.0107597 -0.0467967 0.000126239 -0.00139348 -0.017998 -0.000725638 -0.0199156 0.00165781 0.0131285 0.00158942 0.0359677
internal_weight=4171.27 4121.22 4105.63 2045.99 229.958 59.3192 2059.64 2033.9 1503.52 530.382 287.217 510.358 381.368 128.99 323.785 29.348 25.7384 271.088 95.7735 68.313 15.8784 52.4346 1816.03 69.8273 1746.21 170.638 1216.3 131.118 101.685 28.2015
internal_count=21193 20190 19888 10057 1170 307 9831 9659 6804 2855 1259 2738 1931 807 1499 130 172 1187 431 311 77 234 8887 476 8411 863 5545 845 493 153
is_linear=0
shrinkage=0.05


Tree=65
num_leaves=31
num_cat=0
split_feature=11 12 19 15 35 20 13 11 11 7 12 12 13 33 13 29 45 12 32 19 46 21 28 13 13 35 32 32 32 35
split_gain=14.8063 12.8225 9.95339 7.21887 10.9826 14.0307 10.2124 9.18078 10.4377 8.64667 8.47855 9.56905 8.92985 8.23927 11.0877 7.50651 7.1795 7.06566 13.8478 11.5366 11.0532 10.6714 10.4088 10.1859 10.0736 10.0025 8.41084 8.37897 8.35609 7.70343
threshold=1550.0000000000002 2025.0000000000002 -81.499999999999986 3.5000000000000004 0.39444444444444454 358.50000000000006 1625.0000000000002 24825.000000000004 24375.000000000004 10.500000000000002 27175.000000000004 4325.0000000000009 875.00000000000011 0.56666666666666654 375.00000000000006 0.29285714285714287 1.0000000180025095e-35 26875.000000000004 0.66666666666667362 -276.49999999999994 1.0000000180025095e-35 -228.49999999999997 -1.6333333333333331 -19174.999999999996 -10924.999999999998 0.86607142857142871 0.48888888888888937 0.62222222222223456 0.23333333333334141 0.75735294117647067
decision_type=2 2 2 2 2 2 2 2 2 2 2 2 2 2 2 2 2 2 2 2 2 2 2 2 2 2 2 2 2 2
left_child=-1 2 -2 4 6 17 7 8 16 -10 11 -5 13 14 -13 -12 -3 24 19 27 21 22 25 -20 29 28 -22 -19 -21 -6
right_child=1 3 -4 10 5 -7 -8 -9 9 -11 15 12 -14 -15 -16 -17 -18 18 23 20 26 -23 -24 -25 -26 -27 -28 -29 -30 -31
leaf_value=-0.049043735932214109 -0.084451655454760494 -0.010353147324825932 0.040741625519798513 0.034054257059459213 -0.0053560302551518696 -0.063254016958000148 -0.0011157467911274525 -0.022255199533973365 0.07055561511400231 -0.0036952384271581513 0 -0.013734949963190982 0.0032732469623053054 0.0094021026183747341 -0.077326087660054763 0.027693494493531968 0.04528442417326476 0.022379076373196992 0.097691299251275843 -0.023436704897193204 0.012547015249055302 0.00049097720574671738 -0.037053185186232608 0.019883744061099471 -0.00046745277177748435 -0.058436631688491163 0.069130890311917811 -0.035734116254884353 0.023557688779315258 -0.029196869884193385
leaf_weight=15.692723855376242 1.5732833892107034 264.42002340778708 26.277646329253912 21.801412783563137 92.986952554434538 8.6674316711723787 419.04949594661593 146.82442051917315 7.6182322055101377 7.705026775598526 39.657400943338871 89.966344986110926 552.78620209172368 35.337008349597454 7.3834751918911925 62.607099030166864 5.8001884147524825 86.667273197323084 4.4351179823279372 14.549129094928501 32.339584168046713 440.65529838204384 40.753539856523275 69.356245119124651 1600.359950080514 6.7718092352151862 8.2830247059464437 6.5290725305676451 26.37277252972126 53.879071153700352
leaf_count=317 12 1370 597 221 759 44 1935 629 31 34 186 449 2849 184 34 327 31 439 34 70 148 2055 179 322 7412 29 38 35 131 443
internal_value=-0.000718131 -0.000534403 0.0332138 -0.000762693 -0.00178929 -0.000112486 -0.00669182 -0.0120831 -0.00682916 0.0331138 0.00347146 0.00151692 0.000469958 -0.0111648 -0.0186837 0.0169258 -0.0091241 0.000108364 0.0042167 0.00191973 -0.000740688 -0.00268065 -0.0185213 0.0247538 -0.00162118 -0.00253706 0.0243488 0.0182203 0.00671129 -0.0141502
internal_weight=4197.11 4181.41 27.8509 4153.56 3344.02 2492.61 851.417 432.368 285.543 15.3233 809.539 707.274 685.473 132.687 97.3498 102.264 270.22 2483.94 736.713 662.922 569.725 529.103 88.4473 73.7914 1747.23 47.6937 40.6226 93.1963 40.9219 146.866
internal_count=21344 21027 609 20418 16168 12138 4030 2095 1466 65 4250 3737 3516 667 483 513 1401 12094 3480 3124 2650 2464 409 356 8614 230 186 474 201 1202
is_linear=0
shrinkage=0.05


Tree=66
num_leaves=31
num_cat=0
split_feature=11 15 35 20 13 33 38 32 32 1 39 38 11 11 19 24 22 7 32 17 19 10 32 11 20 8 19 36 13 8
split_gain=14.0142 6.86351 9.62716 12.3055 10.3989 8.05021 6.93527 6.74268 12.6042 9.18941 8.33951 8.09202 7.57254 8.01429 7.20345 7.04294 7.15093 6.76096 6.66769 8.00888 7.53345 6.57162 7.91501 8.10699 7.35376 7.17918 8.82484 12.1544 8.79924 6.80445
threshold=1550.0000000000002 3.5000000000000004 0.39444444444444454 358.50000000000006 2875.0000000000005 0.14666666666666686 0.78037433155080393 0.33333333333333681 0.33333333333334458 1.0000000180025095e-35 1.0000000180025095e-35 0.50690476190476286 25725.000000000004 27175.000000000004 280.50000000000006 1.0000000180025095e-35 105.16666666666667 13.500000000000002 0.22222222222222746 -0.41666666666666657 15.500000000000002 3.5000000000000004 0.20000000000000009 29975.000000000004 36.500000000000007 0.69579905992949487 294.50000000000006 0.9545454545454547 6675.0000000000009 0.77621283255086082
decision_type=2 2 2 2 2 2 2 2 2 2 2 2 2 2 2 2 2 2 2 2 2 2 2 2 2 2 2 2 2 2
left_child=-1 2 4 6 7 -3 21 10 17 -10 12 -12 18 -14 15 -11 -17 -9 -2 20 -20 25 -23 -24 -25 26 -4 -28 -27 -30
right_child=1 5 3 -5 -6 -7 -8 8 9 14 11 -13 13 -15 -16 16 -18 -19 19 -21 -22 22 23 24 -26 28 27 -29 29 -31
leaf_value=-0.048738467518146165 -0.002286589888492768 0.046674811347032608 0.0019207975993710234 -0.058754758402215147 0.00055232196615398628 0.0030244378396364433 -0.0088148611462830102 0.085962160394831871 0.0010216355382291298 -0.013752108440222717 0.020341038024076774 -0.044748659382186223 -0.062139883790604367 -0.023379978254770575 0.025428149334366365 -0.057147386328415678 0 0.0031388609433865831 -0.022185552855729446 -0.053898164466258502 0.049231950401950907 0.03311900681098958 -0.021127036095108815 -0.052663716229750461 0.0038516890995605271 0.0032479923834605922 -0.0043850982356466303 -0.04122539200938205 0.038508503283843178 0.0096381732615715872
leaf_weight=15.019142892211674 56.155858900398016 10.623177792876957 1661.242955930531 8.762563191354273 348.85732256248593 804.79213171079755 193.71468435227871 5.4251169711351377 146.89864587038755 121.8077803440392 22.798983197659258 5.9093699976801863 20.269158020615578 41.415425069630146 9.5365150943398458 20.239442057907585 7.3718746453523627 4.6961215510964394 23.266397204250101 18.125536914914846 4.2587697431445113 10.967373430728911 88.752413965761662 6.0696641504764548 85.711397871375084 175.4018894508481 165.69848447665572 25.885022383183241 38.357375118881464 44.957764681428671
leaf_count=317 276 61 8306 47 1746 4365 984 24 708 606 104 28 85 177 43 88 35 21 122 87 22 49 422 26 372 750 876 129 207 261
internal_value=-0.00068347 -0.000508361 -0.00150739 5.54129e-05 -0.00608151 0.0036049 0.000266159 -0.0106446 -0.00612558 -0.00796247 -0.0180409 0.00666049 -0.0224103 -0.0362771 -0.016292 -0.0190034 -0.0418558 0.0484291 -0.013932 -0.0281117 -0.0108164 0.00103251 -0.00782902 -0.0103612 6.54524e-06 0.00183888 0.000746289 -0.00940762 0.00964094 0.0230199
internal_weight=4192.99 4177.97 3362.55 2505.52 857.032 815.415 2496.76 508.175 315.975 305.854 192.199 28.7084 163.491 61.6846 158.956 149.419 27.6113 10.1212 101.807 45.6507 27.5252 2303.04 191.501 180.533 91.7811 2111.54 1852.83 191.584 258.717 83.3151
internal_count=21344 21027 16601 12429 4172 4426 12382 2426 1525 1480 901 132 769 262 772 729 123 45 507 231 144 11398 869 820 398 10529 9311 1005 1218 468
is_linear=0
shrinkage=0.05


Tree=67
num_leaves=31
num_cat=0
split_feature=11 12 19 40 32 32 12 30 32 4 29 33 29 27 10 10 10 11 34 21 21 12 0 4 20 23 11 15 34 30
split_gain=13.2638 11.924 9.08076 6.81049 6.79755 6.03048 6.95472 11.6916 9.68413 9.87451 8.47686 7.45243 6.80584 7.19837 8.95 13.384 10.1102 8.44194 6.78718 17.4578 12.1516 9.81388 8.60014 8.85769 8.63657 7.43896 7.2707 9.62796 7.35263 11.909
threshold=1550.0000000000002 2025.0000000000002 -81.499999999999986 1.0000000180025095e-35 0.80000000000001337 0.66666666666666963 25775.000000000004 0.70714285714285718 0.75000000000000056 9.5000000000000018 0.68333333333333346 0.64083333333333325 0.53589743589743599 -1.0000000180025095e-35 -3.4999999999999996 -4.4999999999999991 -5.4999999999999991 28475.000000000004 0.15476190476190479 203.50000000000003 269.50000000000006 9225.0000000000018 0.51666666666666672 3.5000000000000004 200.50000000000003 -70.549999999999983 4525.0000000000009 3.5000000000000004 0.39444444444444454 0.46862745098039221
decision_type=2 2 2 2 2 2 2 2 2 2 2 2 2 2 2 2 2 2 2 2 2 2 2 2 2 2 2 2 2 2
left_child=-1 2 -2 5 -5 12 10 -8 9 -9 -7 -12 13 -3 15 16 17 -15 19 25 -21 -22 23 -23 -24 -16 27 -20 29 -28
right_child=1 3 -4 4 -6 6 7 8 -10 -11 11 -13 -14 14 18 -17 -18 -19 26 20 21 22 24 -25 -26 -27 28 -29 -30 -31
leaf_value=-0.048433112383553585 -0.077111342483228984 -0.0031768164127567973 0.040197787804797054 -0.0064352435817604126 -0.046346668116816342 0.010426834400414817 0.034367535267127568 0.004973739726652552 0.017256586280699076 -0.048967221414771174 0.0066004253642632099 -0.011609632360813997 -0.004916255452115114 -0.00038042055817325785 -0.058662897760176719 0.068821094129486435 -0.063992640195875153 0.077397602265216914 -0.024835256721479199 0.034810341054267856 0.039967135342845433 0.034060421043069937 0.037883168346510662 -0.028616857488194671 -0.0094466870224187652 -0.01120797908259665 0.0048760473228840499 0.02081876049311332 0.002814633453549206 0.033056686216837348
leaf_weight=14.375080082565544 1.6459193974733377 913.79349955543876 25.317725844681263 291.56419885158539 11.031162612140177 157.82327150553465 48.139304790645838 20.791186131536961 52.212867770344019 14.050877902656792 91.419548194855452 144.54568825662136 807.19870310276747 12.40666623413563 8.5739843770861608 12.447008971124886 4.2884421534836319 4.6857194304466239 45.373578920960426 35.587783936411142 13.657239209860562 6.3902222365140906 17.429084487259388 40.528357550501823 21.082076080143452 206.37210259959102 116.35244523733854 15.28026808798313 980.89203249290586 55.627804603427649
leaf_count=317 12 4494 597 1350 52 804 214 96 259 80 473 773 3931 62 37 58 22 20 233 163 84 27 73 182 106 932 598 71 4948 276
internal_value=-0.000649993 -0.000483176 0.0325938 -0.000700094 -0.00792157 -0.000130572 0.00482535 0.0146095 0.00359956 -0.016714 0.00145073 -0.00453356 -0.000922323 0.000359859 0.00238676 0.0278036 0.00348299 0.020977 0.00183177 -0.00429907 0.00979042 0.000727898 -0.00552602 -0.0199197 0.0118866 -0.0131506 0.00360242 -0.0132362 0.00449372 0.0140342
internal_weight=4190.88 4176.51 26.9636 4149.55 302.595 3846.95 528.983 135.194 87.0549 34.8421 393.789 235.965 3317.97 2510.77 1596.97 33.8278 21.3808 17.0924 1563.15 349.621 134.675 99.087 85.4297 46.9186 38.5112 214.946 1213.53 60.6538 1152.87 171.98
internal_count=21344 21027 609 20418 1402 19016 2699 649 435 176 2050 1246 16317 12386 7892 162 104 82 7730 1604 635 472 388 209 179 969 6126 304 5822 874
is_linear=0
shrinkage=0.05


Tree=68
num_leaves=31
num_cat=0
split_feature=11 12 19 46 11 38 11 29 38 12 33 15 20 34 7 12 12 22 40 32 30 5 36 11 12 12 29 33 22 11
split_gain=12.5527 11.1105 8.30683 6.53586 11.5087 7.12101 14.9725 7.33817 6.43242 8.20038 8.78612 8.06805 6.24808 5.96966 6.5908 6.25718 5.5709 8.02686 5.47453 6.2503 5.85859 7.94772 7.21322 7.35 8.71679 7.30777 7.17505 11.7171 10.5683 6.84886
threshold=1550.0000000000002 2025.0000000000002 -81.499999999999986 1.0000000180025095e-35 13225.000000000002 0.5430952380952393 14425.000000000002 0.81666666666666676 0.45333333333333503 23225.000000000004 0.31706349206349221 1.5000000000000002 -21.499999999999996 0.36931818181818188 8.5000000000000018 9975.0000000000018 4325.0000000000009 266.16666666666669 1.0000000180025095e-35 0.80000000000001337 0.43650793650793657 5.5000000000000009 0.19090909090909094 30825.000000000004 16025.000000000002 24975.000000000004 0.64583333333333337 0.47999999999999998 -138.16666666666666 12275.000000000002
decision_type=2 2 2 2 2 2 2 2 2 2 2 2 2 2 2 2 2 2 2 2 2 2 2 2 2 2 2 2 2 2
left_child=-1 2 -2 16 -5 6 -6 13 11 10 -10 12 -8 14 -7 -15 17 -3 -18 20 21 22 -20 24 -24 -26 27 -22 -28 -27
right_child=1 3 -4 4 5 7 8 -9 9 -11 -12 -13 -14 15 -16 -17 18 -19 19 -21 26 -23 23 -25 25 29 28 -29 -30 -31
leaf_value=-0.048127013935938399 -0.070664782924113878 0.0044642773455361127 0.0396508730290447 -0.016774091275293949 0.14324428392506106 0.0060266187305840491 0.0081437354177759727 0.058308758208643521 0.046294289821184144 -0.0002553508443274987 -0.060120874564345186 0.024879637202478593 -0.029950652624689485 0.049576220708424427 0.068284398218231845 0.0056752687271819985 -0.00098271815618787041 0.044532238446519726 -0.029467895217613796 -0.045179568222609878 0.011024882369040629 -0.022411492553887847 0.060972111749447104 -0.049147150478915165 -0.022031944292239924 0.092349007754756143 -0.025949085923965005 -0.024798284982595432 0.048545512580988881 0.011373505577548246
leaf_weight=13.759409531950949 1.7135461866855646 86.454320196062326 24.408151380717754 45.645038425922394 1.7723921239376057 7.65596725791693 30.407509692013264 10.972789783030747 2.1535867080092421 36.774240210652351 12.775366041809319 42.230292655527592 16.450831387192011 8.9711766839027387 10.0853712297976 82.537828657776117 3445.0906673334539 14.606098208576439 16.532381139695644 10.888434268534182 53.478032629936934 92.511744793504477 8.0875157564878446 5.0159923285245887 16.107400856912136 2.8503966033458736 6.533143017441037 39.574358016252518 16.32988304272294 25.684583589434624
leaf_count=317 12 614 597 276 9 34 137 47 12 159 69 194 77 63 50 368 16785 180 74 51 238 427 38 21 72 22 34 185 75 107
internal_value=-0.000617684 -0.000458736 0.0319817 -0.00066499 0.00633387 0.0103715 0.00276834 0.0193362 0.000864019 -0.0131105 -0.0442313 0.0090359 -0.00515911 0.0153264 0.0418827 0.0100831 -0.00122863 0.010343 -0.00154303 -0.00809827 -0.00663693 -0.0126387 -0.000385877 0.00789028 0.0134934 0.00466329 0.0019593 -0.00416698 0.0270205 0.0199311
internal_weight=4188.06 4174.3 26.1217 4148.18 308.432 262.787 142.564 120.223 140.792 51.7032 14.929 89.0886 46.8583 109.25 17.7413 91.509 3839.74 101.06 3738.68 293.594 282.705 166.79 74.2783 57.7459 52.7299 44.6424 115.915 93.0524 22.863 28.535
internal_count=21344 21027 609 20418 1495 1219 657 562 648 240 81 408 214 515 84 431 18923 794 18129 1344 1293 761 334 260 239 201 532 423 109 129
is_linear=0
shrinkage=0.05


Tree=69
num_leaves=31
num_cat=0
split_feature=12 24 46 20 23 13 33 34 12 35 38 24 27 17 22 22 32 8 32 34 31 5 32 7 22 32 23 15 21 38
split_gain=10.4478 7.30221 5.87944 7.31234 8.80309 7.57976 9.06984 7.45035 7.41459 9.51409 8.25189 12.5975 9.23413 10.8428 8.3848 8.14976 8.1312 8.0553 7.62336 7.43676 7.36646 6.26653 6.11359 6.79788 6.50611 8.01956 6.24789 5.37306 7.95773 7.61017
threshold=2025.0000000000002 -1.0000000180025095e-35 1.0000000180025095e-35 216.50000000000003 123.10000000000001 -14674.999999999998 0.66761904761904756 0.65833333333333344 25175.000000000004 0.39444444444444454 0.56666666666666876 -1.0000000180025095e-35 -1.8333333333333333 -0.58333333333333315 -11.166666666666666 185.58333333333334 0.32500000000000179 0.46644144144144151 0.46666666666667384 0.48333333333333339 0.48529411764705888 8.5000000000000018 0.48888888888888937 10.500000000000002 11.833333333333334 0.28571428571428586 -70.549999999999983 -2.4999999999999996 -219.49999999999997 0.45333333333333503
decision_type=2 2 2 2 2 2 2 2 2 2 2 2 2 2 2 2 2 2 2 2 2 2 2 2 2 2 2 2 2 2
left_child=1 -1 27 5 21 6 -4 -6 10 -10 12 20 -7 -14 -15 -13 -16 -18 -19 -11 -12 -5 23 26 25 -25 -21 28 -2 -30
right_child=2 -3 3 4 7 8 -8 -9 9 19 11 15 13 14 16 -17 17 18 -20 22 -22 -23 -24 24 -26 -27 -28 -29 29 -31
leaf_value=-0.061293298162548374 0.0027042699415520941 0.039066420266607206 -0.050164967965828616 0.024866776274258963 -0.0076570584243549553 0.028678313003483058 0.06236330513798654 0.026261508690861624 -0.0097788764758339423 0.043857614742630911 0.013083088157943071 0.040647850923687286 -0.069423208876240095 0.064064540596281958 0.012738098142441671 -0.022142964686822458 0.014848690391894841 -0.093310684746884004 -0.026671042237465886 -0.015225398083461779 -0.058182913903842864 0.07775723813211019 0.038774911472539086 0.044477412150884937 -0.066452136440277157 -0.041612985377795675 0.059864410686579508 -0.00042214803373934314 0.00051923994987129241 -0.012851163963353214
leaf_weight=1.8383564539253736 218.69668326899409 23.476842164993286 12.407314296811817 18.460159461945299 35.591794401407242 8.7702781334519369 1.9657274037599552 29.325237836688757 30.393235176801682 27.396585680544376 6.0673053264617911 25.12125946208835 11.328878000378607 3.0587089695036331 11.942013282328849 6.3188445940613738 5.5179210677742985 7.196719482541087 11.458464294672011 4.7556318640708923 8.4684114791452867 8.3593185469508153 12.388341490179299 5.0645501986145991 5.6990607157349578 5.5780846625566483 6.1637730151414889 3135.4511387683451 153.05329318717122 343.97336899116635
leaf_count=14 1264 595 125 86 178 42 20 146 132 119 28 126 51 15 52 32 25 33 56 20 41 40 55 23 26 24 25 15493 728 1730
internal_value=-0.000586445 0.0313692 -0.00078286 0.00585129 0.017681 0.000822833 -0.034105 0.00760504 0.00333989 0.0132879 -0.00582637 0.0099881 -0.0181734 -0.0264491 -0.0137487 0.0278394 -0.0206358 -0.0373137 -0.053006 0.023818 -0.0282082 0.0417655 0.00976986 -0.0033218 -0.0238379 -0.000146726 0.0268661 -0.00131624 -0.0052255 -0.00872458
internal_weight=4185.29 25.3152 4159.97 308.798 91.7365 217.061 14.373 64.917 202.688 97.4393 105.249 45.9758 59.273 50.5027 39.1738 31.4401 36.1151 24.1731 18.6552 67.046 14.5357 26.8195 39.6494 27.2611 16.3417 10.6426 10.9194 3851.17 715.723 497.027
internal_count=21344 609 20735 1520 450 1070 145 324 925 424 501 227 274 232 181 158 166 114 89 292 69 126 173 118 73 47 45 19215 3722 2458
is_linear=0
shrinkage=0.05


Tree=70
num_leaves=31
num_cat=0
split_feature=11 12 33 11 40 16 8 38 30 30 11 12 19 13 11 12 24 13 10 30 12 38 4 35 32 35 4 10 20 25
split_gain=13.2535 12.2234 8.11905 8.81342 6.8988 6.62586 7.9482 7.60416 8.11793 7.30684 6.79227 8.73325 6.16686 8.96834 6.13756 5.95209 5.62126 5.55402 9.40759 7.19601 7.13615 6.66165 6.51168 8.23948 7.16284 6.60726 6.09087 8.09581 14.0114 8.78271
threshold=1550.0000000000002 3275.0000000000005 0.26015873015873042 29275.000000000004 1.0000000180025095e-35 2.5000000000000004 0.62476765799256517 0.76666666666666849 0.59166666666666679 0.73863636363636376 24375.000000000004 25575.000000000004 -165.49999999999997 3275.0000000000005 25025.000000000004 22425.000000000004 -7.4999999999999991 975.00000000000011 -11.499999999999998 0.13392857142857145 8025.0000000000009 0.38373015873016031 8.5000000000000018 0.39444444444444454 0.20000000000001181 0.5634920634920636 37.500000000000007 -1.4999999999999998 117.50000000000001 -2.4999999999999996
decision_type=2 2 2 2 2 2 2 2 2 2 2 2 2 2 2 2 2 2 2 2 2 2 2 2 2 2 2 2 2 2
left_child=-1 2 3 -2 16 6 -6 8 12 -10 -8 15 -7 -14 -11 -12 -3 19 -19 21 22 -18 23 -20 -25 -24 27 28 29 -21
right_child=1 4 -4 -5 5 7 10 -9 9 14 11 -13 13 -15 -16 -17 17 18 20 26 -22 -23 25 24 -26 -27 -28 -29 -30 -31
leaf_value=-0.05154060377751133 0.030577553513630031 -0.037290636709383033 0.03571424641482359 -0.10059822813659186 -0.0072818851013763857 0.01790890179362396 0.056176818248591588 -0.080028759830243629 0.039399334552539661 0.022232996946813712 -0.0056871498890246237 -0.049680044864604464 -0.063351304111970333 -0.013493745634223757 -0.058418786376874976 0.050771833893241018 0.018582585635677124 0.054859045780002148 -0.020038052764511982 -0.0085271709563459041 0.0011321450942616373 0.0010855133672162203 0.044372057738525962 -0.052167511782119196 0.022475884079547009 0.0092825837600185156 -0.016075502940483443 -0.0066934917650907358 0.048232268784348088 0.0053865847653434716
leaf_weight=12.404380749911068 2.5378155522048464 9.8093451373279077 35.534290965646505 2.3409570716321468 199.95224191993475 5.9527429454028598 8.9474083110690099 5.0526343435049048 10.185572430491449 4.1649089306592924 9.3451473936438614 5.4640420079231253 16.655028305947781 20.386437050998211 5.0491142645478249 8.9229636937379819 65.527410119771957 8.2961836755275709 24.316353362053633 176.54904919862747 2118.6298471726477 322.61056862398982 26.417953003197908 3.3706882558763018 39.249901309609413 28.181617945432663 92.871214170008898 595.07247607409954 15.705824069678782 316.59153563529253
leaf_count=299 54 80 859 29 924 31 41 26 44 22 42 22 78 91 22 36 306 38 159 1027 9746 1511 205 22 274 224 631 2949 72 1573
internal_value=-0.000141403 1.1026e-05 0.0273431 -0.0321159 -0.000255015 -0.00755591 -0.00352564 -0.021357 -0.0164053 0.0102187 0.0192568 0.00495023 -0.0285304 -0.0361561 -0.0215786 0.021744 0.000313922 0.000412424 0.00201133 -0.0018527 0.00181095 0.00405636 0.0135921 0.00304475 0.0163473 0.0264021 -0.00377346 -0.00273262 0.00189002 0.000394471
internal_weight=4196.1 4183.69 40.4131 4.87877 4143.28 300.078 232.632 67.4464 62.3938 19.3996 32.6796 23.7322 42.9942 37.0415 9.21402 18.2681 3843.2 3833.39 2248.46 1584.93 2240.17 388.138 121.537 66.9369 42.6206 54.5996 1196.79 1103.92 508.846 493.141
internal_count=21437 21138 942 83 20196 1379 1065 314 288 88 141 100 200 169 44 78 18817 18737 10668 8069 10630 1817 884 455 296 429 6252 5621 2672 2600
is_linear=0
shrinkage=0.05


Tree=71
num_leaves=31
num_cat=0
split_feature=11 12 23 13 13 23 33 20 11 19 40 17 12 33 36 20 19 37 37 11 13 10 10 4 13 36 16 38 6 23
split_gain=12.5756 11.2884 8.67962 9.90112 13.0443 8.1264 14.4694 7.49564 8.08345 6.21812 5.73798 5.73579 5.53216 5.4383 7.12814 7.03927 6.4936 6.23251 6.3132 6.41407 6.08895 5.4128 8.53501 7.83576 7.33786 9.58589 5.24334 6.13739 5.92241 11.6189
threshold=3475.0000000000005 4325.0000000000009 220.30000000000004 -74.999999999999986 1.0000000180025095e-35 -62.54999999999999 0.26015873015873042 167.50000000000003 26975.000000000004 -87.499999999999986 1.0000000180025095e-35 -1.0000000180025095e-35 2325.0000000000005 0.22222222222222232 0.78888888888888908 -558.99999999999989 -368.49999999999994 0.60000000000000109 0.6666666666666794 30625.000000000004 3575.0000000000005 -11.499999999999998 -10.499999999999998 1.0000000180025095e-35 -6574.9999999999991 0.43303571428571436 2.5000000000000004 0.76666666666666849 1.5000000000000002 134.67500000000004
decision_type=2 2 2 2 2 2 2 2 2 2 2 2 2 2 2 2 2 2 2 2 2 2 2 2 2 2 2 2 2 2
left_child=-1 2 3 9 11 -6 7 8 -7 -2 13 -5 -8 14 16 -15 -3 -16 -19 20 -20 23 -23 -17 -25 -26 28 -28 29 -12
right_child=1 10 -4 4 5 6 12 -9 -10 -11 26 -13 -14 15 17 21 -18 18 19 -21 -22 22 -24 24 25 -27 27 -29 -30 -31
leaf_value=-0.027516461455572024 0.00034801306271649925 0.033832944310461459 0.041554626497595351 -0.0077780091541164876 0.046361430058634148 -0.033513829882469953 0.036860594835556336 0.015890838662655348 -0.14586958523572757 0.062725272872560037 -0.0052185023106835707 -0.066988439032343972 0.0021487523483002921 -0.034380522286841991 0.042632016798077529 -0.022567247338468221 0.00060340473849877351 -0.016494190528605422 0.017090232817347357 -0.032773226782464145 0.069090207203694035 -0.060345213801249034 -0.00033876105898105054 -0.019413590143168735 0.11608904102090425 0.026747484282984093 -0.015300908563893165 -0.076004492973313881 0.012380474242883775 -0.076131102753151422
leaf_weight=41.417217802256346 6.1944961473345783 15.489839531481264 24.075485114008188 8.3326864019036311 13.023244231939314 4.1858395822346193 16.886846648529172 2.6935243047773838 2.7550607211887836 12.056167326867579 171.96942944079638 8.4225932806730253 36.503847144544125 15.101410780102013 21.560677148401737 6.5544442795217064 265.27197599038482 15.083936981856821 23.470022752881054 4.509936846792697 7.5466202870011321 5.8376316055655471 3328.9135545380414 3.7829620540142104 4.6197048723697636 9.0688756257295591 60.431301556527615 4.4448499828577033 46.392532266676426 5.8945504054427138
leaf_count=738 28 85 378 38 95 26 447 30 29 51 774 35 355 116 93 34 1256 66 112 23 37 36 15932 30 21 46 273 22 204 27
internal_value=-0.000134266 0.000138391 0.0143481 0.00837291 0.00167911 0.0105386 0.00299545 -0.052978 -0.0802598 0.0419434 -0.000338842 -0.0380596 0.0132696 0.000186354 0.00609181 -0.000430081 0.0024659 0.0201053 0.0103449 0.0218949 0.0300843 -0.000274929 -0.000447111 0.0233191 0.0408483 0.0578849 -0.00712343 -0.0196474 -0.00347089 -0.00763815
internal_weight=4192.49 4151.07 135.13 111.054 92.8036 76.0484 63.0251 9.63442 6.9409 18.2507 4015.94 16.7553 53.3907 3726.81 352.933 3373.88 280.762 72.1712 50.6105 35.5266 31.0166 3358.78 3334.75 24.026 17.4715 13.6886 289.133 64.8762 224.257 177.864
internal_count=21437 20699 1512 1134 1055 982 887 85 55 79 19187 73 802 17887 1672 16215 1341 331 238 172 149 16099 15968 131 97 67 1300 295 1005 801
is_linear=0
shrinkage=0.05


Tree=72
num_leaves=31
num_cat=0
split_feature=12 13 13 12 23 36 39 10 26 36 31 38 34 4 10 32 13 37 31 12 33 39 40 18 33 36 37 8 15 38
split_gain=10.8011 10.3187 8.46334 8.41654 7.8753 6.72545 5.90419 5.9279 6.4791 6.85256 5.7018 7.46167 12.7715 5.58392 8.71847 6.50475 5.83375 9.85262 10.5456 8.54161 11.8011 5.91408 5.50631 6.64095 5.50408 9.23157 7.45238 6.97241 6.81369 5.4655
threshold=8025.0000000000009 175.00000000000003 -17874.999999999996 5025.0000000000009 267.10000000000008 0.48333333333333339 1.0000000180025095e-35 5.5000000000000009 3.5000000000000004 0.9545454545454547 0.97058823529411775 0.556111111111112 0.59411764705882364 8.5000000000000018 -6.4999999999999991 0.19722222222222982 22575.000000000004 0.33333333333334436 0.37171052631578955 2825.0000000000005 0.44000000000000011 1.0000000180025095e-35 1.0000000180025095e-35 -3.4499999999999997 0.24000000000000021 0.78888888888888908 0.46666666666667606 0.90645833333333348 -7.4999999999999991 0.73003496503496634
decision_type=2 2 2 2 2 2 2 2 2 2 2 2 2 2 2 2 2 2 2 2 2 2 2 2 2 2 2 2 2 2
left_child=1 3 4 6 10 -5 7 8 9 -1 -2 12 -12 16 -15 -16 -3 19 21 -18 -21 29 24 -24 25 27 -27 -4 -26 -19
right_child=2 13 22 5 -6 -7 -8 -9 -10 -11 11 -13 -14 14 15 -17 17 18 -20 20 -22 -23 23 -25 28 26 -28 -29 -30 -31
leaf_value=0.0019071891791372026 -0.021080779646784939 0.016799839340254922 0.0025504970455416044 -0.0059647706246065257 0.049741273973675192 0.047094938207674797 -0.025569109704411942 -0.043858766156934813 0.027597085745448793 -0.035276339631315594 -0.002939773998139085 -0.02614898530159205 0.12766718295425897 -0.079264517524513731 -0.025675888447862151 0.031058139142255338 0.031932879225797565 0.0079306448838607595 0.03481857324889364 -0.018338086689354965 -0.12867371959525983 -0.091522386026914523 -0.067131511631100024 -0.0063751527223908158 -0.053680311850777013 0.061825469126315737 0.014725341353582711 -0.054710221653411453 -0.00062034734646990164 -0.08970358721363425
leaf_weight=98.66032375022769 98.707297503948212 75.244834182783961 318.52017137780786 9.4987082853913325 4.5004227608442298 15.230127763003109 27.915504664182663 7.3413616120815268 20.774256642907858 14.043020181357859 4.890180826187132 6.5537997931241989 2.8581743016839027 1.8385734409093846 5.2212707810103884 80.125715931877494 2.8758378587663165 9.0048853047192114 17.467937035486102 6.1582532785832864 4.085158109664917 2.5276017300784579 4.4984370842576018 262.47625632211566 5.9653393961489192 9.4818198382854444 75.721640985459089 5.3015767708420745 2991.0616551786661 1.5913977846503247
leaf_count=434 1162 571 1511 40 32 72 123 41 102 61 51 75 32 8 45 870 75 118 239 48 29 25 26 1151 49 40 339 25 14021 22
internal_value=-0.000127626 0.00768846 -0.000953111 -0.00058107 -0.0141578 0.0265706 -0.00460327 -0.000396396 0.00198768 -0.00270878 -0.0167885 0.0124288 0.0456136 0.0154701 0.0251058 0.0275028 0.00835081 -0.00608449 0.0093409 -0.0422306 -0.0636429 -0.0241987 -0.000528921 -0.00744235 1.17053e-05 0.00545314 0.0200918 0.00158099 -0.000729415 -0.00696661
internal_weight=4190.14 399.605 3790.54 193.463 117.51 24.7288 168.734 140.819 133.478 112.703 113.009 14.3022 7.74836 206.141 87.1856 85.347 118.956 43.7111 30.5918 13.1192 10.2434 13.1239 3673.03 266.975 3406.05 409.025 85.2035 323.822 2997.03 10.5963
internal_count=21437 2923 18514 873 1352 112 761 638 597 495 1320 158 83 2050 923 915 1127 556 404 152 77 165 17162 1177 15985 1915 379 1536 14070 140
is_linear=0
shrinkage=0.05


Tree=73
num_leaves=31
num_cat=0
split_feature=11 12 19 33 11 26 12 12 18 12 19 13 23 31 34 35 34 40 18 16 21 33 34 21 22 11 19 34 10 4
split_gain=12.0728 10.1259 6.87228 6.12968 9.41586 5.54767 5.61861 7.00859 5.55339 5.64058 5.34495 4.77949 6.25913 6.14077 6.60847 6.59681 5.22587 4.91185 6.32775 7.16429 7.71924 5.61111 7.33222 9.92997 9.74036 9.7677 8.92182 6.22119 7.02103 5.88044
threshold=1550.0000000000002 2325.0000000000005 399.50000000000006 0.26015873015873042 29275.000000000004 -2.4999999999999996 4425.0000000000009 5025.0000000000009 -0.77499999999999991 27175.000000000004 392.50000000000006 -17874.999999999996 267.10000000000008 0.97058823529411775 0.59411764705882364 0.59411764705882364 0.23611111111111113 1.0000000180025095e-35 -3.4499999999999997 2.5000000000000004 139.50000000000003 0.22222222222222232 0.5634920634920636 -152.49999999999997 140.16666666666671 30975.000000000004 27.500000000000004 0.65833333333333344 -3.4999999999999996 7.5000000000000009
decision_type=2 2 2 2 2 2 2 2 2 2 2 2 2 2 2 2 2 2 2 2 2 2 2 2 2 2 2 2 2 2
left_child=-1 3 10 4 -2 -4 -7 -8 -9 -10 11 12 13 -3 16 -16 -15 21 -19 -20 -21 22 -13 27 26 -26 29 -24 -29 -25
right_child=1 2 5 -5 -6 6 7 8 9 -11 -12 17 -14 14 15 -17 -18 18 19 20 -22 -23 23 24 25 -27 -28 28 -30 -31
leaf_value=-0.051268942173994303 0.04852124552122624 -0.017912197130343952 0.030248695226842783 0.040751188144828143 -0.10257757645682151 0.039760122844286191 -0.050518227546488617 -0.059470113134804353 0.0033300671607932016 0.029170700645706867 -0.024840131446451752 0.012796292032969567 0.067638051620962175 0.03387088343535273 0.11715166250650677 0.012674801178470788 -0.055102201449417756 -0.065907849923643194 -0.0013369791827981875 -0.10139962675185928 -0.016698691156461883 -0.00045940508186336859 -0.013737753313465315 0.0064364478862265614 0.027365799070043686 -0.049382033568143489 -0.047900247266525225 0.058039933722206727 0.0099130321688877306 -0.028526011642989957
leaf_weight=11.405596181750296 1.9582158625125914 88.098272122442722 23.624207332730293 22.67372789233923 1.9322089478373525 11.118104504421352 5.7417087629437438 3.2093578353524199 244.3492113314569 23.120945241302252 22.815218862146139 190.17812307924032 2.3396916836500159 2.7555905729532224 2.4579516872763634 4.0704620778560638 3.7128438614308834 4.3582745455205432 212.20115401223302 2.7568756341934195 58.787092600017786 3101.1616738326848 11.510872833430765 26.798580929636955 23.161466069519523 4.9151491634547702 21.495875667780638 12.483463965356348 19.986959788948298 21.432864062488079
leaf_count=299 43 936 135 638 19 130 34 14 1403 158 119 868 16 24 21 38 38 26 935 12 267 14612 54 116 112 24 97 58 92 99
internal_value=-0.000121676 1.80726e-05 -0.000178128 0.0307328 -0.0259601 0.00696562 0.00502545 0.00359641 0.004781 0.00559257 -0.000758851 -0.000612864 -0.0112103 -0.0131496 0.0186421 0.0539387 -0.0164993 -0.000315864 -0.00670625 -0.00572172 -0.0207323 0.000200518 0.00637878 -0.0021968 -0.0110992 0.0136251 -0.0211316 0.0174668 0.0286906 -0.00902343
internal_weight=4186.61 4175.21 4148.64 26.5642 3.89042 311.164 287.539 276.421 270.68 267.47 3837.48 3814.66 103.435 101.095 12.9968 6.52841 6.46843 3711.23 278.103 273.745 61.544 3433.13 331.963 141.785 97.8039 28.0766 69.7273 43.9813 32.4704 48.2314
internal_count=21437 21138 20438 700 62 1874 1739 1609 1575 1561 18564 18445 1073 1057 121 59 62 17372 1240 1214 279 16132 1520 652 448 136 312 204 150 215
is_linear=0
shrinkage=0.05


Tree=74
num_leaves=31
num_cat=0
split_feature=11 12 19 33 11 17 30 7 7 37 11 8 32 23 5 12 35 9 38 12 12 4 29 20 22 32 11 12 19 23
split_gain=11.4559 9.45228 6.22499 5.75973 8.24012 5.38088 5.76094 5.11684 11.3306 9.6701 7.44207 6.40772 5.87375 5.85021 5.78095 5.72327 5.69658 5.4612 5.88828 6.21776 5.82033 5.54893 5.05865 5.81805 11.0922 7.42945 7.13225 5.03149 4.80166 4.73851
threshold=1550.0000000000002 2325.0000000000005 399.50000000000006 0.26015873015873042 29275.000000000004 1.0000000180025095e-35 0.39444444444444454 16.500000000000004 15.500000000000002 0.66666666666667296 29075.000000000004 0.39489928525016249 0.30000000000000027 44.100000000000009 3.5000000000000004 24575.000000000004 0.65833333333333344 1.0000000180025095e-35 0.16000000000000147 27175.000000000004 11725.000000000002 23.500000000000004 1.0000000180025095e-35 290.50000000000006 246.16666666666671 0.70000000000000195 29025.000000000004 25225.000000000004 392.50000000000006 148.30000000000004
decision_type=2 2 2 2 2 2 2 2 2 2 2 2 2 2 2 2 2 2 2 2 2 2 2 2 2 2 2 2 2 2
left_child=-1 3 28 4 -2 6 -4 8 9 11 -10 -7 14 -14 -13 16 -15 -9 21 20 -20 -19 -22 24 26 -25 -24 -17 -3 -18
right_child=1 2 5 -5 -6 7 -8 17 10 -11 -12 12 13 15 -16 27 29 18 19 -21 22 -23 23 25 -26 -27 -28 -29 -30 -31
leaf_value=-0.051120236262881195 0.048166367985675966 -0.00058301340923667456 0.0028753341717386604 0.040233773731910047 -0.092851896376763152 -0.03990807646780882 0.067457624686910925 -0.013457148846285273 -0.10317646221382133 0.042912729242329056 -0.011004753339547486 -0.0042261950294698132 0.057793288603815662 0.010243005506167198 -0.062760902912028335 0.051628343958685124 0.011872460004599461 -0.070963377310329867 0.036740821929250239 0.043076559293294681 -0.049075795757730641 0.012106952120443104 0.055128152855842952 0.0069617460090466909 0.069112716384857317 -0.060769368040876806 -0.037507081957994848 -0.00044201200829328781 -0.023495385520493746 -0.031873901312983483
leaf_weight=10.880389111116527 1.8768107332289248 3813.6171638853848 6.8319853916764242 21.839579181745648 2.0354958698153496 10.354825034737585 7.2709579356014729 19.16275567561388 4.247895270586012 12.889066049829124 4.7417715489864349 13.076851274818184 5.1648618876934043 34.017603643238544 6.2893072962760916 9.9989789277315158 8.3807380869984645 3.6688506081700316 20.421476006507874 20.028899643570185 3.7134719640016547 4.0788108389824629 3.0132863037288207 62.358382001519203 10.260217510163782 4.2232146561145774 6.0861371420323849 8.2304306775331479 22.917971938848495 21.729046482592821
leaf_count=299 43 18445 39 638 19 46 41 114 20 69 22 59 23 166 28 43 38 18 233 145 16 28 21 460 53 28 29 34 119 101
internal_value=-0.000115995 1.70287e-05 -0.000169667 0.0301581 -0.0244421 0.00664006 0.0367641 0.00517666 -0.00177446 0.00195682 -0.0557647 -0.00253579 0.00107186 0.00663491 -0.0237174 0.00329977 -0.00366857 0.0113646 0.0148586 0.0174082 0.0126575 -0.0269963 0.0070813 0.00962014 0.0336917 0.00250594 -0.00602149 0.0279721 -0.000721795 -0.0195331
internal_weight=4183.41 4172.53 4146.77 25.7519 3.91231 310.24 14.1029 296.137 139.121 130.132 8.98967 117.243 106.888 87.5217 19.3662 82.3568 64.1274 157.016 137.853 130.105 110.076 7.74766 89.6547 85.9412 19.3596 66.5816 9.09942 18.2294 3836.54 30.1098
internal_count=21437 21138 20438 700 62 1874 80 1794 649 607 42 538 492 405 87 382 305 1145 1031 985 840 46 607 591 103 488 50 77 18564 139
is_linear=0
shrinkage=0.05


Tree=75
num_leaves=31
num_cat=0
split_feature=13 6 14 22 6 33 25 33 32 19 20 13 32 29 38 8 8 19 37 38 38 29 5 8 32 37 24 30 13 28
split_gain=11.1748 13.2775 10.5708 7.56255 14.5098 18.1229 8.64239 8.47371 8.59785 7.30568 8.25124 7.11734 7.2071 13.4262 6.96666 6.57763 13.1271 12.13 8.93463 7.60884 9.10613 7.83761 7.54653 6.81735 10.4497 6.11097 7.94421 5.64133 8.80976 7.67518
threshold=6475.0000000000009 7.5000000000000009 -3.4999999999999996 301.50000000000006 8.5000000000000018 0.36684981684981716 7.5000000000000009 0.38558441558441536 0.55555555555555902 -299.49999999999994 -242.49999999999997 -17874.999999999996 0.75000000000001898 0.78888888888888908 0.15000000000000135 0.77621283255086082 0.59272486772486788 323.50000000000006 0.27777777777778251 0.38010989010989138 0.61055555555555652 0.55050505050505061 3.5000000000000004 0.69791415189995665 0.46666666666667384 0.80000000000001625 1.0000000180025095e-35 0.57738095238095244 7625.0000000000009 1.3666666666666669
decision_type=2 2 2 2 2 2 2 2 2 2 2 2 2 2 2 2 2 2 2 2 2 2 2 2 2 2 2 2 2 2
left_child=1 11 -2 7 5 -5 -6 9 -9 -3 -11 12 -1 -14 -13 16 27 18 -17 21 -21 -18 -20 24 -23 26 -10 -4 -29 -30
right_child=2 3 15 4 6 -7 -8 8 25 10 -12 14 13 -15 -16 17 19 -19 22 20 -22 23 -24 -25 -26 -27 -28 28 29 -31
leaf_value=-0.016432718996160486 -0.03423576658728622 -0.039288130491127726 -0.00068173561321526821 -0.17957775575454502 -0.024334124216243692 -0.034401433967978137 0.025945201175055489 -0.024055754741116233 -0.0097702837777063067 0.049628670400411655 0.0023502991824327132 -0.01715840996346894 0.12982662168493972 -0.0099110035635267893 0.0010404335755722657 -0.035553048656252799 0.041685916153919672 0.021034100192130735 -0.0072368098211903964 0.0037524927373158326 0.024934332915009849 0.048366308849746603 0.032659506481198849 0.040799934978008101 -0.045213315251921592 -0.04798605084041261 0.031536568915480068 -0.013781590442307505 0.02436880406269417 0
leaf_weight=96.220555871725082 16.706580203026533 9.2636077683418971 347.13928291201591 3.0865730941295606 47.629802022129297 7.1865857169032097 10.234636813402174 91.167465608566999 28.316800501197577 10.067517917603253 103.64789963141084 53.531486507505178 2.3727416098117819 5.4185565169900656 2647.0309773534536 25.68537287786603 48.928991844877601 43.942358216270804 124.53793346323073 137.98322537727654 80.838138619437814 4.1992065291851786 12.973034333437679 8.4292944595217687 9.4828772377222759 5.5428277477622023 19.505605414509773 30.647054046392441 90.644999848678708 50.076566433534026
leaf_count=1156 111 67 2067 17 308 37 82 481 155 61 512 240 26 75 11974 130 267 304 646 809 531 26 61 43 59 30 102 138 520 344
internal_value=0.000540014 -0.000942211 0.00505377 -0.010339 -0.0252241 -0.0798124 -0.0153254 -0.00652091 -0.0147313 0.003092 0.00661983 0.000180933 -0.0126448 0.0331166 0.000677216 0.00570837 0.00774654 -0.00222149 -0.00852298 0.0162703 0.0116083 0.0305238 -0.00341559 0.00552229 -0.0159872 0.00111991 0.0070041 0.00296963 0.0103914 0.0156975
internal_weight=4172.44 3140.22 1032.21 335.649 68.1376 10.2732 57.8644 267.512 144.533 122.979 113.715 2804.57 104.012 7.7913 2700.56 1015.51 808.37 207.139 163.196 289.862 218.821 71.0404 137.511 22.1114 13.6821 53.3652 47.8224 518.508 171.369 140.722
internal_count=21379 15323 6056 1852 444 54 390 1408 768 640 573 13471 1257 101 12214 5945 4804 1141 837 1735 1340 395 707 128 85 287 257 3069 1002 864
is_linear=0
shrinkage=0.05


Tree=76
num_leaves=31
num_cat=0
split_feature=11 12 44 17 13 6 12 13 24 8 5 21 38 13 23 43 13 13 38 8 19 6 32 0 35 11 29 19 24 11
split_gain=11.6666 9.66077 8.57563 7.38977 7.00845 12.7669 13.4036 12.7919 8.0395 7.92789 8.01621 7.13377 7.05719 6.67191 7.67886 6.31365 8.09225 15.1608 8.31112 7.99093 8.72874 8.44888 7.70391 11.3889 6.65537 8.48477 6.4254 9.67123 7.8657 7.87942
threshold=1550.0000000000002 4325.0000000000009 1.0000000180025095e-35 3.5833333333333335 6475.0000000000009 7.5000000000000009 27225.000000000004 -3274.9999999999995 -4.4999999999999991 0.56773440106773443 59.500000000000007 770.00000000000011 0.55936507936508095 -8824.9999999999982 -286.89999999999992 1.0000000180025095e-35 8075.0000000000009 13375.000000000002 0.74083333333333434 0.77621283255086082 328.50000000000006 7.5000000000000009 0.68888888888890376 0.2166666666666667 0.70714285714285718 29525.000000000004 0.40833333333333338 290.50000000000006 2.5000000000000004 28175.000000000004
decision_type=2 2 2 2 2 2 2 2 2 2 2 2 2 2 2 2 2 2 2 2 2 2 2 2 2 2 2 2 2 2
left_child=-1 2 3 -2 5 -3 9 12 -6 10 -7 15 -8 -11 -15 19 24 18 22 21 26 -10 23 -18 25 -17 27 -21 29 -28
right_child=1 4 -4 -5 8 6 7 -9 11 13 -12 -13 -14 14 -16 16 17 -19 -20 20 -22 -23 -24 -25 -26 -27 28 -29 -30 -31
leaf_value=-0.051003229818788 0.0037119931316297243 0.00015284754714125267 0.043041519841919021 0.044898798159197707 -0.040456533493190547 -0.075754169003516753 0.060774055015940735 -0.0036713285445528865 0.003146778216720038 -0.041752630525675426 0.010309915420922529 -0.058941893232111547 -0.0064029239654528379 0.054610296839572636 -0.013146318987783774 0 -0.086845941968658746 0.023393563322817047 0.040575247179894997 0.0030816385613723252 0.017273578715792864 0.021132201802748524 0.043495931476696871 -0.013588143490593613 -0.0035160656190755045 0.059133649873309449 -0.049527973243885567 -0.048790387845583601 -0.050330480382472557 0.0058944841288703122
leaf_weight=10.858397509902714 99.256963474676013 2724.0573154091835 21.213381821289659 12.198040334507821 9.9869605973362905 10.316659115254877 13.659202788025143 80.092960897833109 552.53491492569447 20.44916058704257 3.493950515985488 4.3175348266959181 5.2566971443593493 4.1523201316595069 189.60413764417171 7.9923285022377994 5.9480600953102103 70.048555850982666 7.031529799103736 67.622183755040169 29.271838419139385 74.167982436716557 4.7509114667773238 46.669068202376366 9.4180888086557371 23.239458050578833 8.928035184741022 10.242575921118258 20.772834874689579 21.686442837119102
leaf_count=316 1012 12860 263 246 68 63 82 405 2658 154 26 34 34 27 993 41 28 424 37 312 148 454 23 236 40 114 41 48 95 97
internal_value=0.000513651 0.000650598 0.0139215 0.00830065 0.000211674 -0.000966135 -0.0102995 0.00501963 0.00390366 -0.0169726 -0.0537038 0.00437225 0.0419072 -0.0145571 -0.011641 0.00466822 0.0132584 0.00728831 -0.0101612 0.00274489 -0.00726767 0.0052863 -0.0165267 -0.0221134 0.032815 0.0439067 -0.0128733 -0.00373147 -0.0265941 -0.0102141
internal_weight=4169.24 4158.38 132.668 111.455 4025.71 3051.08 327.025 99.0089 974.629 228.016 13.8106 964.642 18.9159 214.206 193.756 960.325 175.098 134.448 64.3996 785.227 158.524 626.703 57.368 52.6171 40.6499 31.2318 129.252 77.8648 51.3873 30.6145
internal_count=21379 21063 1521 1258 19542 14644 1784 521 4898 1263 89 4830 116 1174 1020 4796 943 748 324 3853 741 3112 287 264 195 155 593 360 233 138
is_linear=0
shrinkage=0.05


Tree=77
num_leaves=31
num_cat=0
split_feature=11 12 10 10 4 10 15 16 8 0 10 20 24 36 12 31 37 11 2 11 22 8 21 20 20 37 30 21 37 32
split_gain=11.0603 9.0038 7.00028 9.50419 23.8824 13.4365 13.3123 15.7297 10.4422 8.05748 7.64316 8.52946 6.92529 6.6806 6.57454 6.39054 6.11815 6.88972 6.11359 7.32268 7.52854 6.12163 5.66206 5.50223 7.87269 5.72638 6.45839 5.91081 11.5917 6.19101
threshold=1550.0000000000002 3025.0000000000005 -4.4999999999999991 -5.4999999999999991 12.500000000000002 -6.4999999999999991 -1.4999999999999998 -1.0000000180025095e-35 0.35037313432835826 0.75000000000000011 5.5000000000000009 24.500000000000004 6.5000000000000009 0.59411764705882364 27975.000000000004 0.55050505050505061 0.33333333333334036 27675.000000000004 1.0000000180025095e-35 26775.000000000004 -172.83333333333329 0.16784037558685447 685.50000000000011 19.500000000000004 -24.499999999999996 0.25000000000001216 0.64583333333333337 -155.49999999999997 0.66666666666667096 0.50000000000001266
decision_type=2 2 2 2 2 2 2 2 2 2 2 2 2 2 2 2 2 2 2 2 2 2 2 2 2 2 2 2 2 2
left_child=-1 -2 3 5 23 6 18 14 13 -10 12 -12 22 15 -8 -7 17 -13 21 20 -20 -3 -4 24 25 -5 27 29 -29 -27
right_child=1 2 10 4 -6 8 7 -9 9 -11 11 16 -14 -15 -16 -17 -18 -19 19 -21 -22 -23 -24 -25 -26 26 -28 28 -30 -31
leaf_value=-0.0508638780787437 0.026950145455780367 -0.0090688551216713178 0.0015340860238773216 -0.069941151049974032 -0.064801759089655409 0.0019892839025332097 0.037644392487941707 -0.030340199772068255 0.044809201303417562 -0.026092568983649124 -0.052253565828635079 -0.058842082872465611 0.026640314508016294 -0.019132446743430561 -0.016280530393636996 0.061870493265522034 -0.0011762180964529014 -0.011779994785304417 -0.00087651432603596527 0.03437181366320096 -0.063077370476202849 -0.039624853804627047 -0.054576495578661399 0.042071084780569312 -0.053109338782046968 -0.017262163405129666 -0.025278215934583955 0.046527678062837474 -0.03282253652812403 0.030504160393147291
leaf_weight=10.356681359931825 32.120372848585248 27.564746055752039 3475.4172271508723 3.1927894800901404 21.8332141302526 15.549973655492069 32.398095045238733 15.978884190320967 32.004055373370647 4.4187461137771598 10.092390343546866 9.5441833660006505 27.449211072176695 22.533172890543938 6.6402904018759719 6.2561398074030867 186.39877710305154 43.210651598870754 20.513663496822119 9.7647471874952299 6.3487734235823181 42.478998832404613 4.3972230553627005 5.2333210110664359 9.4587771408259851 29.538899704813957 22.863678034394979 17.277164325118068 6.1048068702220908 8.6533946841955167
leaf_count=316 874 150 16646 14 144 73 143 79 160 21 43 50 266 103 30 30 1063 229 133 43 34 267 32 22 40 130 106 76 26 36
internal_value=0.00048873 0.000619147 0.000412159 -0.00617977 -0.0174247 -0.000395929 -0.00873392 0.0111725 0.0162253 0.0360227 0.00105696 -0.00739789 0.00165943 0 0.028326 0.0196014 -0.00546302 -0.0204841 -0.0190487 -0.00233534 -0.0159422 -0.0277013 0.00146018 -0.00721342 -0.00996196 -0.00519245 -0.00260517 0.00576002 0.0255456 -0.00625757
internal_weight=4165.59 4155.24 4123.12 366.606 124.156 242.45 161.688 55.0173 80.7621 36.4228 3756.51 249.246 3507.26 44.3393 39.0384 21.8061 239.154 52.7548 106.671 36.6272 26.8624 70.0437 3479.81 102.323 97.0895 87.6307 84.4379 61.5743 23.382 38.1923
internal_count=21379 21063 20189 1860 594 1266 879 252 387 181 18329 1385 16944 206 173 103 1342 279 627 210 167 417 16678 450 428 388 374 268 102 166
is_linear=0
shrinkage=0.05


Tree=78
num_leaves=31
num_cat=0
split_feature=11 13 6 12 13 31 6 31 12 36 31 21 8 8 6 25 0 36 22 22 4 30 38 4 4 10 37 38 11 38
split_gain=10.4858 8.46964 10.8298 11.1412 11.5939 7.63404 7.46953 7.19806 6.62823 7.52074 7.30834 10.7958 10.4453 12.9088 7.02728 6.94849 6.78096 7.94398 9.17747 8.50328 7.66283 12.2727 7.53049 10.5068 8.48554 6.72033 6.8191 6.55784 6.52839 6.41386
threshold=1550.0000000000002 6475.0000000000009 7.5000000000000009 27225.000000000004 -3274.9999999999995 0.44949494949494956 55.500000000000007 0.59166666666666679 6525.0000000000009 0.23611111111111113 0.40833333333333338 701.50000000000011 0.79034123770965892 0.65232809127351232 -2.4999999999999996 3.5000000000000004 0.55000000000000016 0.9545454545454547 254.16666666666671 309.83333333333343 7.5000000000000009 0.32291666666666669 0.50064935064935245 25.500000000000004 54.500000000000007 -2.4999999999999996 0.20000000000000021 0.34761904761904855 31775.000000000004 0.55936507936508095
decision_type=2 2 2 2 2 2 2 2 2 2 2 2 2 2 2 2 2 2 2 2 2 2 2 2 2 2 2 2 2 2
left_child=-1 2 -2 5 29 6 -4 -7 9 14 11 12 13 15 -3 -10 -12 20 -19 -20 21 -18 -22 -24 -25 -11 -27 -16 -17 -5
right_child=1 8 3 4 -6 7 -8 -9 10 25 16 -13 -14 -15 27 28 17 18 19 -21 22 -23 23 24 -26 26 -28 -29 -30 -31
leaf_value=-0.050727351314066395 0.00031123845268544374 -0.09034284698682854 -0.0057845549915678677 0.05807165827121652 -0.0034301336322538562 -0.045643681060370644 -0.066173662435724673 -0.015836641636268228 0.0021316020776911862 -0.036747559266335786 0.0025035172620388483 -0.069265263053225695 -0.0069103772167853532 0.02743902524472417 0.041866228503422198 0.025723735832264179 -0.10417595084601619 -0.057799273524953509 0.050877462058235227 -0.044545667340435087 -0.012739055908956649 0 0.036124351852266715 -0.045219572190074678 0.034458101251308361 -0.059355082789740166 0.031007908287288791 -0.016640789050704062 -0.015367919275407125 -0.0060362455293351399
leaf_weight=9.8776910565793496 2792.5964808352292 2.2010483313351896 140.84956569969654 13.599269244819881 79.979790396988392 32.149538341909647 5.2391257733106604 57.185721512883902 231.63184725493193 4.0594200380146495 296.3192075304687 4.4524132125079623 94.821816373616457 96.661212608218193 6.8322703298181322 64.590544048696756 4.7153128236532194 16.79997651278973 4.6826854050159437 4.4445157498121262 50.15970328822732 6.9225934892892838 24.908946081995964 9.4189653135836107 4.995680905878543 2.0264661591500035 68.953440893441439 15.353138387203215 11.134866416454313 5.2416211850941172
leaf_count=316 13173 26 757 82 405 203 35 318 1091 26 1473 35 438 462 102 371 20 77 23 21 260 31 111 64 33 27 1100 207 58 34
internal_value=0.000462786 0.000586964 -0.000705173 -0.00920975 0.00483834 -0.0151273 -0.00802825 -0.0266584 0.00452911 0.016803 0.00320512 0.00727891 0.00798587 0.0114952 -0.00713895 0.00645744 -0.0016265 -0.0112928 -0.0359591 0.00388985 -0.00488973 -0.0428747 3.70018e-05 0.0164515 -0.0172141 0.0246494 0.0282778 0.00125982 0.0196033 0.0400349
internal_weight=4162.8 4152.93 3126.84 334.245 98.8207 235.424 146.089 89.3353 1026.09 99.4258 926.66 503.293 498.84 404.018 24.3865 307.357 423.368 127.048 25.9272 9.1272 101.121 11.6379 89.4833 39.3236 14.4146 75.0393 70.9799 22.1854 75.7254 18.8409
internal_count=21379 21063 15007 1834 521 1313 792 521 6056 1488 4568 2455 2420 1982 335 1520 2113 640 121 44 519 51 468 208 97 1153 1127 309 429 116
is_linear=0
shrinkage=0.05


Tree=79
num_leaves=31
num_cat=0
split_feature=24 16 6 33 10 20 14 9 44 36 31 20 8 18 46 21 25 21 28 28 0 38 8 36 0 5 16 33 32 32
split_gain=6.52877 10.8689 5.924 5.93892 5.24102 8.0345 6.28137 7.0426 5.47854 7.09564 8.32124 9.58679 8.52624 6.80119 8.53964 8.00086 7.92791 7.80766 7.3745 7.29666 9.11265 10.6796 8.23683 7.10877 11.1933 11.0809 7.38108 7.2918 6.56812 11.1461
threshold=-5.4999999999999991 -5.4999999999999991 -11.499999999999998 0.364040404040404 5.5000000000000009 24.500000000000004 6.5000000000000009 1.0000000180025095e-35 1.0000000180025095e-35 0.81666666666666676 0.48529411764705888 135.50000000000003 0.24795081967213117 -0.77499999999999991 1.0000000180025095e-35 -128.49999999999997 -2.4999999999999996 -131.49999999999997 -0.44999999999999996 -0.63333333333333319 0.38333333333333336 0.43333333333333396 0.21498599439775914 0.69375000000000009 0.61666666666666681 8.5000000000000018 4.5000000000000009 0.43999999999999978 0.46666666666666723 0.42222222222222633
decision_type=2 2 2 2 2 2 2 2 2 2 2 2 2 2 2 2 2 2 2 2 2 2 2 2 2 2 2 2 2 2
left_child=1 2 3 -1 6 -6 8 -8 13 28 11 -11 -12 15 16 17 19 -2 -17 -15 21 -21 -22 25 -25 26 27 -24 29 -10
right_child=4 -3 -4 -5 5 -7 7 -9 9 10 12 -13 -14 14 -16 18 -18 -19 -20 20 22 -23 23 24 -26 -27 -28 -29 -30 -31
leaf_value=-0.011412406561214882 -4.4507590906023398e-05 -0.055348338726810581 -0.016385535065433322 0.069688370248594755 -0.049960588036741464 -0.0044828604172567352 -0.022058427857427534 0.03777328697907343 0.0067903305152795558 -0.0090836395784030226 0.041494284727701836 0.033127304178615827 -0.023596862736674256 0.042916654821382502 0.011270493100644943 -0.0069968895044494536 0.001658975882603249 0.052758877062738921 -0.040498953417201014 0.0023908887463188915 0.081898214052915086 -0.042625160553649587 -0.026796194116528199 -0.0088658626872780925 0.05008734872190123 -0.032248492721311244 0.053092319255717113 0.020792636907691051 0.014859229865577679 -0.024183330183074052
leaf_weight=3.983965281397106 580.43063593842089 13.786611020565031 20.261846980080009 4.7828406430780888 10.05233860760927 242.36879660561681 6.1330631338059929 22.094945559278131 232.54753300920129 31.71702872402966 5.3674099296331397 23.070115437731147 57.872170245274901 6.2983221914619199 210.12016559578478 425.93930695578456 1828.9688067529351 6.9839415699243537 17.071284746751189 19.631083931773901 2.6769692301750174 38.677480313926935 17.131752423942089 20.540700148791075 13.008455857634543 39.205870125442743 6.6101963538676491 14.938324250280855 204.55278089828789 33.050454922020435
leaf_count=29 2894 141 163 35 43 1437 38 267 1150 153 22 111 287 38 1052 2118 9179 34 92 97 11 198 79 104 57 186 34 73 1073 184
internal_value=0.000439753 -0.0189576 -0.0013722 0.0325562 0.000643146 -0.00633282 0.00110023 0.0245652 0.000925638 0.00536567 -0.00556645 0.00862769 -0.0179366 0.000119975 0.00168095 -0.00323473 0.000674324 0.00058365 -0.00830801 -0.0093697 -0.0113324 -0.0274056 -0.00305882 -0.00521614 0.0139252 -0.0135326 0.00534295 -0.00447804 0.0081213 0.00290956
internal_weight=4159.88 42.8153 29.0287 8.76681 4117.06 252.421 3864.64 28.228 3836.41 588.177 118.027 54.7871 63.2396 3248.23 2217.81 1030.43 2007.69 587.415 443.011 178.719 172.421 58.3086 114.112 111.435 33.5492 77.8861 38.6803 32.0701 470.151 265.598
internal_count=21379 368 227 64 21011 1480 19531 305 19226 2980 573 264 309 16246 11108 5138 10056 2928 2210 877 839 295 544 533 161 372 186 152 2407 1334
is_linear=0
shrinkage=0.05


Tree=80
num_leaves=31
num_cat=0
split_feature=11 12 20 23 34 10 10 10 10 20 42 10 13 27 24 4 28 33 28 13 20 37 25 0 33 20 21 33 12 37
split_gain=9.78415 6.77352 5.73383 15.6944 13.7015 5.5206 7.16301 9.89871 8.88152 7.59736 7.59874 7.05101 18.8108 13.1211 8.30506 10.9484 9.35532 8.83155 7.86469 10.9086 8.10043 7.26884 9.56288 9.32654 8.83953 8.2497 8.41926 7.23526 8.19906 6.92607
threshold=1550.0000000000002 3275.0000000000005 -44.499999999999993 38.100000000000009 0.65833333333333344 20.500000000000004 15.500000000000002 12.500000000000002 5.5000000000000009 19.500000000000004 1.0000000180025095e-35 2.5000000000000004 -974.99999999999989 -1.4166666666666663 1.0000000180025095e-35 28.500000000000004 1.3666666666666669 0.75055555555555575 1.9000000000000001 6275.0000000000009 -101.49999999999999 0.55555555555555824 1.5000000000000002 0.61666666666666681 0.41333333333333355 472.50000000000006 -112.49999999999999 0.4599999999999998 22775.000000000004 0.16666666666667093
decision_type=2 2 2 2 2 2 2 2 2 2 2 2 2 2 2 2 2 2 2 2 2 2 2 2 2 2 2 2 2 2
left_child=-1 2 3 -2 -5 6 7 8 11 -10 29 18 13 -13 16 17 27 -16 -3 -20 -21 25 24 -24 -23 26 -22 28 -14 -11
right_child=1 5 -4 4 -6 -7 -8 -9 9 10 -12 12 14 -15 15 -17 -18 -19 19 20 21 22 23 -25 -26 -27 -28 -29 -30 -31
leaf_value=-0.050559053390346866 0.045574609468914978 0.0010048719395851491 0.03426271194974384 0 -0.20948438438248901 0.047490170271781811 -0.040120453954030785 0.037259158569943045 -0.060656850817403088 -0.034649982012825535 -0.030940029347457605 -0.051086702609085488 -0.064335745356917717 0.050009876785084645 0.0035095152580013247 0.02716647660641552 0.018153811538132916 -0.056123891892253766 -0.011858546545442626 -0.024681651478157665 -0.028797629715287237 0.0022877068604355891 0.019954240282445395 -0.035408001833992987 -0.072594496545066889 -0.040158375124529855 0.030384329357588075 -0.084889799686337475 0.016139640387543269 -0.00067096036209672279
leaf_weight=9.2176182977855188 4.1739227157086125 2772.1964432485402 25.834892373532057 1.5491764675825836 1.4133066423237322 6.1554122976958743 10.734923042356966 18.217088878154755 6.9181649610400191 16.4242143034935 30.005709800869226 3.4202261269092551 5.5710777342319542 33.449064306914806 524.47947100177407 50.470477182418108 9.2091107442975026 6.1751802414655677 290.55995436012745 20.271901868283749 6.5027797371149054 7.233889650553464 35.296653002500534 9.5507309101521951 8.2260072901844961 5.1692328900098792 60.758921384811401 6.6007138639688483 6.9386849850416183 166.21091740578413
leaf_count=311 86 13401 767 35 36 44 69 115 30 80 151 18 25 186 2389 345 43 30 1438 94 32 37 211 50 40 36 331 29 30 912
internal_value=0.000612421 0.000728507 0.0232701 -0.0157574 -0.102469 0.000546195 0.000473528 0.000582014 0.000416183 -0.00936143 -0.00764133 0.000973563 0.00573862 0.0403835 0.00362824 0.00492521 -0.0227335 0.0027957 1.41645e-05 -0.00616506 0.00461467 0.00914168 -0.00360957 0.00800047 -0.0374453 0.0198179 0.0245542 -0.0426889 -0.0195286 -0.00377132
internal_weight=4158.94 4149.72 32.9713 7.13641 2.96248 4116.75 4110.59 4099.86 4081.64 219.559 212.641 3862.08 646.314 36.8693 609.445 581.125 28.3196 530.655 3215.77 443.57 153.01 132.738 60.3073 44.8474 15.4599 72.4309 67.2617 19.1105 12.5098 182.635
internal_count=21401 21090 924 157 71 20166 20122 20053 19938 1173 1143 18765 3095 204 2891 2764 127 2419 15670 2269 831 737 338 261 77 399 363 84 55 992
is_linear=0
shrinkage=0.05


Tree=81
num_leaves=31
num_cat=0
split_feature=11 15 23 11 19 39 17 8 0 4 19 34 11 10 10 37 36 30 20 38 31 37 11 40 37 18 35 28 19 37
split_gain=9.27585 5.73288 7.07763 6.66546 12.7489 7.34822 14.906 9.2445 8.66835 7.50154 6.99553 6.59628 6.44178 6.33488 11.9722 12.1187 9.87883 7.82649 6.18106 6.87208 9.71107 9.76728 8.04818 6.94802 6.38683 6.05755 7.01794 5.95086 5.75906 6.00766
threshold=1550.0000000000002 -2.4999999999999996 128.67500000000004 23775.000000000004 100.50000000000001 1.0000000180025095e-35 -3.1666666666666665 0.23166368515205729 0.71666666666666667 5.5000000000000009 125.50000000000001 0.73863636363636376 25625.000000000004 -6.4999999999999991 -3.4999999999999996 0.57777777777778772 0.73863636363636376 0.48529411764705888 -87.499999999999986 0.61361111111111277 0.86607142857142871 0.64444444444444648 13975.000000000002 1.0000000180025095e-35 0.39940476190476842 -3.6333333333333329 0.39444444444444454 -1.4499999999999997 77.500000000000014 0.48888888888889209
decision_type=2 2 2 2 2 2 2 2 2 2 2 2 2 2 2 2 2 2 2 2 2 2 2 2 2 2 2 2 2 2
left_child=-1 2 3 4 18 7 12 10 11 -9 -5 27 -7 -11 15 25 -16 -17 19 20 21 -2 -23 24 -22 -15 -27 -8 -18 -30
right_child=1 -3 -4 5 -6 6 8 9 -10 13 -12 -13 -14 14 16 17 28 -19 -20 -21 23 22 -24 -25 -26 26 -28 -29 29 -31
leaf_value=-0.050426612893485649 -0.014084303796633196 0.0015861130081732849 -0.026399031157241633 0.021024423588424133 0.020760335498777066 0.029348799721777147 0.040798804575810824 -0.015367771382045817 0.078931907504081952 -0.027772352813339004 -0.020034497316329003 0.05629072212836226 -0.043652972983501175 0 -0.011947670278906085 -0.038710439214486414 -0.0010384511513320807 0.029507365531133742 -0.07389631201462897 -0.02241175080991677 0.091597552901061141 0.05290047971570138 -0.011030208465293704 -0.039091907989843945 0.020874991181771635 0.019320415650520312 0.087850656552031212 -0.0060515031401971262 0.093862669071561669 0.022977969009845056
leaf_weight=8.7907765898853523 146.22134445607662 3370.8966940138489 31.423200480639935 65.034840755164623 34.67129023373127 3.9116671755909911 10.03086089342832 108.56867438368499 7.9449846297502509 16.948086977005005 12.135304823517798 10.154368389397858 11.591083165258167 4.4787394553422955 90.999394925311208 8.1003035455942172 17.498566720634699 8.4966443479061109 3.8187364302575579 83.150042712688446 3.8890241310000482 10.548533637076618 8.9043593406677228 3.684046506881713 18.419310208410025 5.8388046324253109 11.840756483376024 20.023449599742897 3.8609134107828167 14.076936887577174
leaf_count=311 879 17085 149 275 200 20 44 450 41 99 50 46 66 26 447 41 85 43 21 520 22 73 38 18 106 27 54 85 16 64
internal_value=0.000582473 0.000693016 -0.00317848 -0.00218874 -0.00774166 0.00183212 0.0175068 -0.000870598 0.0312677 -0.00496773 0.0144855 0.0215531 -0.0248426 0.00120907 0.00422773 0.0285153 -0.00319405 -0.00351999 -0.0113123 -0.010398 -0.00515101 -0.00963263 0.0234744 0.0231504 0.033781 0.0526428 0.0657352 0.00950278 0.0191146 0.0389481
internal_weight=4155.95 4147.16 776.264 744.841 313.307 431.534 63.6564 367.878 48.1537 290.708 77.1701 40.2087 15.5028 182.139 165.191 38.7552 126.436 16.5969 278.635 274.817 191.667 165.674 19.4529 25.9924 22.3083 22.1583 17.6796 30.0543 35.4364 17.9379
internal_count=21401 21090 4005 3856 1877 1979 302 1677 216 1352 325 175 86 902 803 191 612 84 1677 1656 1136 990 111 146 128 107 81 129 165 80
is_linear=0
shrinkage=0.05


Tree=82
num_leaves=31
num_cat=0
split_feature=11 12 11 33 36 4 38 37 20 9 8 8 21 30 19 21 19 19 8 30 38 12 30 4 4 13 11 11 13 30
split_gain=8.79459 6.27196 5.50284 8.9248 6.19014 5.45897 5.83671 10.2336 7.27873 7.11861 7.00434 6.28584 6.6979 5.00789 4.98052 4.90567 4.86629 8.92661 11.8626 7.52222 5.31304 5.21365 6.26397 5.46221 8.72882 5.55994 6.90102 8.23342 5.14014 5.01096
threshold=1550.0000000000002 3275.0000000000005 29275.000000000004 0.33416666666666678 0.59411764705882364 160.50000000000003 0.77500000000000158 0.91666666666667618 -133.49999999999997 1.0000000180025095e-35 0.40635080645161298 0.30860805860805868 5.5000000000000009 0.42261904761904767 231.50000000000003 352.50000000000006 116.50000000000001 197.50000000000003 0.55183609493954333 0.64583333333333337 0.83333333333333492 8025.0000000000009 0.88194444444444453 3.5000000000000004 6.5000000000000009 6575.0000000000009 27225.000000000004 28925.000000000004 4275.0000000000009 0.29285714285714287
decision_type=2 2 2 2 2 2 2 2 2 2 2 2 2 2 2 2 2 2 2 2 2 2 2 2 2 2 2 2 2 2
left_child=-1 2 -2 4 -4 6 7 -3 -9 11 13 12 -8 14 -11 -5 19 18 -18 -12 -20 -19 23 -23 -25 26 -26 -28 -29 -27
right_child=1 5 3 15 -6 -7 9 8 -10 10 16 -13 -14 -15 -16 -17 17 21 20 -21 -22 22 -24 24 25 29 27 28 -30 -31
leaf_value=-0.05029585285681494 0.035087538675875767 0.00065376313605443499 -0.11902213957038399 0.04977741571199968 0.01341562527903159 0.041668731026516415 -0.0072303021863254109 -0.024991776347067427 0.036759423505650819 -0.029669697073817242 0.033947503966111375 -0.021504780395395544 0.051773404252305144 0.046024685658458124 0.033187723359961334 -0.09105840366871705 -0.090818834832282577 0.034481313370577894 -0.03789128133663841 -0.033747846323067682 0.02789421464280183 -0.044391596883352202 -0.051436802286653108 0.037896697287538812 0.0054029003791541477 0.049395195793616772 -0.11897576771843255 0.016991241728989036 -0.050568729484879907 -0.004443019818372528
leaf_weight=8.3834934718906862 23.618351684883237 3794.9734474886209 2.2818186637014137 4.4685343336313963 1.271989034488797 7.9328871220350257 22.828552659600977 5.4688373655080786 30.864969827234745 6.2063135765492934 16.459052886813883 96.811989244073629 5.9645104818046084 13.09178079664707 6.1841939762234688 0.60075072571635235 7.0128707885742214 8.811161953955887 6.9181767404079419 5.3007886782288542 5.2942656949162483 6.5147663950920096 6.778364334255456 14.021783813834189 12.415050838142635 6.3652213551104095 2.9233971312642089 4.3405171781778318 7.29270089417696 12.574159003794191
leaf_count=311 717 18484 34 130 24 53 115 31 154 29 77 515 28 68 31 19 32 84 31 26 24 27 30 60 77 34 16 26 35 79
internal_value=0.000553106 0.000658353 0.0225944 -0.0110606 -0.0711814 0.000484652 0.000402841 0.000908324 0.0272845 -0.00664195 0.00073742 -0.0154001 0.00495621 0.0245717 0.00131713 0.0306813 -0.00417484 -0.00881874 -0.0394013 0.017149 -0.00897132 -0.00155164 -0.00599673 -0.00121589 0.00346019 -0.00700796 -0.0216272 -0.0449013 -0.025005 0.0135529
internal_weight=4153.97 4145.59 32.2414 8.62309 3.55381 4113.35 4105.42 3831.31 36.3338 274.11 148.505 125.605 28.7931 25.4823 12.3905 5.06929 123.022 101.262 19.2253 21.7598 12.2124 82.0371 73.226 66.4476 59.9328 45.911 26.9717 14.5566 11.6332 18.9394
internal_count=21401 21090 924 207 58 20166 20113 18669 185 1444 786 658 143 128 60 149 658 555 87 103 55 468 384 354 327 267 154 77 61 113
is_linear=0
shrinkage=0.05


Tree=83
num_leaves=31
num_cat=0
split_feature=11 12 18 13 13 0 36 38 9 35 8 11 11 8 21 12 12 16 28 36 6 38 42 19 34 34 5 38 0 8
split_gain=8.33944 5.93395 7.92864 5.32999 6.40209 5.41968 5.43313 5.18192 7.2762 7.23157 9.47183 7.65883 6.4955 6.11122 6.01074 6.01044 6.36479 6.8678 5.80957 8.66631 8.2351 5.11788 7.36708 6.75706 6.55806 8.26842 7.53091 6.91197 6.69294 6.39836
threshold=1550.0000000000002 4325.0000000000009 3.9000000000000004 -74.999999999999986 -1.0000000180025095e-35 0.2166666666666667 0.15476190476190479 0.77500000000000158 1.0000000180025095e-35 0.5634920634920636 0.40635080645161298 25025.000000000004 26775.000000000004 0.30860805860805868 5.5000000000000009 25775.000000000004 8025.0000000000009 3.5000000000000004 0.55000000000000016 0.89444444444444449 13.500000000000002 0.60500000000000076 1.0000000180025095e-35 168.50000000000003 0.32051282051282054 0.63961038961038974 6.5000000000000009 0.74083333333333434 0.51666666666666672 0.88748219655008709
decision_type=2 2 2 2 2 2 2 2 2 2 2 2 2 2 2 2 2 2 2 2 2 2 2 2 2 2 2 2 2 2
left_child=-1 2 3 -2 -5 -6 -7 21 13 -10 -11 15 -13 14 -9 16 -12 -18 -14 -20 -21 -3 24 -24 28 26 27 -26 -23 -25
right_child=1 7 -4 4 5 6 -8 8 9 10 11 12 18 -15 -16 -17 17 -19 19 20 -22 22 23 29 25 -27 -28 -29 -30 -31
leaf_value=-0.050166440455613873 0.033556614218026935 -0.00030706209726609501 0.05646776525911934 -0.039168507496948259 0.036838703583974244 -0.028963793781388504 0.0077263180856395625 -0.0068836579164989961 -0.029378272502209198 0.035440321414143404 0.015010155912114999 0.040821869160393966 -0.039079980608445503 -0.021442597536281811 0.048854198667488809 0.034783877982230385 -0.023881155743412576 -0.090009377013065994 0.0318662045842961 0.00018257438224556291 -0.072918311735699348 0.0023620522010307115 -0.011217294038170827 0.0031618730191007739 0.027603179493415682 0.0032570255653810404 0.0065077630581007852 -0.0095426752383785934 -0.031362686691111516 0.055434425467974252
leaf_weight=7.9949333872646084 17.018746711313725 2788.7449577823281 8.9875658098608238 8.0339593775570375 13.010703984647987 11.834349513053892 64.5918546654284 22.785402681678537 17.006290130317211 21.483780164271593 4.9603793136775556 11.810004740953444 7.9536678902804843 94.912019331008196 6.0096174366772166 3.5399839505553237 11.305305972695352 6.2721865847706786 21.265910863876343 36.309738799929619 4.1924224346876136 42.544086586683989 130.21333356574178 45.678892947733402 110.31160249188542 447.43455685302615 142.7617159858346 13.86038978025317 22.189518816769123 6.6651844829320899
leaf_count=311 75 13439 214 36 275 117 767 115 74 111 35 61 40 508 28 22 57 38 117 179 28 198 617 222 513 2236 764 69 106 29
internal_value=0.000526 0.000626223 0.0114192 0.00779302 0.00321358 0.00711603 0.00194921 0.000293206 -0.00639622 0.00112844 0.00520561 -0.000811491 0.006688 -0.0153171 0.0047048 -0.0243854 -0.0340125 -0.0481363 0.000784349 0.00605323 -0.00742199 0.000775939 0.00392147 -0.0051024 0.00604272 0.00742767 0.0143959 0.0234123 -0.00915161 0.0100063
internal_weight=4151.68 4143.69 123.477 114.49 97.4709 89.4369 76.4262 4020.21 269.807 146.1 129.093 107.61 81.5317 123.707 28.795 26.0779 22.5379 17.5775 69.7217 61.7681 40.5022 3750.4 961.659 182.557 779.102 714.368 266.934 124.172 64.7336 52.3441
internal_count=21401 21090 1484 1270 1195 1159 884 19606 1413 762 688 577 425 651 143 152 130 95 364 324 207 18193 4754 868 3886 3582 1346 582 304 251
is_linear=0
shrinkage=0.05


Tree=84
num_leaves=31
num_cat=0
split_feature=11 12 20 23 34 10 10 10 10 20 37 13 20 19 9 16 13 4 13 46 11 13 32 24 31 11 34 28 20 37
split_gain=7.90864 5.45245 5.32067 13.4022 10.154 5.1507 6.29368 8.94187 8.21522 7.10941 9.23642 8.41067 6.96267 6.73531 12.1605 6.51517 7.54313 6.17479 5.59078 5.29865 7.81677 7.79731 7.56011 9.73096 8.10946 9.19651 6.06724 8.33112 6.07823 6.06006
threshold=1550.0000000000002 3275.0000000000005 -44.499999999999993 38.100000000000009 0.65833333333333344 20.500000000000004 15.500000000000002 12.500000000000002 5.5000000000000009 120.50000000000001 0.16666666666667365 3075.0000000000005 416.50000000000006 549.00000000000011 1.0000000180025095e-35 3.5000000000000004 3975.0000000000005 13.500000000000002 11925.000000000002 1.0000000180025095e-35 20125.000000000004 -3424.9999999999995 0.37777777777778992 -3.4999999999999996 0.48529411764705888 10775.000000000002 0.73863636363636376 -0.44999999999999996 -202.49999999999997 0.85714285714285776
decision_type=2 2 2 2 2 2 2 2 2 2 2 2 2 2 2 2 2 2 2 2 2 2 2 2 2 2 2 2 2 2
left_child=-1 2 3 -2 -5 6 7 8 13 15 11 -11 -13 19 -15 16 -10 -18 -8 -3 22 -22 -21 -24 25 -25 -23 28 -28 -29
right_child=1 5 -4 4 -6 -7 18 -9 9 10 -12 12 -14 14 -16 -17 17 -19 -20 20 21 26 23 24 -26 -27 27 29 -30 -31
leaf_value=-0.050038051906481876 0.044810637270518427 0.00015628545117292247 0.032742068490779236 0 -0.1739497856203911 0.046412668407745786 -0.063559553598441065 0.035721755661017963 -0.054143110744929702 -0.095018028801087284 -0.0013761961451836772 0.0046309550826853429 -0.063174393180373614 -0.030673684835278721 0.04763768668491241 -0.059966975670015091 -0.018354967319993514 0.051926125058070476 0.0097993652226472643 -0.03071977159474781 0.046249868869279329 0.0032035552033875545 -0.056118692038797727 0.079206384387608325 -0.0055383157823823059 -0.0056359680212257684 0.030442512305377256 0.039747578569617636 -0.037364297752201174 -0.0032505557395073868
leaf_weight=7.6242902521044007 3.8863911014050272 3551.2808174341917 23.938114766031504 1.5168011356145144 1.6428105123341084 5.9845556337386361 7.0733480155467969 17.813177231699228 7.0213940888643327 4.6995649784803417 166.75867969915271 10.633864954113962 5.6697541251778594 6.614870801568034 18.381039295345545 12.013869635760782 7.5496573150157911 5.1319922804832458 3.8653813078999519 23.570939812809229 15.11568036675453 141.70802748575807 5.2913823574781409 8.0364141874015349 17.331247039139271 5.0652099549770346 5.0871834307909003 40.635297670960426 8.8320821672677976 9.9766282662749273
leaf_count=311 86 17172 767 35 36 44 40 115 31 22 935 48 30 40 206 52 32 23 29 128 64 647 41 50 100 23 22 189 37 46
internal_value=0.000500428 0.000595866 0.0214615 -0.0160854 -0.0915997 0.000436875 0.000367504 0.000470353 0.000314212 -0.00909107 -0.00535217 -0.0365271 -0.0188856 0.000850939 0.0266746 -0.0309816 -0.0128418 0.00987884 -0.0373301 0.000680493 0.00729346 0.0116211 -0.00877037 0.00561764 0.0166642 0.0462326 0.00903771 0.0217472 -0.0121854 0.0311835
internal_weight=4149.75 4142.13 30.9841 7.046 3.15961 4111.14 4105.16 4094.22 4076.41 219.479 187.762 21.0032 16.3036 3856.93 24.9959 31.7169 19.703 12.6816 10.9387 3831.93 280.65 221.355 59.2952 35.7243 30.4329 13.1016 206.239 64.5312 13.9193 50.6119
internal_count=21401 21090 924 157 71 20166 20122 20053 19938 1173 1035 100 78 18765 246 138 86 55 69 18519 1347 1005 342 214 173 73 941 294 59 235
is_linear=0
shrinkage=0.05


Tree=85
num_leaves=31
num_cat=0
split_feature=11 41 29 28 23 13 12 35 35 4 11 36 30 23 36 14 27 8 33 21 4 21 18 31 13 6 22 34 21 32
split_gain=7.94467 7.84027 7.93581 7.34901 7.54226 7.44191 7.60963 9.52715 7.2917 13.8865 8.39585 7.96018 7.18296 7.87116 7.12841 9.4341 7.96249 7.10239 7.08812 10.9426 11.8831 10.4223 10.3813 8.65599 8.56588 8.14666 10.7453 11.0409 8.51287 7.67131
threshold=13525.000000000002 1.0000000180025095e-35 0.5634920634920636 1.2250000000000003 110.22500000000001 3475.0000000000005 26025.000000000004 0.41428571428571431 0.39444444444444454 2.5000000000000004 29725.000000000004 0.39444444444444454 0.85164835164835173 202.90000000000003 0.70714285714285718 2.5000000000000004 2.5833333333333335 0.51838334685050025 0.54833333333333378 231.50000000000003 8.5000000000000018 199.50000000000003 5.9000000000000012 0.39444444444444454 -3424.9999999999995 -2.4999999999999996 -52.833333333333321 0.73863636363636376 105.50000000000001 0.46666666666667789
decision_type=2 2 2 2 2 2 2 2 2 2 2 2 2 2 2 2 2 2 2 2 2 2 2 2 2 2 2 2 2 2
left_child=-1 18 3 4 8 6 -5 -8 9 -3 -10 -11 13 14 16 -16 -7 -12 -2 20 25 24 23 -21 -22 28 27 -27 -20 -28
right_child=1 2 -4 5 -6 12 7 -9 10 11 17 -13 -14 -15 15 -17 -18 -19 19 22 21 -23 -24 -25 -26 26 29 -29 -30 -31
leaf_value=-0.0053809322208519285 0.00035110451232870467 -0.052522712435102259 -0.013152878372445135 -0.055643389394899712 0.040142925320213602 -0.057405962533326686 -0.042823799413013411 0.017406078606797933 0.012223209882657633 -0.027046630680150108 -0.036279509629808179 0.018582958272668395 0.055055890027099125 0.0092234622232919856 0.052627645545128478 -0.031462348470321366 -0.0039680357842856095 0.016046054023100838 0.016732557367259305 0.030833533246351824 0.05292899409013499 0.072162619298998643 0.050923886279547137 -0.011712747138400596 0.013642551067650936 -0.0081518736425631715 0.035557680739526358 -0.06042007215878175 -0.027594214018216396 0.0012775813650071259
leaf_weight=647.93702308647335 2250.1998821329325 15.974913612008093 187.24959117919207 15.268488340079783 13.939371790736912 16.572729948908094 12.293745864182712 13.741075009107588 147.33189584873617 14.770526636391876 18.025587892159823 26.574098661541939 5.0849196780472985 43.852190369740129 6.3921036999672634 6.7088529672473669 12.371040053665636 9.8699122723191959 145.93723914958537 12.925729980692266 15.743202943354843 9.5875210184603912 7.730045720934867 139.43528686836362 121.29341309145093 49.507526824250817 18.843531331047416 12.717783803120254 11.529999254271386 120.60591961070895
leaf_count=4266 10979 70 905 74 67 79 59 65 676 69 84 114 29 239 31 38 60 50 625 61 88 53 81 716 677 205 87 53 51 635
internal_value=-0.000296792 0.000647944 -0.00473437 -0.000557019 0.00453087 -0.0100713 -0.0276544 -0.0108984 0.00235838 -0.0130759 0.00744026 0.00213504 -0.00201254 -0.00550911 -0.0209791 0.00927521 -0.0348302 -0.017596 0.00169452 0.00622621 0.00983534 0.0218352 -0.00514371 -0.00805263 0.0182277 0.0049176 -0.00171501 -0.0189946 0.0134397 0.00596777
internal_weight=4130.02 3482.08 566.021 378.771 246.486 132.285 41.3033 26.0348 232.547 57.3195 175.227 41.3446 90.9818 85.8969 42.0447 13.101 28.9438 27.8955 2916.06 665.857 505.766 146.624 160.091 152.361 137.037 359.142 201.675 62.2253 157.467 139.449
internal_count=21286 17020 2709 1804 1130 674 198 124 1063 253 810 183 476 447 208 69 139 134 14311 3332 2474 818 858 777 765 1656 980 258 676 722
is_linear=0
shrinkage=0.05


Tree=86
num_leaves=31
num_cat=0
split_feature=24 26 9 10 12 0 22 6 19 27 19 37 34 19 12 44 33 37 22 41 22 12 23 8 8 20 22 25 33 12
split_gain=6.71891 7.26718 10.2712 6.84547 6.55465 6.29493 6.90522 7.11348 11.2317 6.58381 6.45272 6.27855 5.99481 7.35141 18.5171 12.1762 9.36677 8.76081 8.6027 8.1912 8.73171 10.4124 8.35136 7.70639 9.38575 8.49009 12.4011 7.53689 9.94164 11.5612
threshold=5.5000000000000009 4.5000000000000009 1.0000000180025095e-35 -3.4999999999999996 12025.000000000002 0.11666666666666668 -144.16666666666666 -1.4999999999999998 -1.0000000180025095e-35 -0.83333333333333315 -125.49999999999999 0.50000000000001343 0.64642857142857157 -97.499999999999986 26425.000000000004 1.0000000180025095e-35 0.30666666666666659 0.53333333333334232 305.16666666666669 1.0000000180025095e-35 75.166666666666671 20075.000000000004 263.10000000000008 0.66580756013745712 0.88748219655008709 -237.49999999999997 9.1666666666666696 -2.4999999999999996 0.29999999999999988 20825.000000000004
decision_type=2 2 2 2 2 2 2 2 2 2 2 2 2 2 2 2 2 2 2 2 2 2 2 2 2 2 2 2 2 2
left_child=5 2 -2 -3 -5 6 -1 8 10 -9 -8 -10 -7 14 16 -16 -14 18 19 22 21 -21 23 25 -25 -15 -27 28 -19 -30
right_child=1 3 -4 4 -6 12 7 9 11 -11 -12 -13 13 17 15 -17 -18 27 -20 20 -22 -23 -24 24 -26 26 -28 -29 29 -31
leaf_value=-0.027563673071177498 -0.0621591028359645 0.071614678631797976 0.054867974098636065 0.030138929811580895 -0.0051006969112122602 0.0013242726453879773 0.050377087909650391 0.035542341287570785 0.101795382435864 -0.012961111564331041 -0.023666355372316098 0.020191334679365892 0.0032197810026117902 0.023544098750432084 -0.00056277410805075925 0.043230924649883318 -0.02260300913482122 -0.043725230798372733 0.023497284798063733 0.063113676073629166 -0.057883527805624002 -0.031353258767074857 -0.055153141038796566 0.021394128109668162 -0.038527430315676903 -0.043802680476539513 -0.0062017188889464427 0.0039267580379383242 -0.038010632142865576 0.0087355556023844105
leaf_weight=41.651300253346562 1.9993366226553941 3.7009339481592169 16.005067760124803 16.871607728302479 58.77437049895525 2449.4498444031924 3.7205770164728191 7.3460570722818366 4.7867577560245973 106.26078170537949 12.500649543479087 5.0315080881118774 42.801418798044324 14.886830698698757 153.70272544957697 17.573704965412617 186.97431747801602 18.80667525716126 18.63654987514019 3.8899236414581528 18.147096816450357 10.664973117411135 8.7122643217444402 40.662041958421469 7.6416221112012854 30.149926645681262 81.424505542963743 674.96952721476555 17.47784186899662 53.128112774342299
leaf_count=299 13 20 204 262 461 12254 32 40 25 568 80 27 227 66 735 85 1031 89 89 19 85 49 39 191 34 136 393 3403 91 239
internal_value=-0.00028157 0.0126891 0.0413247 0.00608467 0.00272233 -0.000596367 -0.00969915 -0.00431914 0.0191404 -0.0097523 -0.00617245 0.0611056 -0.000166141 -0.00277679 -0.00849507 0.00392408 -0.0177718 -0.000476002 -0.00892505 -0.0117528 -0.034812 -0.00550657 -0.00759892 -0.0051695 0.0117512 -0.0116763 -0.0164372 0.00211381 -0.0115053 -0.0028027
internal_weight=4128.35 97.3513 18.0044 79.3469 75.646 4031 181.298 139.646 26.0395 113.607 16.2212 9.81827 3849.7 1400.25 401.052 171.276 229.776 999.198 234.816 216.179 32.702 14.5549 183.477 174.765 48.3037 126.461 111.574 764.382 89.4126 70.606
internal_count=21286 960 217 743 723 20326 1071 772 164 608 112 52 19255 7001 2078 820 1258 4923 1101 1012 153 68 859 820 225 595 529 3822 419 330
is_linear=0
shrinkage=0.05


Tree=87
num_leaves=31
num_cat=0
split_feature=11 41 37 33 10 17 34 36 20 38 0 33 16 18 11 4 32 30 0 11 8 19 20 34 32 21 21 29 36 11
split_gain=6.91199 6.89474 7.73448 6.65321 9.65836 9.97513 9.00065 7.95931 8.54624 7.39555 6.92775 6.52063 10.0652 9.02409 6.80007 8.62315 7.38397 7.50708 6.34194 11.5818 6.15896 8.84231 8.60236 8.1009 6.11052 6.00469 11.612 7.36391 5.85649 8.48916
threshold=13525.000000000002 1.0000000180025095e-35 0.41111111111112192 0.49047619047619034 1.0000000180025095e-35 -0.41666666666666657 0.78888888888888908 0.78888888888888908 -90.499999999999986 0.61055555555555652 0.18333333333333338 0.54833333333333378 2.5000000000000004 5.9000000000000012 31675.000000000004 8.5000000000000018 0.46666666666667567 0.32291666666666669 0.8500000000000002 30075.000000000004 0.41486424298205254 -165.49999999999997 157.50000000000003 0.65833333333333344 0.54444444444445739 -177.49999999999997 -232.49999999999997 0.32291666666666669 0.26136363636363641 28075.000000000004
decision_type=2 2 2 2 2 2 2 2 2 2 2 2 2 2 2 2 2 2 2 2 2 2 2 2 2 2 2 2 2 2
left_child=-1 11 -3 6 7 9 18 -5 -9 -6 -8 -2 14 -14 15 16 17 -13 -4 -20 22 -22 23 25 -25 26 -18 -27 29 -17
right_child=1 2 3 4 5 -7 10 8 -10 -11 -12 12 13 -15 -16 28 20 -19 19 -21 21 -23 -24 24 -26 27 -28 -29 -30 -31
leaf_value=-0.0050193171552084179 0.00030626530629111401 -0.013667093410865739 0.013732955304445108 -0.032725547997844662 0.010013862245634693 -0.005456453385884602 -0.055001350609802324 0.032806003191591493 -0.025030889516285616 0.079117703266454675 -0.0045704651993133177 0.00027383994314751322 -0.0058310608526471446 0.049944880179291745 -0.036754310131091886 0.08238301295636119 0.0098381911570131521 0.042790456640585756 0.028758780393450659 -0.069351818710676638 -0.040404881910156065 0 0.04600976351065568 -0.051378139059426224 -0.0031049929706401507 0.043499646975875543 0.064630303230502853 -0.0033661760392276856 0.017299723822711294 0.011268182035127021
leaf_weight=645.62059215083718 2249.1728387512267 161.89055139757693 154.86853493191302 51.428504850715399 9.9448337592184561 66.167702976614237 7.4901604559272519 11.662627741694452 13.857548698782919 6.4926736801862708 70.236828736960888 17.795188367366791 186.07018795236945 7.4335546512156716 7.5450713671743861 8.9306651093065756 30.810921363532543 25.65598083101213 5.4379581548273546 6.39425989985466 15.535408467054365 101.50074791349471 14.655509227886794 7.9165751803666344 37.613380998373032 9.7330902423709613 14.217631801962851 55.973207827657461 115.43249783478677 8.2514021527022106
leaf_count=4266 10979 764 753 240 45 347 36 49 59 31 332 76 930 81 43 51 130 114 26 27 64 541 73 34 165 42 59 236 647 46
internal_value=-0.000267413 0.000612828 -0.00443487 -0.000720336 -0.00866991 0.00315093 0.00444985 -0.0214122 0.00123008 0.037925 -0.00955891 0.0015948 0.00594421 -0.00363788 0.00988668 0.0106636 0.00632701 0.0255334 0.0110135 -0.0239791 0.00340364 -0.00540332 0.009463 0.0059762 -0.0117023 0.0132941 0.0273543 0.00355564 0.0214502 0.0487834
internal_weight=4125.74 3480.12 565.872 403.982 159.554 82.6052 244.428 76.9487 25.5202 16.4375 77.727 2914.24 665.071 193.504 471.567 464.022 331.408 43.4512 166.701 11.8322 287.956 117.036 170.92 156.265 45.53 110.735 45.0286 65.7063 132.615 17.1821
internal_count=21286 17020 2709 1945 771 423 1174 348 108 76 368 14311 3332 1011 2321 2278 1534 190 806 53 1344 605 739 666 199 467 189 278 744 97
is_linear=0
shrinkage=0.05


Tree=88
num_leaves=31
num_cat=0
split_feature=13 12 20 38 4 28 23 11 12 26 34 20 20 35 0 28 31 12 13 36 29 22 17 21 8 32 24 24 0 4
split_gain=6.57949 7.76442 9.05366 10.459 8.78431 7.79569 8.33655 7.75401 7.22079 6.93924 6.03808 6.5192 7.19431 8.88292 7.02551 12.306 10.9147 7.43178 5.95411 12.5965 7.20758 5.17663 4.87269 7.14299 6.4204 9.66255 8.59242 9.79546 8.41943 13.2725
threshold=-10174.999999999998 27225.000000000004 -104.49999999999999 0.51666666666666861 31.500000000000004 1.1000000000000003 -21.099999999999998 4425.0000000000009 25925.000000000004 3.5000000000000004 0.48333333333333339 -388.49999999999994 -258.49999999999994 0.59411764705882364 0.38333333333333336 0.77500000000000013 0.5634920634920636 27675.000000000004 -16874.999999999996 0.9545454545454547 0.32291666666666669 -196.41666666666666 5.166666666666667 530.50000000000011 0.90645833333333348 0.28287037037037704 4.5000000000000009 3.5000000000000004 0.2166666666666667 4.5000000000000009
decision_type=2 2 2 2 2 2 2 2 2 2 2 2 2 2 2 2 2 2 2 2 2 2 2 2 2 2 2 2 2 2
left_child=1 2 -1 4 5 6 8 -8 -4 -7 18 -12 13 -13 16 -16 -14 -18 -3 20 -20 -15 23 24 -2 28 27 -27 29 -26
right_child=22 10 3 -5 -6 9 7 -9 -10 -11 11 12 14 21 15 -17 17 -19 19 -21 -22 -23 -24 -25 25 26 -28 -29 -30 -31
leaf_value=-0.023483446098238776 0.00076640564366386478 -0.026845226195319424 0.022146186660321435 -0.015746994336100814 -0.038639272777288 -0.037809339968892519 -0.021483453618147092 0.063174137603144415 -0.050450910217614955 0.034551239210271575 -0.032570310575464605 0.093332288151172227 -0.024767633878680556 0.051075657374691733 0.011720891820355921 0.095087412980830122 0.075678627682616989 -0.011884653001900896 0.022600106940938749 0.088224498796432155 -0.030183039291568299 -0.042035682329654225 0.011921872026644468 -0.030356577676544139 -0.056872434233392069 -0.0077458544759745306 -0.026209254363778009 0.021214720674008345 -0.077240608567617192 0.042557318306815854
leaf_weight=99.690905716270208 3435.4087099973112 26.952582649886608 14.895085440948604 80.552038922905922 7.5357114970684043 9.5313515160232765 3.0182219296693864 18.471337176859379 4.3226727358996859 4.9007569514214984 7.5938617363572112 6.0376832857727987 24.27205260284245 3.0047724656760693 27.218039138242602 5.2482919469475737 5.4711531866341812 4.0931759774684906 11.297582723200327 3.890336960554122 14.725174374878405 2.750435758382082 89.26576273702085 19.044145207852125 7.6899167150259036 94.04244657792151 36.00249857455492 42.194552605971694 8.8423850908875448 5.7593966536223888
leaf_count=973 16300 239 124 661 64 69 66 108 30 34 55 41 164 25 167 34 34 27 60 19 82 19 845 120 33 449 172 208 38 26
internal_value=-0.000253684 -0.00647308 -0.0119114 -0.00381117 0.0114501 0.0184437 0.0296563 0.0510079 0.00538137 -0.0128249 0.00276074 0.0111657 0.0155187 0.0514259 0.00898897 0.0256015 -0.00683206 0.0379522 -0.00981415 0.00540308 -0.00707744 0.00576551 0.000386453 0.000102571 0.000264581 -0.00856776 -0.00451531 0.00119596 -0.0394962 -0.0139248
internal_weight=4123.72 385.473 242.918 143.227 62.6751 55.1394 40.7073 21.4896 19.2178 14.4321 142.555 85.6895 78.0956 11.7929 66.3027 32.4663 33.8364 9.56433 56.8657 29.9131 26.0228 5.75521 3738.25 3648.98 3629.94 194.531 172.239 136.237 22.2917 13.4493
internal_count=21286 3095 2129 1156 495 431 328 174 154 103 966 566 511 85 426 201 225 61 400 161 142 44 18191 17346 17226 926 829 657 97 59
is_linear=0
shrinkage=0.05


Tree=89
num_leaves=31
num_cat=0
split_feature=13 11 20 6 6 13 23 20 20 37 8 10 5 37 27 35 23 23 21 7 21 27 17 29 21 35 8 20 6 31
split_gain=5.99069 6.66467 5.75498 8.22152 7.07689 6.03722 7.90037 8.33535 6.76776 12.1791 6.66826 5.64872 7.15563 6.86434 6.64101 5.40301 5.35453 5.14061 5.01782 7.82104 10.7302 8.16263 12.3618 7.37802 10.6373 6.16193 6.77873 5.37767 4.92385 4.85564
threshold=-10174.999999999998 6225.0000000000009 -177.49999999999997 7.5000000000000009 -11.499999999999998 -13474.999999999998 -100.89999999999999 -264.49999999999994 -377.49999999999994 0.46666666666666717 0.14400921658986179 2.5000000000000004 14.500000000000002 0.86666666666667458 -2.8333333333333326 0.59411764705882364 -177.89999999999998 55.45000000000001 206.50000000000003 9.5000000000000018 -97.499999999999986 -1.4166666666666663 -2.8333333333333326 0.37171052631578955 241.50000000000003 0.59411764705882364 0.44316847187785463 250.50000000000003 -1.0000000180025095e-35 0.48529411764705888
decision_type=2 2 2 2 2 2 2 2 2 2 2 2 2 2 2 2 2 2 2 2 2 2 2 2 2 2 2 2 2 2
left_child=1 18 5 4 -4 6 7 8 10 -10 -3 12 13 14 -6 -12 -16 29 19 20 21 22 -1 -20 -25 26 -26 -21 -29 -8
right_child=-2 2 3 -5 11 -7 17 -9 9 -11 15 -13 -14 -15 16 -17 -18 -19 23 27 -22 -23 -24 24 25 -27 -28 28 -30 -31
leaf_value=-0.0020164622416458809 0.00036703812196607844 0.052766696777974076 0.042157136793940529 -0.035063790444670714 0.065283796873487482 -0.03038642782735821 -0.061067235220900996 -0.021784642844513147 0.11232114954446791 0.014604315363772337 -0.053824433063504595 0.058636659822052323 -0.028415929093649536 -0.047317903125562097 -0.05073868160911163 0.021271617141154078 0.0057590482956535512 0.030071722495685068 -0.029725640525225357 -0.046256872846001856 -0.025385941176453958 -0.027397260535482883 0.1640039243237828 0.18726587353032925 0.14800184711428843 -0.026787235641735643 -0.0040901450198154903 0.10143096667102383 -0.037813565313146669 -0.010675566408250138
leaf_weight=1.9401910230517385 3737.6534374821931 3.9997330531477919 11.497751891613005 14.151156313717363 4.4923432171344748 33.120738215744495 10.278909042477613 14.615167275071142 4.8369116783142116 9.5258395746350271 5.7584169022738916 4.1825048327445975 19.016229245811701 6.1719278618693343 4.2014433592557898 3.8616321347653866 149.49067871272564 3.1397903114557257 6.9379240460693818 33.113960515707731 15.672341493889688 2.0972871389240053 2.3723811022937298 0.97995853796601284 1.3274505790323021 3.5153095349669456 1.3681645654141901 1.1402048002928498 1.1552553102374066 9.4764586240053159
leaf_count=24 18191 27 74 97 27 198 69 104 33 65 52 26 134 37 25 32 839 20 118 542 267 32 27 15 22 64 26 15 26 58
internal_value=-0.000242353 -0.00619412 -0.00301315 0.00158654 0.00423351 -0.0129999 -0.00409819 0.00854396 0.0245837 0.048407 -0.000344486 0.0018608 0.000507302 0.0038994 0.00595798 -0.0232566 0.00415008 -0.0277719 -0.01995 -0.026519 -0.00289553 0.0508715 0.0898266 0.00642701 0.041923 0.0155946 0.0716337 -0.0410608 0.0306119 -0.0373222
internal_weight=4121.09 383.438 311.818 213.204 199.053 98.6136 65.4929 42.5977 27.9825 14.3628 13.6198 187.555 183.373 164.356 158.184 9.62005 153.692 22.8952 71.6204 57.4916 22.0822 6.40986 4.31257 14.1288 7.19088 6.21092 2.69562 35.4094 2.29546 19.7554
internal_count=21286 3095 1917 1259 1162 658 460 313 209 98 111 1088 1062 928 891 84 864 147 1178 933 350 83 51 245 127 112 48 583 41 127
is_linear=0
shrinkage=0.05


Tree=90
num_leaves=31
num_cat=0
split_feature=12 24 19 19 11 18 4 13 17 12 21 12 35 7 30 37 0 33 37 20 25 20 36 8 8 8 18 11 8 22
split_gain=7.71652 7.04978 5.92969 5.19496 5.14033 5.05653 5.04886 4.35598 7.15065 6.53591 7.32701 7.75879 5.59316 5.46821 4.36203 4.2783 6.24465 7.91792 5.98774 7.65983 6.70799 5.54834 5.51164 5.08626 4.96947 4.7372 5.58271 7.69219 6.11571 8.49972
threshold=2025.0000000000002 -6.4999999999999991 512.50000000000011 -81.499999999999986 1550.0000000000002 4.5500000000000007 164.50000000000003 4175.0000000000009 6.166666666666667 24475.000000000004 605.50000000000011 12025.000000000002 0.15476190476190479 140.50000000000003 0.24038461538461542 0.83333333333333925 0.95000000000000007 0.22222222222222232 0.86666666666667147 -78.499999999999986 -2.4999999999999996 123.50000000000001 0.84523809523809534 0.74856321839080475 0.89512961508248245 0.57932875667429451 -1.5499999999999998 16425.000000000004 0.30860805860805868 -32.833333333333321
decision_type=2 2 2 2 2 2 2 2 2 2 2 2 2 2 2 2 2 2 2 2 2 2 2 2 2 2 2 2 2 2
left_child=3 -2 4 -1 -3 -4 15 8 -7 10 -9 -12 -10 -13 -14 -6 17 -17 19 20 -19 22 -21 -23 -25 26 27 -20 -28 -30
right_child=1 2 5 -5 6 7 -8 9 12 -11 11 13 14 -15 -16 16 -18 18 25 21 -22 23 -24 24 -26 -27 28 -29 29 -31
leaf_value=-0.059114810247976247 -0.027560261080966049 -0.042619910172275281 0.044113019742033188 0.041651954977026076 0.00067539012363678397 -0.078291838827298912 0.04691555677497547 0.036963322688482715 -0.064950839987318459 0.065216717389731879 0.03058103822894603 -0.018540867018450032 0.062497926550889926 -0.10842523934042898 0.0008236763688763693 0.024731332951844969 -0.060858150871082164 -0.036336747652806756 -0.030833725431733124 -0.089083688766649363 0.034469259199643908 -0.0015899251178883855 -0.029720340883557801 -0.070614233264160872 -0.0022484435882092518 0.0067020700769980781 0.015603858681750611 0.047988325187267082 -0.059897605569284473 -0.012830230406181451
leaf_weight=1.2632496841251875 22.423878841102123 6.8837377093732348 12.208649467676876 16.032795809209347 3741.6497456915677 2.9872050657868412 5.7037952318787566 12.438249558210375 2.5600410327315357 6.4986009225249282 5.353838972747325 6.0696345865726453 3.440154708921912 2.387253612279892 16.0167475938797 20.670366708189249 4.9896340966224662 4.8876233622431746 4.6389477327466002 6.5940065346658239 9.8820538856089097 19.72616341710091 10.739161569625139 6.7918181307613832 4.5905091594904661 76.199680803343654 13.689225893467663 8.6122439689934236 11.507434099912635 59.077846430242069
leaf_count=8 208 308 139 585 18202 23 39 135 16 51 70 46 29 18 136 103 26 26 35 31 49 96 54 30 22 368 71 40 58 316
internal_value=0.000473869 0.000331953 0.000486889 0.0337073 0.000234092 0.014909 0.000309966 0.00858331 -0.00696887 0.0205953 0.00915284 -0.0156201 0.00279222 -0.0454688 0.0122477 0.00024116 -0.0059249 -0.00481828 -0.00742663 -0.0206023 0.0106149 -0.0302256 -0.052972 -0.0172623 -0.0437374 -0.0025947 -0.00990919 0.0199957 -0.0146888 -0.0206482
internal_weight=4126.51 4109.22 4086.79 17.296 4016.83 69.9604 4009.95 57.7517 25.0041 32.7476 26.249 13.8107 22.0169 8.45689 19.4569 4004.25 262.597 257.607 236.937 63.2113 14.7697 48.4417 17.3332 31.1085 11.3823 173.725 97.5257 13.2512 84.2745 70.5853
internal_count=21338 20745 20537 593 19874 663 19566 524 204 320 269 134 181 64 165 19527 1325 1299 1196 308 75 233 85 148 52 888 520 75 445 374
is_linear=0
shrinkage=0.05


Tree=91
num_leaves=31
num_cat=0
split_feature=12 24 19 38 9 40 34 4 19 32 37 33 10 10 38 30 21 32 29 32 38 5 37 23 22 38 37 22 34 5
split_gain=7.36288 6.50344 5.90056 5.85802 6.28435 5.38265 5.55174 9.6877 10.4188 8.57175 7.73087 5.85522 5.51325 5.16347 5.10349 5.06542 6.60248 6.42052 6.08515 5.80678 6.53041 5.18 7.46974 5.02368 5.00957 9.41916 9.87333 5.81804 4.8458 4.83151
threshold=1475.0000000000002 -6.4999999999999991 512.50000000000011 0.20000000000000107 1.0000000180025095e-35 1.0000000180025095e-35 0.81666666666666676 4.5000000000000009 -81.499999999999986 0.30000000000000027 0.72222222222222765 0.066666666666666638 -4.4999999999999991 5.5000000000000009 0.92000000000000171 0.43650793650793657 247.50000000000003 0.85714285714286653 0.64583333333333337 0.31111111111112305 0.26666666666666855 6.5000000000000009 0.47777777777778602 106.7 11.833333333333334 0.46666666666666839 0.61111111111111949 -70.166666666666643 0.5634920634920636 11.500000000000002
decision_type=2 2 2 2 2 2 2 2 2 2 2 2 2 2 2 2 2 2 2 2 2 2 2 2 2 2 2 2 2 2
left_child=-1 -2 5 -4 -5 -3 11 8 -8 -9 -10 -7 28 -6 -15 16 24 18 21 -18 -21 -17 -23 -22 27 -26 -27 -14 -13 -24
right_child=1 2 3 4 13 6 7 9 10 -11 -12 12 15 14 -16 17 19 -19 -20 20 23 22 29 -25 25 26 -28 -29 -30 -31
leaf_value=0.050111376895401405 -0.026670948403893703 0.000780913950266396 -0.034590948174273523 -0.019781284347201139 0.045566261962330268 -0.049056861195475955 -0.053185199720535141 0.002251674540956003 0.052658150275213769 -0.060544624297367233 -0.012568464917805234 -0.0080667747700498334 0.0024507625893296727 0.019812062288365625 -0.044077648072394345 -0.005800140015021011 -0.061438058405424545 -0.041577534428929287 0.037874506209139853 0.062787047590005016 0.023099607956215927 0.040565898562982816 0.015617743260539017 -0.05124090465981266 -0.0093124982587034517 0.067215503329273479 -0.011436900544565694 -0.029733457770511396 -0.052795045409882314 -0.039910196610602279
leaf_weight=7.3516717981547108 22.02661033347249 3718.0808279747143 5.3587506879121056 8.7588643208146078 20.207689955830574 6.6592110078781834 6.3135245144367245 7.4435108862817314 9.2402376569807547 18.565368041396141 8.5970254801213724 19.318140301853422 36.448065038770437 32.38445452414453 3.3230988197028628 42.828399393707514 9.0987588316202181 5.8000240530818692 18.390171745792031 2.4386966004967681 3.2220657803118211 19.675463398918509 10.418771632015707 6.7488610986620188 20.443423964083195 11.540573835372927 5.8813293948769561 22.478963255882263 8.9926934633403999 6.1042054593563071
leaf_count=282 208 18658 39 57 261 34 37 32 43 92 37 91 174 322 32 208 46 29 93 11 21 92 47 37 92 53 29 102 50 29
internal_value=0.000450202 0.000359089 0.000506358 0.0148858 0.0191096 0.00025454 -0.00610958 -0.0213228 0.00129591 -0.0424416 0.0210473 -0.0031078 -0.00184388 0.0253154 0.0136201 0.000793498 -0.00624178 0.00890352 0.0119999 -0.031236 -0.00837804 0.00587521 0.0198046 -0.0267307 -0.000609661 0.0135047 0.0404647 -0.00977146 -0.0225861 -0.00471225
internal_weight=4124.14 4116.79 4094.76 70.0329 64.6741 4024.73 306.647 50.1597 24.1508 26.0089 17.8373 256.488 249.829 55.9152 35.7076 221.518 118.301 103.217 97.417 21.5084 12.4096 79.0268 36.1984 9.97093 96.7924 37.8653 17.4219 58.927 28.3108 16.523
internal_count=21338 21056 20848 711 672 20137 1479 241 117 124 80 1238 1204 615 354 1063 565 498 469 115 69 376 168 58 450 174 82 276 141 76
is_linear=0
shrinkage=0.05


Tree=92
num_leaves=31
num_cat=0
split_feature=24 4 40 10 33 34 28 11 34 0 27 37 24 31 33 32 8 8 33 11 24 13 23 8 32 32 37 34 36 13
split_gain=6.01704 5.16058 5.03204 4.87095 6.5821 6.24319 5.77339 8.96041 6.77622 7.37519 7.1132 6.38201 6.17948 5.98204 5.70563 8.08367 5.39236 9.48477 8.44104 8.59975 5.32273 8.50507 7.66968 6.19991 6.87933 6.38456 7.94272 5.71312 9.09727 5.6297
threshold=-6.4999999999999991 164.50000000000003 1.0000000180025095e-35 -4.4999999999999991 0.090000000000000011 0.5634920634920636 0.70833333333333337 4175.0000000000009 0.9545454545454547 0.48333333333333339 1.1666666666666667 0.33333333333334036 2.5000000000000004 0.64583333333333337 0.25055555555555564 0.26666666666667105 0.64232996771052242 0.72679425837320588 0.43999999999999995 30125.000000000004 -3.4999999999999996 -2574.9999999999995 -113.77499999999999 0.30860805860805868 0.33333333333334325 0.41666666666666718 0.52222222222223169 0.32051282051282054 0.48333333333333339 7925.0000000000009
decision_type=2 2 2 2 2 2 2 2 2 2 2 2 2 2 2 2 2 2 2 2 2 2 2 2 2 2 2 2 2 2
left_child=-1 2 -2 5 -5 -4 7 -6 14 10 -10 12 -9 -12 -8 -16 -17 -18 -19 -20 21 -13 27 24 -24 -26 -27 -22 -29 -25
right_child=1 -3 3 4 6 -7 8 11 9 -11 13 20 -14 -15 15 16 17 18 19 -21 22 -23 23 29 25 26 -28 28 -30 -31
leaf_value=-0.025799381052990268 0.00099860890937575613 0.046275088771110015 -0.0071548212290162578 -0.052284536639505455 -0.056370048084294022 -0.053314563899607252 0.045778350409389365 0.013633847553733447 -0.070056271509254739 -0.066390282956991994 0.03161525621930663 0.076009971699989493 0.069249108710477514 -0.042281449016611905 -0.055524427700912184 -0.013460201599665598 0.060464751177441725 0.04125368657122172 0.0031674794557870196 -0.079373873079978646 -0.067197227079471109 0.0031034930630398244 -0.0069979804415875634 -0.013473828910765774 0.09183019055197067 -0.014741096858170807 0.063656843192621715 0.026497445912812796 -0.040782169590254588 0.025947902927144807
leaf_weight=21.645431820303202 3786.3884284058586 6.0685572959482661 20.559428334236145 6.6470134668052188 5.8416853286325923 11.587278673425315 5.2555676568299523 19.199592322111133 3.8395899515599039 10.189638268202541 8.1877990420907718 5.7743470184505012 6.8560276795178643 3.9632857404649249 7.7839004863053551 41.773514378815889 8.0132722649723309 6.8125677779316929 8.4874049182981235 4.817267730832099 6.3425701856613186 13.058915510773657 10.906974978744985 42.615685902535915 4.8333318978548077 6.4212892204523069 6.1883528530597687 8.463737118989231 11.914634399116037 11.342918928712605
leaf_count=208 19582 42 97 33 71 64 25 86 22 45 42 31 34 20 37 212 37 31 41 20 27 56 49 194 20 29 28 39 53 63
internal_value=0.000427545 0.000567848 0.000497747 -0.00564811 -0.00347365 -0.0240619 -0.00222943 0.00380205 -0.0111009 -0.0332532 -0.0115454 0.00615335 0.0286679 0.00695606 -0.00401684 -0.00750427 -0.00201406 0.0147937 -0.00336016 -0.0267147 0.00150749 0.0260044 -0.00269812 0.00481193 0.0237318 0.0431623 0.0235385 -0.0259494 -0.0126019 -0.00506162
internal_weight=4121.78 4100.13 4094.07 307.678 275.531 32.1467 268.884 159.76 109.124 26.1803 15.9907 153.918 26.0556 12.1511 82.9435 77.6879 69.904 28.1305 20.1172 13.3047 127.863 18.8333 109.029 82.3086 28.3499 17.443 12.6096 26.7209 20.3784 53.9586
internal_count=21338 21130 21088 1506 1345 161 1312 780 532 129 84 709 120 62 403 378 341 129 92 61 589 87 502 383 126 77 57 119 92 257
is_linear=0
shrinkage=0.05


Tree=93
num_leaves=31
num_cat=0
split_feature=12 19 24 38 10 10 11 38 23 40 34 0 6 33 32 29 33 13 10 14 22 5 30 21 32 29 11 11 12 37
split_gain=6.98926 5.5104 5.38465 5.32538 5.79875 5.00869 4.79541 4.5578 4.37919 4.33404 4.57741 9.45291 10.1908 5.44547 7.5249 8.12462 4.96407 4.95657 4.60845 4.63765 7.22024 5.76767 4.50794 5.88269 5.79648 5.56723 6.1305 6.02638 6.26402 5.49585
threshold=1475.0000000000002 512.50000000000011 -6.4999999999999991 0.20000000000000107 1.0000000180025095e-35 5.5000000000000009 1550.0000000000002 0.92000000000000171 -329.89999999999992 1.0000000180025095e-35 0.84523809523809534 0.48333333333333339 -4.4999999999999991 0.23999999999999999 0.466666666666671 0.64583333333333337 0.066666666666666638 6375.0000000000009 -4.4999999999999991 -1.4999999999999998 -169.83333333333329 8.5000000000000018 0.43650793650793657 247.50000000000003 0.85714285714286653 0.64583333333333337 9625.0000000000018 25225.000000000004 26625.000000000004 0.30000000000001076
decision_type=2 2 2 2 2 2 2 2 2 2 2 2 2 2 2 2 2 2 2 2 2 2 2 2 2 2 2 2 2 2
left_child=-1 2 8 -3 -5 -6 -4 -7 -2 -8 16 13 -13 -12 17 -16 -11 -15 19 20 21 -18 23 -20 25 26 -24 28 -28 -29
right_child=1 3 6 4 5 7 9 -9 -10 10 11 12 -14 14 15 -17 18 -19 22 -21 -22 -23 24 -25 -26 -27 27 29 -30 -31
leaf_value=0.049970296545708136 -0.0082097743844998863 -0.032441648268050155 -0.042153866519814009 -0.01897160935435744 0.044919212852350655 0.01905118182711972 0.00075614858598395396 -0.040482036907438484 -0.056577992111269376 -0.045713154864115264 -0.055091428402897463 0.00078157484745987348 -0.074830256368815115 0.0099879648929130371 -0.060224001693532994 0.016102976101606839 0.034840855160320282 0.075330219501906784 -0.00050265932639622843 0.012122638176165702 -0.071282500816526373 -0.034736824473453234 -0.03456026328666547 -0.029573670428086681 -0.039794093623277738 0.036221541627914987 0.011932153409468849 0.036400749655913445 0.062348685279320006 -0.010586485161689521
leaf_weight=7.0016826931387177 14.102623060345651 5.4358176663517943 6.5664141215383998 8.704702287912367 19.474154664203525 31.896989110857248 3712.2243739198893 3.4344890359789124 7.177255908958613 6.4476343169808379 4.1104091107845333 6.856322310864928 11.967557936906813 8.6288411691784876 6.4393697865307313 7.2444559149444103 4.5295578539371535 4.4807877261191598 96.344557976350188 7.5668076463043681 7.6488918215036401 8.1137238144874555 8.348363943397997 21.241097746416926 5.7214065603911868 18.335041329264641 20.391230419278148 7.5183370150625697 8.9952713847160322 33.636502580717206
leaf_count=282 130 39 308 57 261 322 18390 32 78 32 19 31 53 39 29 36 20 23 443 34 37 48 54 108 28 88 92 36 41 148
internal_value=0.000405846 0.000319055 7.87114e-05 0.0143255 0.0184516 0.0245103 0.000212926 0.0130251 -0.0249456 0.000284478 -0.00544647 -0.0193234 -0.0471669 -0.00210496 0.00601245 -0.0196288 -0.00271246 0.0331012 -0.0015582 -0.0206889 -0.0331687 -0.0093399 0.00084413 -0.0058173 0.00849964 0.0114309 0.0055674 0.0104294 0.0276934 -0.00181404
internal_weight=4120.58 4113.58 4044.64 68.9462 63.5103 54.8056 4023.36 35.3315 21.2799 4016.79 304.566 49.7277 18.8239 30.9039 26.7935 13.6838 254.838 13.1096 248.391 27.859 20.2922 12.6433 220.532 117.586 102.946 97.2247 78.8897 70.5413 29.3865 41.1548
internal_count=21338 21056 20345 711 672 615 20137 354 208 19829 1439 230 84 146 127 65 1209 62 1177 139 105 68 1038 551 487 459 371 317 133 184
is_linear=0
shrinkage=0.05


Tree=94
num_leaves=31
num_cat=0
split_feature=12 19 38 9 21 11 4 37 0 37 20 10 0 30 5 38 12 34 20 13 13 20 8 8 25 21 30 13 11 23
split_gain=6.63949 5.05481 4.84722 5.34512 5.02525 4.69608 4.24251 3.8078 5.6049 6.05034 6.60561 6.18326 5.95987 5.57521 6.33875 7.35364 6.00494 5.5134 5.89616 5.40515 7.45827 5.51994 6.03048 5.39908 5.14623 4.81488 4.52591 8.54733 6.20214 5.65974
threshold=1475.0000000000002 512.50000000000011 0.20000000000000107 1.0000000180025095e-35 512.50000000000011 1550.0000000000002 164.50000000000003 0.83333333333333925 0.95000000000000007 0.86666666666667147 -78.499999999999986 5.5000000000000009 0.78333333333333355 0.29285714285714287 5.5000000000000009 0.93333333333333479 9225.0000000000018 0.78888888888888908 -181.49999999999997 -124.99999999999999 675.00000000000011 123.50000000000001 0.77621283255086082 0.47387914230019496 -2.4999999999999996 191.50000000000003 0.97058823529411775 775.00000000000011 11575.000000000002 -17.449999999999996
decision_type=2 2 2 2 2 2 2 2 2 2 2 2 2 2 2 2 2 2 2 2 2 2 2 2 2 2 2 2 2 2
left_child=-1 5 -3 -4 -5 -2 7 -7 9 10 23 12 13 -11 26 16 -16 -18 -19 -12 -21 25 -23 24 -9 -22 29 28 -28 -15
right_child=1 2 3 4 -6 6 -8 8 -10 11 19 -13 -14 14 15 -17 17 18 -20 20 21 22 -24 -25 -26 -27 27 -29 -30 -31
leaf_value=0.049835301643098531 -0.042025662564069401 -0.030434282586347908 -0.018150214006984178 0.054070685708918459 0.015794559170996075 0.00049054469880693342 0.043412199079885638 -0.0058887478799558319 -0.057581297998267861 0.0092057277928697667 -0.056339133001316537 0.029184023538415108 0.0508821257145348 -0.041065069814900296 0.023731587931038391 -0.074493981460739531 0.012969734647938503 0.016591755508788122 -0.039481952121730127 0.068659546709372979 -0.081761796896212047 0.0083113919589906018 -0.042395790606218682 -0.023216708442270806 0.064522834045400601 -0.015674278353298102 -0.031768033300679802 -0.05116450475371407 0.054193097838255849 0.017068843621209369
leaf_weight=6.6780602289363733 6.5123676452785721 5.5092703662812701 8.6496677659451944 10.928337221033869 42.848931962624192 3766.9361587483436 5.557851940393447 4.5402018018066892 5.0256533697247496 51.478972831740975 11.758264049887655 16.370882840827107 4.8969916775822631 4.5947372242808333 7.9235819894820443 5.9495984427630892 8.4391075670719129 5.3033755458891312 31.748694736510522 2.2477202117443076 6.1164496280252916 16.366967005655173 8.9249101057648641 7.3286775797605506 5.5639646798372278 5.4509841166436672 3.5229114964604396 9.78696779347956 4.7781404405832291 36.361533839255571
leaf_count=282 320 39 57 165 450 18621 39 23 26 249 59 90 23 25 61 33 42 32 162 12 31 86 42 42 26 26 30 48 20 177
internal_value=0.000385267 0.000302521 0.0138183 0.0178461 0.0237516 7.38636e-05 0.000144056 8.2089e-05 -0.00571457 -0.00466884 -0.0174312 -7.60966e-05 -0.0028604 -0.00446796 -0.0104576 -0.0219845 -0.015914 -0.022966 -0.0312983 -0.0265459 -0.0173397 -0.0228909 -0.00948157 0.00887823 0.0326465 -0.0514488 0.00106474 -0.0196059 0.0171727 0.0103411
internal_weight=4118.1 4111.42 67.9362 62.4269 53.7773 4043.49 4036.97 4031.42 264.479 259.454 68.2981 191.155 174.785 169.888 118.409 59.3644 53.4148 45.4912 37.0521 50.8653 39.107 36.8593 25.2919 17.4328 10.1042 11.5674 59.0443 18.088 8.30105 40.9563
internal_count=21338 21056 711 672 615 20345 20025 19986 1365 1339 347 992 902 879 630 330 297 236 194 256 197 185 128 91 49 57 300 98 50 202
is_linear=0
shrinkage=0.05


Tree=95
num_leaves=31
num_cat=0
split_feature=13 12 11 36 13 30 32 33 25 12 28 23 5 4 10 21 28 0 10 8 8 8 30 30 22 12 32 32 36 21
split_gain=6.72872 13.8924 9.34178 8.11359 10.9939 9.32467 9.44649 9.60005 8.88958 9.07754 7.90846 12.183 7.87221 7.3239 8.97332 7.89535 7.42497 7.02015 6.64245 6.58972 7.2637 6.57394 6.22398 6.70853 8.27301 6.5012 6.10685 7.95378 6.66548 5.87582
threshold=-1724.9999999999998 27175.000000000004 26175.000000000004 0.84523809523809534 -18224.999999999996 0.73863636363636376 0.44444444444445513 0.5169047619047622 -1.4999999999999998 27875.000000000004 -3.0999999999999996 -45.699999999999996 3.5000000000000004 15.500000000000002 2.5000000000000004 -278.49999999999994 -2.4499999999999997 0.28333333333333338 1.5000000000000002 0.16784037558685447 0.25290697674418611 0.62476765799256517 0.40833333333333338 0.36602870813397131 126.16666666666667 24875.000000000004 0.50476190476190996 0.55555555555555625 0.5634920634920636 -214.49999999999997
decision_type=2 2 2 2 2 2 2 2 2 2 2 2 2 2 2 2 2 2 2 2 2 2 2 2 2 2 2 2 2 2
left_child=1 13 3 5 -5 6 7 -3 9 -8 -7 -12 -13 14 15 21 29 -15 -18 -6 -21 -1 23 25 -25 -19 28 -28 -10 -17
right_child=-2 2 -4 4 19 10 8 -9 26 -11 11 12 -14 17 -16 16 18 22 -20 20 -22 -23 -24 24 -26 -27 27 -29 -30 -31
leaf_value=-0.033814265338671191 0.0010426395103073081 -0.0028721087842038559 -0.036597840793109265 -0.035135585255708729 -0.019096730195201701 0.047049954801401561 0.057735089572141823 0.051788370379101528 0.049007811952849381 0.0036666089997328005 -0.039837680001106705 -0.05344611174110412 0.022576431928368116 -0.059412664250108063 0.050286875987364414 0.0097575907995516315 -0.0026955405796705986 0.018550855253846667 -0.044951995378612691 0.088805038073901971 0.028604017686615087 0.037250755297667491 -0.027625266882474981 -0.023744932803349078 0.079691468046501859 -0.031270178538109684 -0.049222262350227905 0.0068438958180112169 -0.014565524575502651 -0.060930598735254173
leaf_weight=38.339501209557056 3137.8946013506502 193.26058857887983 14.168764468282459 7.2214074973016968 5.799604505300521 4.4380165524780741 22.2869818136096 8.2788254171609861 13.050980541855099 12.218844853341578 34.360130149871111 4.0979679320007589 17.586294943466783 10.784974044188855 6.7985287606716147 3.9450758993625632 390.8669244274497 10.44196531455964 9.4492083955556136 5.8337638080120078 38.824902966618538 3.4078288637101641 51.074209325946867 2.9940979890525332 4.8954587541520596 16.88739737123251 8.0751085467636567 27.521286657080054 5.7980201058089724 10.03876064904034
leaf_count=277 15499 1041 63 70 27 30 119 42 71 66 176 22 92 83 35 33 2360 90 54 25 179 19 386 26 28 135 42 142 34 86
internal_value=-8.68527e-05 -0.00369813 0.00313383 0.00453225 0.0219013 0.00165811 0.00539071 -0.000577402 0.0189544 0.0387993 -0.0161659 -0.0213358 0.00780051 -0.0088658 -0.0062289 -0.00709321 -0.00498652 -0.0213671 -0.00371644 0.0302165 0.0367606 -0.0278186 -0.016491 -0.000170169 0.0400055 -0.0120541 0.00623761 -0.00583701 0.0292149 -0.0407056
internal_weight=4120.64 982.745 422.821 408.653 57.6797 350.973 290.491 201.539 88.9512 34.5058 60.4824 56.0444 21.6843 559.924 462.846 456.047 414.3 97.0781 400.316 50.4583 44.6587 41.7473 86.2931 35.2189 7.88956 27.3294 54.4454 35.5964 18.849 13.9838
internal_count=21352 5853 2241 2178 301 1877 1557 1083 474 185 320 290 114 3612 2864 2829 2533 748 2414 231 204 296 665 279 54 225 289 184 105 119
is_linear=0
shrinkage=0.05


Tree=96
num_leaves=31
num_cat=0
split_feature=10 10 10 4 20 21 8 20 20 33 33 33 2 33 21 24 13 37 4 10 36 21 30 13 11 8 15 30 37 12
split_gain=6.42797 13.182 14.1186 22.396 11.7016 17.0654 8.76713 12.9441 8.55058 7.74181 8.89147 8.78095 7.70954 7.58117 7.41159 8.41203 6.72312 6.16741 5.99613 10.6166 8.10798 5.89499 6.96657 5.86835 5.43742 4.89623 5.32466 4.83345 6.07688 4.88866
threshold=-6.4999999999999991 -5.4999999999999991 -4.4999999999999991 11.500000000000002 19.500000000000004 23.500000000000004 0.267479674796748 -30.499999999999996 19.500000000000004 0.4666666666666669 0.55936507936507973 0.43000000000000016 1.0000000180025095e-35 0.69416666666666671 -63.499999999999993 -1.4999999999999998 -6974.9999999999991 0.66666666666667096 6.5000000000000009 -7.4999999999999991 0.55050505050505061 -263.49999999999994 0.59166666666666679 475.00000000000006 1550.0000000000002 0.4082236444873808 -1.4999999999999998 0.70714285714285718 0.33333333333333726 26775.000000000004
decision_type=2 2 2 2 2 2 2 2 2 2 2 2 2 2 2 2 2 2 2 2 2 2 2 2 2 2 2 2 2 2
left_child=4 6 3 8 12 -6 7 14 9 11 -11 25 27 -8 15 -2 -14 21 23 20 -20 -12 -23 -18 -4 26 -3 28 -1 -30
right_child=1 2 24 -5 5 -7 13 -9 -10 10 17 -13 16 -15 -16 -17 18 -19 19 -21 -22 22 -24 -25 -26 -27 -28 -29 29 -31
leaf_value=0.017158920820512059 0.0015025532975765576 0.017441251545385197 -0.049198981381193163 -0.062761272935134116 0.071437345581866693 -0.023873526921314985 0.040001067740531783 -0.061075734450175313 0.05549622451678593 -0.054802072899148901 -0.029546231875089136 0.049955581273956953 -0.029108731936201421 -0.01558167079076085 -0.036731451283772254 0.068139439851457026 0.058857416295233146 -0.052949204363926097 0.068056009022141983 -0.059494669934202916 -0.015254764931800556 0.064861452699136193 -0.01232020805442244 0.0021737151054311309 0.0004786116744326363 -0.04164581726978514 -0.025521532837583762 -0.050340177401404174 -0.041858110593613961 -0.012088398498313696
leaf_weight=9.7640510257333499 11.264241116121417 20.379937425255775 5.4146664543077341 21.924005126580596 9.9132753312587756 8.6685980185866338 45.157666618004441 6.8674698770046225 5.1160875409841529 16.336106012575328 6.6313899457454726 8.2250934988260251 14.283886781893669 6.9018104672431937 5.09189149737358 8.2814988344907778 9.3613256365060824 5.4118792898952952 4.876958414912222 6.5694385245442417 6.8372040092945099 6.1841406375169754 5.2470297664403915 9.208874359726904 3762.5810239445418 7.8374349549412718 11.003352433443071 15.272368453443049 24.8365618288517 32.579019449651241
leaf_count=63 61 93 282 153 43 47 222 29 22 76 31 36 120 36 22 35 38 24 25 35 36 26 24 37 19239 35 47 85 164 166
internal_value=-8.34331e-05 0.000302413 -0.000119472 -0.0174252 -0.0101657 0.0268166 0.019939 -0.000729725 -0.0065547 -0.0103095 -0.0265531 0.00324203 -0.0153634 0.0325206 0.0160678 0.0301941 -9.80168e-06 -0.00653313 0.0111814 -0.00891607 0.0192893 0.00731366 0.029201 0.0311782 0.000404594 -0.00652938 0.00218596 -0.0248138 -0.0188702 -0.0251034
internal_weight=4118.03 3965.86 3882.29 114.296 152.172 18.5819 83.5646 31.5051 92.3725 87.2564 39.8105 47.4458 133.59 52.0595 24.6376 19.5457 51.1377 23.4744 36.8538 18.2836 11.7142 18.0626 11.4312 18.5702 3768 39.2207 31.3833 82.452 67.1796 57.4156
internal_count=21352 20493 20088 567 859 90 405 147 414 392 181 211 769 258 118 96 291 105 171 96 61 81 50 75 19521 175 140 478 393 330
is_linear=0
shrinkage=0.05


Tree=97
num_leaves=31
num_cat=0
split_feature=21 21 44 38 21 38 30 22 11 19 32 39 37 21 37 27 12 33 4 17 30 30 13 35 20 32 11 27 35 28
split_gain=6.2509 7.74705 7.55384 7.37768 9.20669 11.401 10.9468 11.8136 10.093 9.17274 9.96229 8.50308 8.43699 13.2396 8.27767 8.58148 8.81894 7.65454 7.42933 7.14634 6.82874 10.6812 9.47961 10.4873 7.85117 7.18732 6.98577 6.90518 6.40677 6.33856
threshold=183.50000000000003 146.50000000000003 1.0000000180025095e-35 0.48000000000000115 245.50000000000003 0.53007936507936615 0.59166666666666679 188.16666666666671 14425.000000000002 132.50000000000003 0.3000000000000092 1.0000000180025095e-35 0.5555555555555608 308.50000000000006 0.36111111111111388 -0.83333333333333315 27675.000000000004 0.41999999999999993 49.500000000000007 1.5833333333333337 0.10555555555555557 0.48529411764705888 -14674.999999999998 0.44097222222222227 254.50000000000003 0.36666666666667019 25825.000000000004 1.0000000180025095e-35 0.69375000000000009 0.36666666666666675
decision_type=2 2 2 2 2 2 2 2 2 2 2 2 2 2 2 2 2 2 2 2 2 2 2 2 2 2 2 2 2 2
left_child=1 2 -1 12 6 18 7 9 -9 11 -11 19 17 -14 -7 -16 28 20 -6 -5 26 24 -23 -24 25 -22 27 -2 29 -17
right_child=3 -3 -4 4 5 14 -8 8 -10 10 -12 -13 13 -15 15 16 -18 -19 -20 -21 21 22 23 -25 -26 -27 -28 -29 -30 -31
leaf_value=-0.0018407129669073801 -0.043802334422787428 -0.011243210278504223 0.0058817915518057009 -0.016937299196222784 -0.021478350481219773 0.03567937650445329 0.027681636360267339 -0.040469021480096769 0.023933571403549417 0.0072359190804119171 -0.068901998969921149 0.041193766906110624 0.0055027997699177286 0.063293198192433384 -0.046293724332988687 0.022784264026638804 0.028951353746669985 -0.00061238083769412418 0.054606356791062384 0.032891087149863149 -0.022443249801698713 0.14141687124750754 0.04184389599806377 -0.0026195013185065078 0.010391625951180828 0.013759661217972841 0.03567461878910292 0.022530427924370947 0.003645989099061503 -0.011236101894025116
leaf_weight=2202.6292275618762 6.139759678393605 188.05516397207975 369.55778548400849 48.184456890448928 98.099211994558573 15.203310325741766 54.801937552168965 6.6294417120516291 59.710732867009938 6.4838203415274647 11.923912255093454 9.5881771091371757 25.142644884064794 16.516826957464218 10.443125092424451 14.591674014925955 23.710653431713581 272.83665152452886 3.1884137056767932 8.3079529441893083 49.989990016445518 1.6333968732506026 29.193954473361373 23.845040729269385 81.601709793321788 18.617074098438025 46.255068572238088 10.436299521476029 215.59108810406178 187.10093323327601
leaf_count=11228 37 956 1905 239 528 77 280 38 314 28 56 47 122 84 73 79 121 1408 25 39 239 19 140 108 481 93 210 49 1271 1058
internal_value=-8.08127e-05 -0.00144758 -0.000729056 0.00269803 -0.000495882 -0.00378426 0.00855938 0.00156465 0.0173713 -0.0107935 -0.0419193 -0.0019971 0.00694962 0.0286315 -0.00047131 -0.00170748 -0.000630051 0.00526438 -0.0189825 -0.00947586 0.0112703 0.0068082 0.0257097 0.0217928 -5.07485e-05 -0.0125408 0.025707 -0.00185468 -0.00232942 -0.00874001
internal_weight=4116.01 2760.24 2572.19 1355.77 773.559 567.928 205.63 150.828 66.3402 84.4883 18.4077 66.0806 582.208 41.6595 466.641 451.437 440.994 540.549 101.288 56.4924 267.712 204.881 54.6724 53.039 150.209 68.6071 62.8311 16.5761 417.284 201.693
internal_count=21352 14089 13133 7263 4273 3232 1041 761 352 409 84 325 2990 206 2679 2602 2529 2784 553 278 1376 1080 267 248 813 332 296 86 2408 1137
is_linear=0
shrinkage=0.05


Tree=98
num_leaves=31
num_cat=0
split_feature=13 12 24 38 13 7 12 23 15 38 12 22 5 6 22 22 27 30 19 13 19 41 20 34 33 29 38 33 31 30
split_gain=5.94203 9.70458 7.9193 9.29614 7.97362 7.18254 6.95815 10.5392 8.2742 6.1471 7.43309 8.55338 9.90518 5.87077 5.7671 6.56286 5.41184 6.14799 6.69625 6.36471 5.48372 5.3483 5.446 5.40443 7.06632 10.3657 14.0208 8.2239 8.11212 10.6515
threshold=1275.0000000000002 27175.000000000004 3.5000000000000004 0.40952380952381001 -574.99999999999989 51.500000000000007 27325.000000000004 -305.69999999999999 2.5000000000000004 0.56035714285714444 25675.000000000004 -106.83333333333333 8.5000000000000018 -53.499999999999993 91.833333333333357 63.166666666666679 -2.8333333333333326 0.81666666666666676 -78.499999999999986 -324.99999999999994 56.500000000000007 1.0000000180025095e-35 -39.499999999999993 0.15476190476190479 0.44444444444444459 0.73863636363636376 0.36000000000000093 0.64083333333333325 0.29285714285714287 0.39444444444444454
decision_type=2 2 2 2 2 2 2 2 2 2 2 2 2 2 2 2 2 2 2 2 2 2 2 2 2 2 2 2 2 2
left_child=1 5 6 4 -4 9 7 -3 -9 -1 16 12 -12 -2 15 -8 -11 20 19 -19 -18 22 -15 24 28 27 -27 -26 29 -24
right_child=13 2 3 -5 -6 -7 14 8 -10 10 11 -13 -14 21 -16 -17 17 18 -20 -21 -22 -23 23 -25 25 26 -28 -29 -30 -31
leaf_value=-0.00033174482808168734 0.062357354694806313 0.15209344547169784 0.026785173750600084 0.044400907351386118 -0.069325012184811519 -0.016726365709790181 0.00022363381737867992 0.005301903704445176 0.056133385544353855 -0.026791486901380435 0.020385774959044825 -0.032781858356119235 -0.033814128983828788 -0.0014243226483122221 -0.015716037415153813 0.032161660503787479 -0.0023162707638439482 -0.021707425404513592 0.02599949199104511 0.02988947145867616 -0.020523385270924021 -0.0041761334121915216 0.01094104064124311 0.0060587729244976386 -0.0090810966892626611 0.00011438192706084626 -0.073792671048240346 0.026064110087168746 0.016474893801029188 -0.022279745257824717
leaf_weight=559.9159847991541 3.8725121803581706 1.3355124425142992 4.5850444883108139 21.971792383119464 3.8488015234470385 120.15255349129438 543.84994456171989 45.902951756492257 9.6851652599871141 25.597956638783216 20.89550362713635 57.272283555008471 13.972215894609688 606.40670980513096 55.4072882886976 16.487341595813632 177.79514547623694 20.461748001165692 34.081052329391241 8.27956375479698 54.141210753470659 352.51231502182782 51.157023094594479 1026.862849614583 102.24708854965866 12.089734619483353 13.258840419352053 19.74044609349221 85.710944507271051 45.345348535105586
leaf_count=2841 26 10 33 153 23 909 2638 222 46 182 97 315 75 2867 280 79 945 153 182 36 264 1751 255 5539 531 63 78 106 424 229
internal_value=-7.5804e-05 -0.00223623 0.00234085 0.0272653 -0.0167874 -0.00518614 0.00120291 0.0179138 0.014333 -0.0037535 -0.00838481 -0.0209085 -0.00122485 0.00159477 -0.000336501 0.00117787 -0.00476178 -0.00282325 0.0110105 -0.00661835 -0.00659494 0.0014883 0.00250831 0.00427012 -0.00128825 -0.00943928 -0.0384851 -0.00333613 0.00527674 -0.00462417
internal_weight=4114.84 1795.64 703.074 30.4056 8.43385 1092.57 672.668 56.9236 55.5881 972.413 412.497 92.14 34.8677 2319.2 615.745 560.337 320.357 294.759 62.8224 28.7413 231.936 2315.33 1962.82 1356.41 329.549 147.336 25.3486 121.988 182.213 96.5024
internal_count=21352 9483 3484 209 56 5999 3275 278 268 5090 2249 487 172 11869 2997 2717 1762 1580 371 189 1209 11843 10092 7225 1686 778 141 637 908 484
is_linear=0
shrinkage=0.05


Tree=99
num_leaves=31
num_cat=0
split_feature=10 10 10 4 10 2 38 4 8 21 13 33 36 8 0 11 0 29 13 10 26 21 11 18 21 13 12 29 33 34
split_gain=5.66882 11.951 12.6565 21.2455 10.1891 11.1399 9.22924 8.03123 7.84863 7.80054 6.85262 8.51586 6.49777 6.44909 6.61672 6.09104 7.36952 5.86076 6.68395 12.7129 5.69271 5.97323 5.65103 5.4308 5.4302 5.41757 5.49696 5.1962 8.15546 7.44709
threshold=-6.4999999999999991 -5.4999999999999991 -4.4999999999999991 11.500000000000002 -7.4999999999999991 1.0000000180025095e-35 0.33000000000000168 6.5000000000000009 0.27320574162679429 -63.499999999999993 5375.0000000000009 0.69416666666666671 0.62019230769230782 0.4082236444873808 0.71666666666666667 19575.000000000004 0.28333333333333338 0.13392857142857145 -1274.9999999999998 -8.4999999999999982 -4.4999999999999991 -569.99999999999989 27575.000000000004 -1.6333333333333331 -35.499999999999993 -224.99999999999997 24875.000000000004 0.64583333333333337 0.40666666666666701 0.78888888888888908
decision_type=2 2 2 2 2 2 2 2 2 2 2 2 2 2 2 2 2 2 2 2 2 2 2 2 2 2 2 2 2 2
left_child=4 8 3 13 5 6 -1 15 9 12 11 -10 -2 14 27 -6 -17 -7 19 -19 21 -8 -15 -22 -25 -20 -27 28 -3 -29
right_child=1 2 -4 -5 7 17 20 -9 10 -11 -12 -13 -14 22 -16 16 -18 18 25 -21 23 -23 -24 24 -26 26 -28 29 -30 -31
leaf_value=0.035379180379451369 0.032809196691078645 0.006946210138943941 0.00038107496221981198 -0.061764092263575446 -0.050854431231037736 0.056825867536381781 -0.024836301511881008 -0.057501394179397848 0.033659108641652585 -0.042291488564885529 0.090824293657668753 -0.027289136097707986 -0.021921118148060147 -0.050835566222802421 0.056091994468430696 -0.046439197840483268 0.021935330940078532 -0.045823316358448718 0.083057287300102312 0.057739181913011778 -0.039526511658484677 0.042945974908629642 0.010702637949295874 0.028088462565366491 -0.032953040236254748 -0.015608000649628606 0.048466675707565118 0.028681684237536077 -0.035203992463765696 -0.041233662079672405
leaf_weight=8.2990369573235494 15.676919477060443 23.188532751053572 3764.4003174975514 21.077968492172658 7.4241444468498257 8.3548454931005818 6.3312296643853188 16.507507797330618 41.010850677266717 8.1979645490646345 4.3506076782941809 6.491180181503295 8.0703258812427503 12.717333195731046 4.8676473498344413 5.421895511448386 13.608323499560354 10.080825775861738 3.7730028480291393 4.0554952938109663 33.089448157697916 6.3983160927891713 5.0465053915977469 7.1245564669370651 7.2237428128719312 6.8244408667087537 6.2643611133098602 19.468142997473482 22.268252264708281 4.5888826828449956
leaf_count=48 75 105 19521 153 43 46 56 101 201 36 21 34 38 60 20 24 55 76 17 27 193 45 21 32 38 31 27 86 101 21
internal_value=-7.16328e-05 0.000289433 -0.000113239 -0.0165779 -0.00958483 -0.00132361 -0.0135457 -0.0301503 0.01896 -0.0003872 0.0309534 0.0251856 0.0139859 -0.00613177 0.000280177 -0.0127426 0.00205247 0.019794 0.00950152 -0.0155647 -0.0204245 0.00891291 -0.0331113 -0.0284043 -0.00231258 0.0307788 0.0148143 -0.00363114 -0.0136244 0.0150229
internal_weight=4112.2 3961.42 3877.62 113.223 150.781 107.819 68.4663 42.9619 83.7978 31.9452 51.8526 47.502 23.7472 92.1453 74.3815 26.4544 19.0302 39.353 30.9981 14.1363 60.1673 12.7295 17.7638 47.4377 14.3483 16.8618 13.0888 69.5138 45.4568 24.057
internal_count=21352 20493 20088 567 859 636 412 223 405 149 256 235 113 414 333 122 79 224 178 103 364 101 81 263 70 75 58 313 206 107
is_linear=0
shrinkage=0.05


Tree=100
num_leaves=31
num_cat=0
split_feature=42 21 38 23 21 22 38 33 11 19 21 13 17 32 17 35 12 38 30 12 12 23 11 32 20 20 12 33 38 11
split_gain=6.58626 8.50959 9.30635 8.59134 8.78041 9.03235 7.4895 7.29651 5.79735 5.73503 6.11147 6.06638 7.8161 8.86149 6.87133 5.93597 5.66218 5.60358 13.9798 6.96965 5.61371 10.6153 8.34324 9.73233 8.58246 9.33557 8.99768 8.56578 7.4094 8.48509
threshold=1.0000000180025095e-35 466.50000000000006 0.62958333333333527 200.10000000000002 -146.49999999999997 -117.16666666666664 0.37333333333333457 0.83444444444444466 30075.000000000004 -212.49999999999997 436.50000000000006 -2074.9999999999995 -1.4166666666666663 0.33333333333333459 -3.1666666666666665 0.41428571428571431 3275.0000000000005 0.2000000000000004 0.73863636363636376 27675.000000000004 27875.000000000004 -132.54999999999998 26125.000000000004 0.46666666666666723 266.50000000000006 45.500000000000007 28375.000000000004 0.37999999999999945 0.6996323529411782 15475.000000000002
decision_type=2 2 2 2 2 2 2 2 2 2 2 2 2 2 2 2 2 2 2 2 2 2 2 2 2 2 2 2 2 2
left_child=16 2 7 4 5 -4 -3 9 -8 11 -11 15 14 -14 -13 -2 -1 18 19 -18 -19 -22 23 28 25 -24 -27 -26 29 -23
right_child=1 6 3 -5 -6 -7 8 -9 -10 10 -12 12 13 -15 -16 -17 17 20 -20 -21 21 22 24 -25 27 26 -28 -29 -30 -31
leaf_value=0.025035602738568016 0.020118155873528148 -0.089466805752326434 -0.017670170134369757 0.013676996818758025 -0.023494971316077459 0.030984583012859664 -0.039589649452228176 0.06000143244451115 0.031607690332950737 -0.0031419913556334149 0.034293785183073508 0.004016281670781852 0.041899359942924021 -0.038030101469866684 0.066045741183940854 -0.030043453446669501 0.0015997388608897077 0.00069501922407207606 -0.055374050645608089 -0.043526831549745057 -0.0074435496951805961 -0.016773681851997221 0.0092502842815765495 0.0045871701581325494 0.003200874108945317 0.001007537244429566 -0.064364117258226786 0.079264855145192228 0.099938044695115261 0.044463717027961223
leaf_weight=24.41816942486912 11.439592095091941 5.0179334618151215 21.438769673928618 26.13945734128356 124.90439993515611 16.971488580107689 8.9844618123024684 4.9289830289781085 4.0125969946384421 477.28827537968755 11.040264762938021 6.736208736896514 6.239731088280676 7.542173869907856 14.352152079343798 11.879436034709213 82.453466922044754 2983.797893715091 14.757947996258734 9.4276429433375579 70.853404201567173 6.5457323286682358 54.835015419870615 28.310821076855063 7.9372235983610135 10.836490876972677 9.8663669712841493 7.0944205075502396 4.9397322703152886 35.336113791912794
leaf_count=776 66 28 112 138 618 82 70 29 25 2300 54 32 27 32 63 81 411 15161 65 44 352 52 245 146 44 48 45 35 26 160
internal_value=0.000134233 -0.00407006 -0.0032344 -0.0127918 -0.0170647 0.00372262 -0.0379545 4.17864e-05 -0.0171535 -0.000500714 -0.00227855 0.0143115 0.0275079 -0.00144087 0.0465803 -0.00524139 0.00108787 0.000909853 -0.010356 -0.00301849 0.00128477 0.00869909 0.0156321 0.0279552 0.00533474 -0.00148461 -0.0300659 0.0397175 0.0419383 0.0347566
internal_weight=4110.33 758.916 740.901 189.454 163.315 38.4103 18.015 551.447 12.9971 546.518 488.329 58.1893 34.8703 13.7819 21.0884 23.319 3351.41 3326.99 106.639 91.8811 3220.35 236.555 165.702 75.1324 90.5695 75.5379 20.7029 15.0316 46.8216 41.8818
internal_count=21367 3757 3634 950 812 194 123 2684 95 2655 2354 301 154 59 95 147 17610 16834 520 455 16314 1153 801 384 417 338 93 79 238 212
is_linear=0
shrinkage=0.05


Tree=101
num_leaves=31
num_cat=0
split_feature=12 11 23 42 26 18 41 35 12 20 11 32 27 34 38 19 8 32 12 38 12 6 6 29 32 11 0 23 23 24
split_gain=6.23742 6.03523 5.58663 5.38092 6.88718 9.25498 6.2434 7.60121 7.58575 10.4282 6.75438 7.06148 8.56856 7.51268 6.99225 6.25107 7.51707 6.03571 9.35077 6.53872 6.33189 6.25447 8.03446 8.24498 7.44885 6.89617 6.49205 8.68568 6.59282 5.9384
threshold=4325.0000000000009 10775.000000000002 267.10000000000008 1.0000000180025095e-35 5.5000000000000009 3.9000000000000004 1.0000000180025095e-35 0.5634920634920636 27875.000000000004 261.50000000000006 12275.000000000002 0.41666666666667007 0.58333333333333337 0.48333333333333339 0.53333333333333544 -200.49999999999997 0.5335585585585586 0.83333333333334425 24175.000000000004 0.49333333333333496 13075.000000000002 -11.499999999999998 -12.499999999999998 0.31009615384615391 0.33333333333333526 29825.000000000004 0.31666666666666671 231.55000000000004 316.22500000000008 -3.4999999999999996
decision_type=2 2 2 2 2 2 2 2 2 2 2 2 2 2 2 2 2 2 2 2 2 2 2 2 2 2 2 2 2 2
left_child=2 -2 -1 6 5 -5 8 -8 17 10 -10 13 15 14 -12 -13 -17 21 20 -20 -19 22 23 25 -24 -3 -25 -28 -29 -23
right_child=1 3 -4 4 -6 -7 7 -9 9 -11 11 12 -14 -15 -16 16 -18 18 19 -21 -22 29 24 26 -26 -27 27 28 -30 -31
leaf_value=0.007660093035617415 -0.0059144459853355527 -0.0030360980838421668 0.04395070863294006 -0.0038944636384090204 -0.041747949506470795 0.03402666351189914 -0.008593837300924282 0.0027342788252395465 0.088478507704754406 0.048608375503739663 0.018935734955690859 -0.019309209330055005 -0.04900087661034408 0.0015864572841017455 0.06587273414000587 0.028459615567574245 -0.033369687226858853 0.019189691494539328 0.043761483544365876 -0.011126175487160699 -0.043052199543698842 -0.007756766229347129 0.094050264962618146 -0.0096839475492501558 0.020532488808464932 -0.077709184205720663 0.045265357204451205 -0.073923733766671246 0.027431979692167863 0.002420591579731006
leaf_weight=112.51636537536979 415.97561010997742 13.141366366297008 11.721799213439224 634.06559283658862 11.554348677396773 16.387916337698698 310.80559478327632 281.78345755860209 2.4990858510136595 18.075233992189169 31.650350492447615 20.3414012119174 9.6581421233713609 44.317479863762856 10.80880059301853 24.916806176304821 5.9627806693315497 4.6829683557152775 8.4590756446123141 14.521152678877113 25.452215977013111 155.00171430408955 5.6475380510091773 13.047146793454884 9.3861065432429296 4.0113543495535842 24.796371316537265 2.9259162023663512 3.2442045286297798 1861.8740294538438
leaf_count=1249 3130 77 270 2811 89 88 1429 1295 14 100 140 93 47 198 48 117 28 26 37 64 117 767 26 74 44 21 148 20 30 8770
internal_value=0.000128095 -0.000214761 0.0111569 0.000448294 -0.00361761 -0.00292629 0.00137603 -0.00319919 0.00254972 0.0127755 0.00839926 0.00695111 -0.00603828 0.016118 0.0311286 0.00204494 0.0162899 0.00174529 -0.0148719 0.00896353 -0.033183 0.00217006 0.0162296 0.0080466 0.0489195 -0.0211382 0.0195558 0.0320279 -0.0202466 0.00163561
internal_weight=4109.23 3984.99 124.238 3569.02 662.008 650.454 2907.01 592.589 2314.42 168.23 150.155 147.656 60.8791 86.7766 42.4592 51.221 30.8796 2146.19 53.1154 22.9802 30.1352 2093.08 76.2 61.1664 15.0336 17.1527 44.0136 30.9665 6.17012 2016.88
internal_count=21367 19848 1519 16718 2988 2899 13730 2724 11006 785 685 671 285 386 188 238 145 10221 244 101 143 9977 440 370 70 98 272 198 50 9537
is_linear=0
shrinkage=0.05


Tree=102
num_leaves=31
num_cat=0
split_feature=12 11 13 18 20 38 23 4 19 32 11 29 13 5 20 5 20 38 30 23 23 22 38 33 20 33 16 33 11 23
split_gain=5.66443 5.46033 5.97128 5.28908 5.13981 8.90856 7.87547 8.73219 7.64533 6.54331 8.3065 12.9579 7.28117 10.731 7.31856 7.16065 7.05953 6.76136 5.75762 6.63739 5.71553 8.42227 6.03009 5.57132 5.55766 5.23644 5.18273 5.55169 5.20687 5.84566
threshold=4325.0000000000009 10775.000000000002 -16174.999999999998 2.9000000000000004 -110.49999999999999 0.7172619047619061 190.10000000000002 9.5000000000000018 -368.49999999999994 0.67777777777778481 3975.0000000000005 0.70714285714285718 -16574.999999999996 8.5000000000000018 315.50000000000006 24.500000000000004 74.500000000000014 0.60500000000000076 0.11805555555555557 68.450000000000017 89.450000000000017 49.500000000000007 0.54032967032967172 0.61012820512820543 -101.49999999999999 0.45012820512820545 3.5000000000000004 0.39023809523809538 4025.0000000000005 -32.36666666666666
decision_type=2 2 2 2 2 2 2 2 2 2 2 2 2 2 2 2 2 2 2 2 2 2 2 2 2 2 2 2 2 2
left_child=3 4 -3 -1 5 -2 8 -8 -6 12 11 -11 18 14 24 16 -15 -17 19 -10 21 22 23 -12 -14 -18 28 -28 -26 -30
right_child=1 2 -4 -5 6 -7 7 -9 9 10 20 -13 13 15 -16 17 25 -19 -20 -21 -22 -23 -24 -25 26 -27 27 -29 29 -31
leaf_value=0.0068358020533752853 -0.0085325443469640768 0.040634171727286915 0.00032077333150149211 0.039155668994292812 0.050025355088729684 -0.046620813900696445 -0.049520503638338105 -0.0027968274814129928 -0.0053424398417588953 0.19981568296218033 0.089176427084723467 0 0.054816023560161534 0.072520457652464398 0.031900733169442967 -0.061623861604361188 -0.017340539006598803 0.032698850659458399 -0.027623938651365795 0.10006382306113906 -0.029994090148900272 0.082135308264976364 -0.012802003194202362 0.005130362639778896 -0.056431458588573125 0.052180523315386695 0.062322722049963745 -0.0093615203076653029 -0.039805855531992701 -0.0041530565157332734
leaf_weight=109.2713137306273 136.8282724628225 9.112033009529112 3559.0038432590663 14.359521022066472 8.0430057700723392 17.31749586481601 16.387790789827704 26.074665323831141 6.7249365840107185 1.4757774434983721 3.4655610471963971 1.7675016680732369 3.0608723461627951 10.898966059088712 11.725825130939482 3.5361294373869887 5.7067954242229444 3.8259016871452332 40.321302641183138 1.790786577388644 6.2441514618694773 4.7689576819539061 12.585138007998465 4.7473455965518951 7.6209455709904423 4.8866150453686714 4.3757823258638364 6.5209568068385124 15.081315457820883 49.227279081940658
leaf_count=1211 1178 54 16664 308 67 174 77 179 83 23 17 38 14 55 52 25 28 26 485 20 44 29 78 28 35 26 19 31 76 223
internal_value=0.00012219 -0.000203854 0.00042626 0.0106587 -0.00563221 -0.0128714 -0.00133207 -0.0210206 0.00248084 0.000616325 0.0203245 0.0955448 -0.00330542 0.00299503 -0.00488562 0.0297523 0.0443287 -0.0121548 -0.0196959 0.0171474 0.0122234 0.0228056 0.00863418 0.0418425 -0.00999732 0.0144492 -0.012516 0.0192749 -0.0174216 -0.0126406
internal_weight=4106.76 3983.13 3568.12 123.631 415.01 154.146 260.864 42.4625 218.402 210.359 35.0544 3.24328 175.304 126.467 97.613 28.8544 21.4924 7.36203 48.837 8.51572 31.8112 25.567 20.798 8.21291 85.8872 10.5934 82.8263 10.8967 71.9295 64.3086
internal_count=21367 19848 16718 1519 3130 1352 1778 256 1522 1455 257 61 1198 610 450 160 109 51 588 103 196 152 123 45 398 54 384 50 334 299
is_linear=0
shrinkage=0.05


Tree=103
num_leaves=31
num_cat=0
split_feature=12 20 28 31 11 12 33 38 5 14 8 36 11 18 4 11 25 19 36 0 35 38 38 31 38 18 18 38 38 11
split_gain=5.45972 8.80263 8.21578 8.54569 10.0315 8.01356 10.1589 9.41601 8.69535 8.60316 12.8796 9.73566 8.88182 8.68333 8.35494 8.31534 7.72442 8.35785 10.2771 6.93579 7.5563 6.82143 7.57491 7.94443 10.316 7.75244 6.63914 6.4318 7.91486 7.75299
threshold=13075.000000000002 -351.49999999999994 5.1000000000000005 0.85164835164835173 31275.000000000004 23425.000000000004 0.49333333333333362 0.15000000000000135 18.500000000000004 -1.4999999999999998 0.30860805860805868 0.48333333333333339 30225.000000000004 7.3000000000000016 164.50000000000003 26675.000000000004 6.5000000000000009 158.50000000000003 0.9545454545454547 0.65000000000000002 0.15476190476190479 0.3750000000000005 0.5736796536796549 0.32291666666666669 0.76035714285714373 1.7750000000000001 -0.89999999999999991 0.72041666666666793 0.59023809523809645 26525.000000000004
decision_type=2 2 2 2 2 2 2 2 2 2 2 2 2 2 2 2 2 2 2 2 2 2 2 2 2 2 2 2 2 2
left_child=1 -1 3 4 21 6 9 -8 19 15 11 26 13 16 -7 -2 17 27 -19 -9 -21 -3 -23 24 -24 -26 -11 28 -12 -30
right_child=5 2 -4 -5 -6 14 7 8 -10 10 12 -13 -14 -15 -16 -17 -18 18 -20 20 -22 22 23 -25 25 -27 -28 -29 29 -31
leaf_value=0.041674039941524743 -0.0059004923392614733 0.012367175917767719 0.032292649090879928 0.019204205080069082 -0.038151286907095627 0.00081379072847212084 -0.062547121011317694 -0.0042829183400412123 -0.025657393959956566 0.011414448722930104 0.00086322713984809691 0.006445948738800604 0.01105278812499314 -0.071104982581792403 0.069605028222014739 -0.040552703489385583 0.050486175168253648 -0.016649511413930628 0.015688816079296841 0.01008027802489773 -0.053322792065320007 -0.0080982766867582993 0.026971630966571111 -0.0028245271454077235 -0.049742952741700062 0.030289545476136038 0.071118713886210314 -0.022594568608151528 0.045858825558910021 -0.003671137248561677
leaf_weight=15.381934970617293 85.868834618479013 110.59859224967659 23.671703069470823 66.129783501848578 16.462831903249025 2401.9313153084368 8.3025052398443204 350.80340736545622 66.464008449576795 7.1912313103675869 90.011723853647709 26.429952826350927 131.01819310709834 4.6999483257532111 4.3239847831428042 21.769386569038033 6.4295758530497542 153.7927953004837 28.998103857040405 6.6378843188285854 14.841451197862623 212.42139358632267 61.34295152220875 108.2819875376299 8.5303800590336305 4.4965923279523841 14.616089601069687 18.677867971360683 22.960220464505255 11.725334562361239
leaf_count=88 554 676 333 511 100 11651 37 1720 459 38 414 123 626 32 30 126 61 716 125 28 63 1340 396 713 55 31 69 89 109 54
internal_value=0.000115856 0.00440987 0.00345835 0.00228427 0.000128478 -0.000657424 -0.00425537 -0.0100081 -0.00898844 -0.000126279 0.00254579 0.0271183 0 -0.0042821 0.000942372 -0.0129863 -0.0033017 -0.00439247 -0.0114862 -0.005993 -0.0335414 0.00139191 -0.00167026 0.00577842 0.0183583 -0.0217165 0.0518007 0.0046183 0.0087493 0.0290092
internal_weight=4104.81 627.318 611.936 588.265 522.135 3477.49 1071.24 447.049 438.747 624.189 516.551 48.2373 468.314 337.296 2406.26 107.638 332.596 326.166 182.791 372.283 21.4793 505.672 395.073 182.652 74.3699 13.027 21.8073 143.375 124.697 34.6856
internal_count=21367 4243 4155 3822 3311 17124 5443 2307 2270 3136 2456 230 2226 1600 11681 680 1568 1507 841 1811 91 3211 2535 1195 482 86 107 666 577 163
is_linear=0
shrinkage=0.05


Tree=104
num_leaves=31
num_cat=0
split_feature=20 10 10 21 5 7 11 24 35 37 21 20 6 14 27 21 10 30 8 18 31 38 8 29 11 0 21 10 10 23
split_gain=4.45202 7.94827 7.61326 7.73645 12.8468 7.12847 7.01851 6.3399 6.22663 7.50203 6.05744 6.0252 6.00799 7.87281 5.87742 7.62952 5.8404 5.81064 13.9619 12.5532 9.24773 7.87369 6.71424 12.1657 6.97636 9.24072 6.8597 6.62841 8.48186 6.42275
threshold=176.50000000000003 -3.4999999999999996 3.5000000000000004 337.50000000000006 4.5000000000000009 66.500000000000014 25025.000000000004 1.0000000180025095e-35 0.38194444444444448 0.87500000000001166 472.50000000000006 -377.49999999999994 4.5000000000000009 -4.4999999999999991 2.1666666666666674 277.50000000000006 7.5000000000000009 0.14835164835164838 0.25290697674418611 0.77500000000000013 0.32291666666666669 0.59023809523809645 0.32268272764393635 0.16025641025641027 27475.000000000004 0.48333333333333339 -329.49999999999994 6.5000000000000009 11.500000000000002 -108.49999999999999
decision_type=2 2 2 2 2 2 2 2 2 2 2 2 2 2 2 2 2 2 2 2 2 2 2 2 2 2 2 2 2 2
left_child=2 -2 8 4 -4 7 -7 -6 11 12 -5 -1 -10 -14 15 -11 -9 18 -3 20 21 -20 23 29 25 27 -26 -24 -29 -19
right_child=1 17 3 10 5 6 -8 16 9 14 -12 -13 13 -15 -16 -17 -18 22 19 -21 -22 -23 24 -25 26 -27 -28 28 -30 -31
leaf_value=-0.028079084852540077 0.03336141347851123 -0.063928149824483513 0.013837367157667252 -0.040179028818336002 -0.083738625269185976 -0.054816408656664088 0.018164549992447369 -0.034795842193518632 0.0028911219700338935 -0.017007663443731915 0.0026030595672145752 -0.003643004450607318 -0.037295258039613949 -0.0029021774760769736 -0.058532096219894303 0.030976855877640614 0.019088416631743634 -0.071802445650095983 0.041099872245134506 0.0066495439966611676 0.07217203553432279 -0.038143857021079322 -0.0018656317643658061 0.026597048365716098 0.040470504287071635 -0.015072779278955667 0.0023167367746351687 0.042235199961872173 -0.046053237659205451 -0.0032589352624606185
leaf_weight=26.271395313553512 20.305536944419146 5.614470735192298 49.91152180545032 33.20336926728487 5.361525669693946 4.0241342429071691 16.127360874786973 26.734729500487447 1525.9940170254558 56.505889769643545 10.707861449569462 627.00822979491204 17.769648223184049 251.6229296317324 6.8614245951175681 9.5504859834909421 5.99146894365549 4.1340071782469776 9.3795917872339505 89.463570423424244 14.803011100739239 4.5382528621703377 285.73492718487978 59.686208814382553 11.893816603347657 149.99218679592013 735.58629379980266 16.704445653595034 3.1090036723762742 18.740682067349553
leaf_count=162 99 24 221 145 23 24 79 117 7770 315 47 3127 146 1396 42 45 26 18 48 439 71 23 1569 314 64 898 3862 145 29 79
internal_value=0.000110869 0.00236411 -0.00109218 -0.0119547 -0.00470279 -0.0206741 0.00314508 -0.0333825 -0.0004347 0.00103236 -0.0296507 -0.00463749 0.00167371 -0.00520236 -0.0146712 -0.00995811 -0.0247504 0.00191163 0.0122561 0.0159685 0.0446992 0.0148161 0.00091072 0.0146953 -3.22725e-05 -0.00491312 0.00293586 6.11533e-05 0.0279687 -0.0161226
internal_weight=4103.33 1429.69 2673.65 152.062 108.151 58.2392 20.1515 38.0877 2521.58 1868.3 43.9112 653.28 1795.39 269.393 72.9178 66.0564 32.7262 1409.38 123.799 118.184 28.7209 13.9178 1285.58 82.5609 1203.02 455.541 747.48 305.548 19.8134 22.8747
internal_count=21367 7682 13685 682 490 269 103 166 13003 9714 192 3289 9312 1542 402 360 143 7583 605 581 142 71 6978 411 6567 2641 3926 1743 174 97
is_linear=0
shrinkage=0.05


Tree=105
num_leaves=31
num_cat=0
split_feature=4 12 20 8 37 12 12 13 18 28 38 21 25 23 20 38 34 37 28 30 13 13 36 8 6 18 5 13 31 12
split_gain=5.57943 5.34821 4.428 4.94619 14.936 11.6539 7.1498 6.59087 5.91336 6.41696 7.05995 7.9771 6.71646 6.32051 6.27711 8.66299 6.40222 5.70545 7.76526 5.84229 9.10387 5.31521 5.30503 5.12737 6.35258 6.71957 6.3097 7.6088 8.33865 8.31437
threshold=160.50000000000003 2575.0000000000005 800.50000000000011 0.90645833333333348 0.53290043290043798 25075.000000000004 23925.000000000004 775.00000000000011 3.7750000000000004 3.1000000000000005 0.34008547008547174 167.50000000000003 3.5000000000000004 231.55000000000004 206.50000000000003 0.45000000000000057 0.19090909090909094 0.83333333333333659 2.9000000000000004 0.48529411764705888 7475.0000000000009 3475.0000000000005 0.15476190476190479 0.59959514170040495 11.500000000000002 3.7750000000000004 11.500000000000002 18125.000000000004 0.59166666666666679 21225.000000000004
decision_type=2 2 2 2 2 2 2 2 2 2 2 2 2 2 2 2 2 2 2 2 2 2 2 2 2 2 2 2 2 2
left_child=1 -1 3 23 7 6 17 -5 9 10 11 -9 13 14 15 -12 -17 19 21 20 -6 -19 -11 24 26 -26 -3 28 -28 -30
right_child=-2 2 -4 4 5 -7 -8 8 -10 22 12 -13 -14 -15 -16 16 -18 18 -20 -21 -22 -23 -24 -25 25 -27 27 -29 29 -31
leaf_value=0.025648000552997138 0.044665679278812279 -0.0029794297708138186 0.032580392883485146 -0.055933804097151318 -0.069531914991089031 0.039368405935729787 -0.037353332648321705 -0.015616706466913391 0.0100306754450545 -0.024048172571308923 -0.056344076049619843 -0.097475114719433709 0.023566194998190727 0.034240065695091984 -0.065217192707061597 0.059494011856965713 -0.015615024986012839 0.014485467618504475 0.018179291542911889 0.034831124266703983 0.014514431009780851 -0.067380161466540259 -0.070950546395314326 0.0025145031575898734 -0.041125918369348875 0.013673597669148649 -0.0017276038225116849 0.025664582095816454 -0.0064915952037204088 0.014484882204096751
leaf_weight=19.37809569016099 6.752053413540124 1770.5753748724237 9.9184085540473443 11.588534817099569 4.0660402625799206 21.183601126074791 12.30121013522148 9.061257762834428 17.712969038635492 16.825090330094103 6.4155609644949534 4.5150034576654425 15.77467127330601 4.9374391939491025 7.4298656843602648 4.7617135159671289 6.57821024954319 2.4890557527542132 7.9891213662922373 19.384186225011945 14.000636560842393 7.727319210767746 9.9285128042101842 1145.7449012594298 19.455339174717668 7.6117131784558287 650.85471384134144 32.973192900419235 63.24621301330626 182.81781743001193
leaf_count=709 51 8413 92 47 18 89 53 43 96 77 29 20 75 24 34 21 29 10 40 101 80 44 45 5628 127 65 3657 276 410 996
internal_value=-0.000407458 -0.000483858 -0.000609581 -0.000692329 -0.00826653 0.00706482 -0.00297437 -0.0201352 -0.016046 -0.021466 -0.0121623 -0.0437193 -0.00264449 -0.0165685 -0.0268229 -0.0102014 0.0157311 0.00458779 -0.0181829 0.0158091 -0.00440422 -0.0470032 -0.0418397 -0.000290603 -0.00147081 -0.0255377 -0.0012268 0.0021049 0.00123045 0.00907251
internal_weight=4114 4107.25 4087.87 4077.95 204.67 89.1412 67.9576 115.529 103.94 86.2273 59.4737 13.5763 45.8975 30.1228 25.1854 17.7555 11.3399 55.6564 18.2055 37.4509 18.0667 10.2164 26.7536 3873.28 2727.53 27.0671 2700.47 929.892 896.919 246.064
internal_count=21399 21348 20639 20547 975 435 346 540 493 397 275 63 212 137 113 79 50 293 94 199 98 54 122 19572 13944 192 13752 5339 5063 1406
is_linear=0
shrinkage=0.05


Tree=106
num_leaves=31
num_cat=0
split_feature=12 33 11 20 11 37 37 5 37 12 12 36 29 0 11 0 32 15 6 32 37 27 41 32 27 5 0 37 10 22
split_gain=4.91181 4.43251 5.38476 4.05274 3.74168 3.43551 19.6746 10.2052 7.89916 6.90611 13.998 6.55512 6.42132 7.94882 7.40127 7.56415 7.42276 8.57777 9.18062 6.43094 6.16906 6.96682 6.16236 6.3658 8.87061 9.2429 7.09246 6.13693 6.02417 5.82378
threshold=2575.0000000000005 0.26015873015873042 29275.000000000004 800.50000000000011 1550.0000000000002 0.41666666666667357 0.4285714285714291 1.0000000180025095e-35 0.33333333333334236 26325.000000000004 26025.000000000004 0.77350427350427364 0.32291666666666669 0.71666666666666667 23975.000000000004 0.51666666666666672 0.55555555555556413 2.5000000000000004 1.0000000180025095e-35 0.40000000000000047 0.33095238095238377 -0.41666666666666657 1.0000000180025095e-35 0.4000000000000119 -0.41666666666666657 2.5000000000000004 0.25000000000000006 0.3333333333333417 5.5000000000000009 -103.83333333333333
decision_type=2 2 2 2 2 2 2 2 2 2 2 2 2 2 2 2 2 2 2 2 2 2 2 2 2 2 2 2 2 2
left_child=1 2 -1 4 -2 7 11 -6 9 10 27 -7 22 14 15 20 17 18 29 -19 21 -14 23 24 26 -26 -11 28 -9 -16
right_child=3 -3 -4 -5 5 6 -8 8 -10 12 -12 -13 13 -15 16 -17 -18 19 -20 -21 -22 -23 -24 -25 25 -27 -28 -29 -30 -31
leaf_value=0.045144796503437751 -0.040656902556407387 0.035661475835014791 -0.084066534920188923 0.031525294567536229 -0.02278941293594652 0.028088539560713784 -0.00027297134240227027 0.0037318707035229738 -0.0072776534076806638 0.072794749727997196 0.048607067058889175 -0.037251413842229714 0.0069257895542498482 0.022980980555322356 -0.038135048252314903 0.055017676001677375 -0.036811189060503319 -0.010840608140916074 -0.056585809675265455 0.049379032733418239 0.05397061014446547 -0.06225510015188384 -0.041285645811344154 -0.039686867932698093 0.049153614156495253 -0.02432007306430042 0.0068091791031062478 0.039479581573732769 -0.016432667775210064 0.014083161281753152
leaf_weight=1.2777333958074479 5.7202483387663952 15.893145295791326 1.7739217318594453 9.7456630747765285 60.142808521166444 76.424851840361953 2742.9703203942627 468.98934187367558 413.23396357707679 5.0350905358791378 17.271887701004744 3.8927866891026488 11.90740847215057 32.347091672942042 7.4220544248819342 8.625340346246956 23.517094738781452 7.2517511099576977 10.411782544106243 10.746192082762716 4.0964936539530745 5.0707723870873478 18.493571527302265 14.309240467846392 4.6520849615335456 40.555821340531111 20.924533568322659 11.165230639278887 40.053778797388077 18.259335130453113
leaf_count=41 315 649 19 92 275 379 13836 2257 2016 24 81 17 67 162 31 48 109 33 47 51 25 32 88 67 19 186 93 51 212 77
internal_value=-0.000386953 0.0249413 -0.0286632 -0.000506009 -0.000584449 -0.000526014 0.000439881 -0.00270367 -0.00168621 0.00126603 0.00443634 0.0248171 -0.00570668 0.00126539 -0.00524933 0.0158654 -0.0134041 -0.00308606 -0.0172163 0.0249132 -0.000106677 -0.0136868 -0.015112 -0.00934904 -0.0031319 -0.0165572 0.0200297 0.00295112 0.0021325 -0.000903614
internal_weight=4112.18 18.9448 3.05166 4093.24 4083.49 4077.77 2823.29 1254.48 1194.34 781.106 537.48 80.3176 243.626 139.655 107.308 29.7 77.6082 54.0911 36.0932 17.9979 21.0747 16.9782 103.97 85.4768 71.1675 45.2079 25.9596 520.208 509.043 25.6814
internal_count=21399 709 60 20690 20598 20283 14232 6051 5776 3760 2601 396 1159 682 520 172 348 239 155 84 124 99 477 389 322 205 117 2520 2469 108
is_linear=0
shrinkage=0.05


Tree=107
num_leaves=31
num_cat=0
split_feature=20 10 32 29 11 38 24 21 22 19 5 8 11 36 39 30 33 23 33 21 34 6 13 18 11 33 18 38 8 36
split_gain=3.98095 6.77574 5.96215 6.46558 7.4129 6.11775 6.33081 7.4842 6.34865 8.82663 6.01678 5.98555 6.56294 8.52002 6.27925 7.52556 9.68048 7.22372 6.82032 6.71731 7.25288 5.97177 8.66475 5.6922 6.93685 5.52168 5.3956 8.1253 5.87584 11.935
threshold=176.50000000000003 -7.4999999999999991 0.60000000000001263 0.53589743589743599 3475.0000000000005 0.72041666666666793 -3.4999999999999996 -181.49999999999997 148.16666666666671 392.50000000000006 7.5000000000000009 0.90645833333333348 30225.000000000004 0.48333333333333339 1.0000000180025095e-35 0.32291666666666669 0.37559523809523837 -205.12499999999997 0.29045454545454558 -193.49999999999997 0.69375000000000009 1.0000000180025095e-35 9825.0000000000018 -0.89999999999999991 23075.000000000004 0.37999999999999945 -1.4499999999999997 0.40000000000000141 0.32268272764393635 0.23611111111111113
decision_type=2 2 2 2 2 2 2 2 2 2 2 2 2 2 2 2 2 2 2 2 2 2 2 2 2 2 2 2 2 2
left_child=2 -2 3 4 -1 6 7 -4 9 25 -7 14 13 -13 -6 16 -16 -18 19 -17 -21 22 -10 -19 -25 -8 27 -3 29 -28
right_child=1 26 5 -5 11 10 8 -9 21 -11 -12 12 -14 -15 15 18 17 23 -20 20 -22 -23 -24 24 -26 -27 28 -29 -30 -31
leaf_value=-0.036173709215632177 0.058716456817390572 0.034103513717257589 0.0070150225059551208 -0.0079282479871958089 -0.0018228124840998486 -0.025952992610180182 0.066326120096877911 -0.024164452504553683 -0.08219335043797886 0.067511913959546074 0.004044026292654988 -0.033306618507912014 -0.052001515311081409 0.030380013408267223 0.0076009709504064179 0.018010936897297641 -0.03178449083039555 0.07904923161881422 0.0035388754580149245 -0.067975239699277809 0.0082499868594725963 0.00029965017240835934 0.010443977887312999 -0.03175094039865782 0.047090078784073869 0.0078762490039249629 -0.025962108713881368 -0.041140808544513879 0.0010816159283303468 0.022952634710676965
leaf_weight=14.962379416450856 5.1061721891164771 4.4898941367864635 39.535833854228258 463.77990723866969 1368.4118926720694 33.474408664740622 4.0147818662226191 37.027289911173284 6.0565803088247758 6.3950197249650946 32.761490743607283 11.801039272919299 11.678038306534289 9.2603254914283735 84.964225813746452 5.5655351802706745 2.9161516278982189 10.091702684760099 113.62404275499284 10.419855035841463 4.2510863356292239 25.912537774071097 4.0962457954883575 3.3974211364984503 12.900006227195261 355.86998008470982 14.898654613643883 15.676847545430062 1325.6820689029992 72.092300317250192
leaf_count=381 23 20 247 2373 6608 188 21 203 33 43 214 59 50 40 408 26 13 45 572 48 20 132 24 17 56 1860 71 79 7173 352
internal_value=-0.000367532 0.0017522 -0.00150967 -0.00270608 -0.00124741 0.00315112 0.0051285 -0.00801056 0.00764255 0.00962148 -0.0110568 -0.00092535 -0.0220617 -0.00505717 -0.00049285 0.00681939 0.016241 0.0410098 -0.00119212 -0.0278884 -0.0456432 -0.0122883 -0.044593 0.0493324 0.0302563 0.00856043 0.00154162 -0.0240562 0.00191226 0.0144976
internal_weight=4111.11 1437.95 2673.17 2128.02 1664.24 545.144 478.908 76.5631 402.345 366.28 66.2359 1649.28 32.7394 21.0614 1616.54 248.13 114.27 29.3053 133.861 20.2365 14.6709 36.0654 10.1528 26.3891 16.2974 359.885 1432.84 20.1667 1412.67 86.991
internal_count=21399 7718 13681 10716 8343 2965 2563 450 2113 1924 402 7962 149 99 7813 1205 539 131 666 94 68 189 57 118 73 1881 7695 99 7596 423
is_linear=0
shrinkage=0.05


Tree=108
num_leaves=31
num_cat=0
split_feature=4 12 20 23 17 20 8 37 12 12 13 18 11 28 36 19 37 28 30 13 11 11 25 20 23 23 11 8 29 19
split_gain=5.08288 4.58431 4.02521 6.39708 6.26763 3.69252 3.89893 12.7948 10.5389 6.50338 5.99646 5.30264 6.23873 5.69725 8.88447 5.37654 5.14219 6.83146 5.33596 8.3025 4.96782 4.82399 4.73026 7.13108 5.27279 5.12485 4.61371 4.5839 8.73846 7.88056
threshold=160.50000000000003 2575.0000000000005 -44.499999999999993 38.100000000000009 0.83333333333333337 800.50000000000011 0.90645833333333348 0.53290043290043798 25075.000000000004 23925.000000000004 775.00000000000011 3.7750000000000004 30925.000000000004 3.1000000000000005 0.9545454545454547 82.500000000000014 0.83333333333333659 2.9000000000000004 0.48529411764705888 7475.0000000000009 25625.000000000004 30425.000000000004 3.5000000000000004 404.50000000000006 239.70000000000002 112.10000000000001 28825.000000000004 0.59959514170040495 0.44949494949494956 -107.49999999999999
decision_type=2 2 2 2 2 2 2 2 2 2 2 2 2 2 2 2 2 2 2 2 2 2 2 2 2 2 2 2 2 2
left_child=1 2 3 -1 -5 6 27 10 9 16 -8 12 13 14 15 -12 18 20 19 -9 -18 -21 24 25 -17 -24 -13 -3 29 -29
right_child=-2 5 -4 4 -6 -7 7 8 -10 -11 11 26 -14 -15 -16 22 17 -19 -20 21 -22 -23 23 -25 -26 -27 -28 28 -30 -31
leaf_value=0.040759039953003076 0.042929873526043286 -0.0013694523005179419 0.039260948627780845 -0.13920658296361352 0.0087711130611835639 0.030297619726435434 -0.052485748433941964 -0.066191189173636603 0.037713070920240954 -0.035406714978032792 -0.06868305045957826 -0.02234969974491028 -0.058160731036218286 -0.035395801031805084 0.060408261938493649 -0.028164863127955866 0.0061460164955490643 0.017403385457339774 0.033605170303457818 0.036039034693012589 -0.06676559102375984 -0.024613008385919649 -0.019333847073235485 -0.036909682678815968 0.029763604169380523 0.054788779863090623 0.029935376926060665 -0.0046855721051004802 -0.0029136242749924356 0.0086809914905633667
leaf_weight=2.7001638524234322 6.6707478612661353 2724.97319011949 13.117797109298406 1.3247963804751637 1.296899266541004 9.580822326242922 11.555116906762121 4.064226999878886 21.061994925141335 12.316704556345938 3.7705581188201895 6.5596349164843586 9.3122179508209211 23.274512570351362 4.5280904471874228 24.881711307913069 3.2527486756443995 7.9508149884641162 19.208294624462724 8.9875993449240905 7.1240082606673241 4.9475862532854071 2.998282294720414 4.6634605899453154 4.4964445084333411 8.6827943772077543 11.163719817996023 137.52952819503844 460.98187056183815 546.71997040417045
leaf_count=68 51 13944 579 20 42 92 47 18 89 53 17 37 39 106 21 113 19 40 101 56 35 24 14 23 22 42 59 701 2289 2638
internal_value=-0.000349082 -0.000421709 0.0243794 -0.0114272 -0.0665352 -0.000535491 -0.000609952 -0.00733237 0.00689046 -0.00264506 -0.0182845 -0.014402 -0.019518 -0.0147288 -0.00568329 -0.0119404 0.00458158 -0.0169093 0.0153184 -0.00399809 -0.0435926 0.0141268 -0.00701226 0.0143196 -0.0190582 0.0353361 0.0102867 -0.000252748 0.00239987 0.0059868
internal_weight=4109.7 4103.03 18.4397 5.32186 2.6217 4084.59 4075.01 204.801 88.914 67.852 115.887 104.331 86.6081 77.2959 54.0213 49.4933 55.5353 18.3276 37.2077 17.9994 10.3768 13.9352 45.7227 16.3445 29.3782 11.6811 17.7234 3870.2 1145.23 684.249
internal_count=21399 21348 709 130 62 20639 20547 975 435 346 540 493 397 358 252 231 293 94 199 98 54 80 214 79 135 56 96 19572 5628 3339
is_linear=0
shrinkage=0.05


Tree=109
num_leaves=31
num_cat=0
split_feature=4 12 33 11 11 20 7 13 33 7 8 37 12 33 12 21 13 19 24 19 30 31 12 33 43 22 23 35 13 8
split_gain=4.66008 4.26426 4.00056 4.56802 3.43065 3.38214 4.06781 8.31304 5.17635 4.57921 3.70829 11.5618 9.5769 5.9058 7.90137 6.87492 5.4494 5.02527 7.39932 6.89435 6.26117 8.80471 7.0101 5.02287 5.51039 6.31675 4.29581 5.36115 4.25597 4.24436
threshold=152.50000000000003 2575.0000000000005 0.26015873015873042 29275.000000000004 1550.0000000000002 800.50000000000011 187.50000000000003 1375.0000000000002 0.82000000000000028 271.50000000000006 0.90645833333333348 0.53290043290043798 25075.000000000004 0.42999999999999955 24675.000000000004 164.50000000000003 775.00000000000011 328.50000000000006 4.5000000000000009 299.50000000000006 0.39444444444444454 0.64583333333333337 22575.000000000004 0.59411255411255393 1.0000000180025095e-35 286.83333333333343 259.67500000000007 0.65833333333333344 2875.0000000000005 0.59959514170040495
decision_type=2 2 2 2 2 2 2 2 2 2 2 2 2 2 2 2 2 2 2 2 2 2 2 2 2 2 2 2 2 2
left_child=1 2 3 -1 -3 6 10 8 -8 -9 29 16 13 15 26 -13 -12 19 -19 20 -18 22 -22 24 25 -20 27 -15 -25 -6
right_child=-2 4 -4 -5 5 -7 7 9 -10 -11 11 12 -14 14 -16 -17 17 18 23 -21 21 -23 -24 28 -26 -27 -28 -29 -30 -31
leaf_value=0.044436914359282209 0.034973054036863495 -0.039998441925220271 0.034539755746599433 -0.076207372553329544 -0.0011492987844498427 0.029284240082370586 -0.065195015311143287 0.036874109596607058 0.0095425725005545987 -0.043041667806990543 -0.050052881458248925 0.0054558925425019179 0.036056258088731023 0.037652805868454459 -0.051601235494142222 -0.05096903477526591 -0.041088593001450242 0.033430723607413233 0.017138478860806862 -0.060631380800362338 0.036407542314607223 -0.04780762527397589 -0.014592626569189322 0.047222076300967745 0.023622799774583286 -0.054476213589747538 0.040163798346433965 -0.0090328276401581611 -0.017374368583827536 0.0024925850283691164
leaf_weight=1.1859072120860248 9.222508314996956 5.3989543700590721 14.949227284640072 1.8248448520898817 2703.8318809866905 9.4242667444050294 9.8196082673966902 6.4141914118081313 2.8471347428858271 2.3353429436683655 11.516726925969122 9.9718273431062716 20.9361482411623 8.516934387385847 4.9267500713467589 11.268429638817905 15.976983129978178 11.556311542168258 3.7728893272578814 10.10042631998658 13.288012545555832 8.3405552953481656 13.315156266093252 5.1701307743787748 4.2228851299732915 13.881327839568256 11.746307030320166 21.142603728920221 4.719420287758112 1135.9760930333287
leaf_count=41 71 315 649 19 13571 92 73 52 25 18 47 49 89 42 22 57 70 53 18 47 75 38 54 21 27 65 68 108 25 5498
internal_value=-0.00033146 -0.000412977 0.0238234 -0.0271785 -0.00052146 -0.00046695 -0.000537864 -0.0222251 -0.0480613 0.0147334 -0.000421234 -0.00698258 0.00657918 -0.00251962 0.0074081 -0.0243431 -0.0173826 -0.0136844 -0.000537611 -0.0229202 -0.0152378 -0.00319203 0.0107351 -0.0131179 -0.0265347 -0.0388795 0.0146573 0.00428673 0.01603 -7.0538e-05
internal_weight=4107.6 4098.38 17.96 3.01075 4080.42 4075.02 4065.59 21.4163 12.6667 8.74953 4044.18 204.37 88.509 67.5729 46.3326 21.2403 115.861 104.344 43.323 61.0211 50.9207 34.9437 26.6032 31.7667 21.8771 17.6542 41.4058 29.6595 9.88955 3839.81
internal_count=21399 21328 709 60 20619 20304 20212 168 98 70 20044 975 435 346 240 106 540 493 209 284 237 167 129 156 110 83 218 150 46 19069
is_linear=0
shrinkage=0.05


Tree=110
num_leaves=31
num_cat=0
split_feature=38 37 8 12 10 36 20 20 21 7 23 11 25 36 20 21 11 37 37 6 21 38 8 38 13 32 12 38 29 29
split_gain=5.49163 12.259 6.5662 4.78662 7.48085 11.2096 7.11171 8.57771 7.91583 7.78529 5.93052 5.8884 5.6843 10.0222 9.25278 9.01262 9.65295 5.9427 5.87496 5.61538 6.62393 7.02601 5.35371 5.14633 9.93755 5.32805 5.12525 8.77912 5.08908 5.56326
threshold=0.77500000000000158 0.91666666666667618 0.54575358851674649 12775.000000000002 -1.4999999999999998 0.44097222222222227 -97.499999999999986 -149.49999999999997 -224.49999999999997 79.500000000000014 387.40000000000003 31325.000000000004 -1.0000000180025095e-35 0.26136363636363641 -27.499999999999996 70.500000000000014 29075.000000000004 0.13333333333333428 0.41111111111112192 -4.4999999999999991 -155.49999999999997 0.28000000000000097 0.9110671936758894 0.49714285714285783 375.00000000000006 0.42222222222222633 9225.0000000000018 0.39857142857142958 0.19090909090909094 0.39444444444444454
decision_type=2 2 2 2 2 2 2 2 2 2 2 2 2 2 2 2 2 2 2 2 2 2 2 2 2 2 2 2 2 2
left_child=1 3 -3 4 5 23 7 -7 -8 -10 11 12 17 14 -14 16 19 -6 22 -16 -21 -22 28 24 25 -1 27 -18 -17 -30
right_child=-2 2 -4 -5 10 6 8 -9 9 -11 -12 -13 13 -15 15 18 26 -19 -20 20 21 -23 -24 -25 -26 -27 -28 -29 29 -31
leaf_value=-0.027513069768280291 -0.0075242102513198962 0.0048959135752873247 0.048589085021276485 -0.0011369501704607333 -0.086031043133525387 0.0031066789392307972 -0.086117342026920285 -0.054280143886180465 0.040989952585227502 -0.026012364157528358 0.030772081706836658 -0.030891972269823088 -0.095302768849633568 0.003700191206112357 -0.080026100592998695 -0.024697360406078884 -0.053284034261078507 0.01249693201993566 -0.024981866889346623 0.057109640161703758 0.047976173384653507 -0.034931326108062426 -0.033631112918493598 0.075745570276277555 0.062872063607969889 0.030864849016924864 -0.021315180692643841 -0.18795904947702391 0.064223373104495898 0.012714627568179003
leaf_weight=7.6204079687595385 268.38840946089476 15.892868069931863 19.440663555637002 3229.2453838568181 1.4421217534691084 23.981029726564884 1.4923683851957346 8.7636029571294767 22.243166400119666 5.2101641520857802 16.255274392664433 14.702202307060359 3.4302351791411629 219.59472082927823 3.0399004910141292 6.1966424938291302 3.2818320747464877 107.07845488935709 18.378490950912237 3.179973701015121 2.9716765638440839 14.308003226295112 6.2270711269229642 7.6157135590910903 11.800587035715578 7.79427869617939 2.6805176436901093 2.1019474714994431 6.7767233643680838 24.110961221158504
leaf_count=31 1551 95 109 15859 10 115 6 38 130 32 252 92 26 1599 14 29 30 638 110 23 28 131 31 34 66 32 14 27 41 149
internal_value=-0.000612012 -0.000124476 0.0291465 -0.000400061 0.003899 0.0165405 0.00362968 -0.0122183 0.0217101 0.0280444 0.00120774 9.61533e-05 0.00118743 -0.00218786 -0.0156028 -0.0125187 -0.03421 0.0110636 -0.0013019 -0.01758 -0.00771439 -0.0201916 0.00866553 0.0391884 0.0285356 0.00169153 -0.081249 -0.109245 0.0159736 0.0243477
internal_weight=4085.25 3816.86 35.3335 3781.52 552.278 96.5213 61.6903 32.7446 28.9457 27.4533 455.757 439.501 424.799 316.279 96.684 93.2537 31.5639 108.521 61.6899 23.4996 20.4597 17.2797 43.3114 34.831 27.2153 15.4147 8.0643 5.38378 37.0843 30.8877
internal_count=21342 19791 204 19587 3728 484 321 153 168 162 3244 2992 2900 2252 653 627 267 648 360 196 182 159 250 163 129 63 71 57 219 190
is_linear=0
shrinkage=0.05


Tree=111
num_leaves=31
num_cat=0
split_feature=38 37 20 31 37 13 4 12 4 21 20 11 4 27 36 28 37 10 38 21 20 37 28 6 38 37 17 17 13 13
split_gain=4.95533 11.1296 4.46541 5.0849 4.41828 6.50618 11.5365 9.09101 8.4594 7.26254 7.65772 6.16618 6.02634 5.52185 5.27762 7.63366 5.04473 7.68054 5.91189 8.33289 7.19556 7.33273 6.74641 6.87591 6.56735 6.19278 6.31161 5.84266 5.6849 6.79261
threshold=0.77500000000000158 0.91666666666667618 -72.499999999999986 0.73863636363636376 0.83333333333333659 5275.0000000000009 6.5000000000000009 23175.000000000004 9.5000000000000018 1.0000000180025095e-35 -10.499999999999998 29225.000000000004 1.5000000000000002 0.83333333333333337 0.9545454545454547 0.77500000000000013 0.53333333333334232 -13.499999999999998 0.45333333333333503 -66.499999999999986 333.50000000000006 0.5555555555555669 0.36666666666666675 3.5000000000000004 0.40952380952381001 0.59444444444445421 -2.4166666666666665 -2.4166666666666665 -17224.999999999996 -13924.999999999998
decision_type=2 2 2 2 2 2 2 2 2 2 2 2 2 2 2 2 2 2 2 2 2 2 2 2 2 2 2 2 2 2
left_child=1 4 -3 -4 16 6 12 9 -8 13 -11 -12 -6 -7 15 -10 17 -1 19 22 21 -21 25 24 -24 27 -27 -18 -23 -30
right_child=-2 2 3 -5 5 7 8 -9 14 10 11 -13 -14 -15 -16 -17 18 -19 -20 20 -22 28 23 -25 -26 26 -28 -29 29 -31
leaf_value=0.045382843351535952 -0.0071463140668135338 -0.0058970510533314013 0.048656065409435921 -0.0016129662490693025 -0.020859707958774273 -0.0050697582989953499 -0.059367065432391113 -0.072449307461593837 -0.069484031599875401 -0.067094079130292916 0.057153577149615602 -0.0045502518283074321 0.030817191403318917 -0.085418986113965617 0.023509935919532279 0.02028457637418335 0.08308964940307717 -0.0018232873188488913 0.0011884188223772185 0.0040568008425678655 -0.016244047430171642 -0.049232920418287501 -0.090283149447965491 0.014451654231142025 -0.016326166295648745 -0.060717288128092434 0.012559708969010966 0.012152914564847057 0.14306885862317395 0.038822098579693036
leaf_weight=8.5436625815927965 268.4552287440747 7.4491758104413739 21.412031381390992 6.3096723118796936 7.0080806575715533 3.9174873586744088 10.432659671641888 8.4265402704477292 5.1951034292578697 3.2921840399503735 5.7439945861697224 12.738964246585963 25.907874478027225 5.0494284238666296 9.2027758657932281 4.1004389971494675 4.2809125185012809 2169.4535481417552 1377.9022626979277 21.713758246973157 10.216656075790523 1.6081498786807049 5.3339221086353081 6.3894006516784421 7.2920919395983219 4.417618677020072 8.1347369849681836 9.3796637728810328 1.5815082192420948 43.35735329426825
leaf_count=53 1551 45 121 38 43 20 51 35 32 16 37 68 118 37 43 21 19 11081 7333 101 52 26 24 31 36 21 37 42 10 200
internal_value=-0.000581213 -0.000117849 0.027837 0.0370701 -0.000379962 -0.0106914 -0.00050187 -0.0266111 -0.0235716 -0.0136903 0.00173664 0.0145609 0.0196335 -0.0513104 -0.00290421 -0.0295588 -9.52422e-05 -0.00163374 0.00213289 0.0126031 0.0224554 0.028336 -0.00439352 -0.0270721 -0.0484265 0.0119083 -0.0131099 0.0351885 0.0395219 0.0429113
internal_weight=4084.25 3815.79 35.1709 27.7217 3780.62 101.016 61.8469 39.1686 28.931 30.7421 21.7751 18.483 32.916 8.96692 18.4983 9.29554 3679.61 2178 1501.61 123.706 78.4774 68.2608 45.2283 19.0154 12.626 26.2129 12.5524 13.6606 46.547 44.9389
internal_count=21342 19791 204 159 19587 521 308 213 147 178 121 105 161 57 96 53 19066 11134 7932 599 389 337 210 91 60 119 58 61 236 210
is_linear=0
shrinkage=0.05


Tree=112
num_leaves=31
num_cat=0
split_feature=21 19 22 23 11 8 13 29 30 21 6 4 20 33 33 21 19 32 33 13 7 23 28 32 22 33 37 14 32 6
split_gain=3.75434 7.22283 6.38217 7.50045 5.97286 6.50459 4.7761 6.87741 8.44105 6.60247 4.39048 4.35555 3.95416 6.39432 5.26091 6.37092 7.56531 3.90066 6.46797 6.76074 7.74795 6.51841 8.24975 5.36948 5.12849 10.4876 8.13733 6.9246 7.23725 6.16257
threshold=-409.49999999999994 -499.49999999999994 29.166666666666668 -81.09999999999998 16425.000000000004 0.24795081967213117 2075.0000000000005 0.42261904761904767 0.19090909090909094 -569.99999999999989 -3.4999999999999996 4.5000000000000009 -405.49999999999994 0.49333333333333362 0.31706349206349221 -237.49999999999997 -204.49999999999997 0.66666666666666963 0.48000000000000015 -21474.999999999996 9.5000000000000018 30.675000000000004 -0.29166666666666657 0.8666666666666728 274.83333333333343 0.63380952380952371 0.16666666666668001 4.5000000000000009 0.71428571428571475 -4.4999999999999991
decision_type=2 2 2 2 2 2 2 2 2 2 2 2 2 2 2 2 2 2 2 2 2 2 2 2 2 2 2 2 2 2
left_child=2 -2 3 4 5 -1 7 8 -6 -9 -11 -8 13 14 -3 -16 -17 -14 -19 20 -20 22 -21 -24 26 27 -23 -26 -29 -28
right_child=1 12 -4 -5 6 -7 11 9 -10 10 -12 -13 17 -15 15 16 -18 18 19 21 -22 24 23 -25 25 -27 29 28 -30 -31
leaf_value=0.037012730224162155 -0.046478311820943488 -0.026513010058898879 0.075417290666375716 -0.042142959638633348 0.050744868489068833 -0.028857708775580498 -0.02873656009300651 0 -0.019692969498422912 0.082953899632940781 0.027734452036281332 0.018643858500066984 -0.0011525694399957085 -0.053150839521643893 0.062948086511127141 -0.069401944596853435 0.017771115168599357 0.023335207015224818 0.1463685652797109 0.0018436541544258203 0.0043656045425680958 -0.05600383557949036 0.029594411003662391 -0.0073163284517887579 0.055584572406573156 -0.0098419929594864165 0.019426729291664439 0.041285671383385208 -0.039382015787064982 -0.0096001470242767784
leaf_weight=4.8435463588684824 8.5318574756383878 15.648219652473925 3.4462185706943265 7.056125843897461 6.5764259323477772 14.972948954440652 8.1935983207076806 5.4301910959184161 11.534830657765268 10.52016218006611 6.1517433486878899 11.559943648055194 3392.518442871049 8.985294556245206 4.6226328164339057 3.2695543970912668 9.3317294735461509 37.766865903511643 1.6323220524936908 201.02864615712315 2.3418901097029448 8.5452346503734571 51.339488665573299 11.891597972251473 14.24442025087774 33.526105005294085 20.499052913859487 5.7000681674107891 5.227119792252779 157.35389149095863
leaf_count=43 95 75 20 35 31 147 36 42 64 50 32 79 17433 53 22 24 42 203 28 1037 32 42 265 68 74 227 118 34 26 865
internal_value=-0.000552491 -0.000781674 0.00952026 0.0067639 0.0111992 -0.0124016 0.0190892 0.0289624 0.00574754 0.0476487 0.0631635 -0.000803038 -0.000681431 -0.0159539 -0.00550444 0.0133364 -0.00482166 -0.000517661 0.00338123 0.00189917 0.0660785 0.00137573 0.00682933 0.0225732 -0.00448428 0.00835147 -0.00855544 0.0327243 0.00223693 -0.00621742
internal_weight=4084.29 3994 90.2857 86.8395 79.7834 19.8165 59.9669 40.2134 18.1113 22.1021 16.6719 19.7535 3985.47 41.8574 32.8721 17.2239 12.6013 3943.62 551.097 513.33 3.97421 509.356 264.26 63.2311 245.096 58.6977 186.398 25.1716 10.9272 177.853
internal_count=21342 20763 579 559 524 190 334 219 95 124 82 115 20668 216 163 88 66 20452 3019 2816 60 2756 1370 333 1386 361 1025 134 60 983
is_linear=0
shrinkage=0.05


Tree=113
num_leaves=31
num_cat=0
split_feature=12 23 28 11 13 31 36 6 8 8 20 35 32 31 19 11 22 19 0 33 29 30 18 0 33 19 45 12 19 32
split_gain=3.70175 6.94696 6.76241 5.55591 5.96836 5.78199 9.41568 9.31669 5.54823 6.71237 6.37556 6.82921 10.0445 6.26024 6.19419 5.5121 5.26419 7.14263 8.13971 6.36265 5.0229 4.91481 11.345 8.1419 7.85363 4.8503 4.6856 4.67917 4.65779 6.23938
threshold=11175.000000000002 316.22500000000008 0.45000000000000007 7675.0000000000009 -19674.999999999996 0.86607142857142871 0.62019230769230782 -2.4999999999999996 0.53671373555840829 0.51071483238940774 -325.49999999999994 0.78888888888888908 0.36666666666666714 0.48529411764705888 -93.499999999999986 31425.000000000004 -128.16666666666666 -104.49999999999999 0.18333333333333338 0.49999999999999983 0.13392857142857145 0.70714285714285718 -0.54999999999999993 0.31666666666666671 0.34694444444444467 162.50000000000003 1.0000000180025095e-35 11475.000000000002 179.50000000000003 0.55000000000001437
decision_type=2 2 2 2 2 2 2 2 2 2 2 2 2 2 2 2 2 2 2 2 2 2 2 2 2 2 2 2 2 2
left_child=1 2 8 5 -5 -2 7 -7 9 10 13 16 14 -1 -13 26 20 19 -19 -18 -12 23 -23 24 -10 -17 28 -6 -4 -30
right_child=3 -3 15 4 27 6 -8 -9 21 -11 11 12 -14 -15 -16 25 17 18 -20 -21 -22 22 -24 -25 -26 -27 -28 -29 29 -31
leaf_value=0.077463536133794045 -0.017328097727990762 0.023865880686990016 -0.0077934025260029518 0.063677936834125329 -0.034678740867106525 -0.0022226010956730275 -0.034442587300838538 0.10140895716825149 -0.071047011227970899 -0.053254642220505702 0.015563637063023201 0.031605427387572958 0.044999927027331355 0.0048774729122758433 -0.047831032453644368 -0.098686757520112744 0.0089260002316397784 0.048460222536507308 -0.014136212224405299 0.072937546342174794 -0.044093605661575642 -0.053369896950126255 0.041674266437580175 0.046107316356369867 0.029869757299893929 -0.017034891676438353 -0.035984971166088918 -0.00073861133343834531 0.010534336732603053 -0.010665465174557373
leaf_weight=5.8704371359199268 88.212924564257264 38.183611548505723 124.03812629915774 3.486362285912036 10.09262754768133 4.1364755164831868 5.1958209462463847 4.2470004400238386 3.1681827250868073 4.7859236467629662 4.6049925088882473 3.9019913524389267 19.147093034349382 6.2541180402040482 6.1006903825327772 2.5105620585381967 13.178257003426554 5.7034682016819707 47.776444924995303 5.5643660575151435 13.137211093679069 5.8270073710009456 6.5625778064131719 27.775115842930973 4.5416703429073095 6.9057479538023472 9.4325207881629449 3427.1350587215275 129.38602965511382 47.124713223427534
leaf_count=29 1301 492 732 23 51 48 75 50 23 33 19 16 115 32 35 14 54 37 324 25 62 38 55 187 41 42 63 15940 943 443
internal_value=-0.000524766 0.00332284 0.00174994 -0.00111437 -0.000772053 -0.012624 0.0174722 0.0502635 0.00939131 0.00418707 0.00635883 0.00278221 0.0237956 0.0407772 -0.0163423 -0.00263564 -0.00398976 0.00195115 -0.00728919 0.0284815 -0.0283289 0.0240342 -0.0026955 0.0334888 -0.0113381 -0.0401385 -0.00146771 -0.000840729 -0.000356171 0.00484328
internal_weight=4083.99 541.481 503.297 3542.51 3440.71 101.792 13.5793 8.38348 183.9 136.025 131.239 119.115 29.1498 12.1246 10.0027 319.398 89.9647 72.2225 53.4799 18.7426 17.7422 47.8746 12.3896 35.485 7.70985 9.41631 309.981 3437.23 300.549 176.511
internal_count=21342 3854 3362 17488 16014 1474 173 98 1125 781 748 687 166 61 51 2237 521 440 361 79 81 344 93 251 64 56 2181 15991 2118 1386
is_linear=0
shrinkage=0.05


Tree=114
num_leaves=31
num_cat=0
split_feature=38 37 8 37 12 20 21 33 19 8 19 8 33 20 23 11 11 36 20 25 19 0 24 32 20 11 21 22 32 30
split_gain=4.47081 9.99951 5.85703 4.29403 4.54849 6.63232 9.8877 7.91592 7.36933 6.27131 5.7618 6.74877 6.19272 5.75621 6.01976 5.60563 5.82009 5.60948 5.10874 11.9192 10.1077 5.80428 4.96101 4.95502 4.71299 7.97509 5.38016 6.21458 5.45498 4.54039
threshold=0.77500000000000158 0.91666666666667618 0.54575358851674649 0.64444444444445348 26825.000000000004 188.50000000000003 -200.49999999999997 0.40666666666666701 290.50000000000006 0.52604449267498654 223.50000000000003 0.58202838267678014 0.49333333333333362 376.50000000000006 495.10000000000008 22625.000000000004 24475.000000000004 0.65833333333333344 -93.499999999999986 -2.4999999999999996 -47.499999999999993 0.71666666666666667 1.5000000000000002 0.46666666666667384 -181.49999999999997 26525.000000000004 10.500000000000002 -234.16666666666666 0.66031746031747052 0.78888888888888908
decision_type=2 2 2 2 2 2 2 2 2 2 2 2 2 2 2 2 2 2 2 2 2 2 2 2 2 2 2 2 2 2
left_child=1 -1 -3 -2 5 10 -7 8 9 -8 24 -12 -13 -10 -15 -9 -17 -18 19 23 -20 -22 -11 -6 25 26 27 28 -5 -19
right_child=3 2 -4 4 18 6 7 15 13 22 11 12 -14 14 -16 16 17 29 20 -21 21 -23 -24 -25 -26 -27 -28 -29 -30 -31
leaf_value=-0.00030621108958153118 -0.057462779448062343 0.0036271945358863269 0.045081998875809152 0.04114802071646087 -0.043285061625264139 0.072804993134627294 -0.039335306220102513 -0.018598104593663022 -0.074757045361121752 -0.013213409404372572 0.038681152481332096 0.0065288762222438131 -0.062423448806008801 0.045670359277764361 -0.04297376065217387 0.075866783479872843 0.054103144993154863 0.010980814441139963 -0.034126489464414739 0.06927729556485332 0.038044041778631806 -0.021495120346795613 0.046356136700595497 0.03139198146432217 -0.029982989301901533 0.053843720890925623 0.038021179675116472 -0.06630200971355657 -0.051773546417453922 -0.038751641155808723
leaf_weight=3779.0251777730882 4.0317064933478823 15.834918126463888 19.133699920028448 3.6758331209421193 5.1851760717108863 4.3654773849993935 6.9366465546190765 14.548383014276622 8.3969450928270835 6.3071306180208904 8.8276679608970898 9.3991239890456182 4.7871180027723303 2.6119976043701154 6.2231906671077013 3.7627566950395694 6.337472701445221 29.041667120531201 15.351700700819491 8.9716935660690051 13.473602440208198 5.6680294610559931 7.3851103559136391 3.6759703569114208 66.746955967508256 4.7052093967795363 3.1217439994215956 6.8275939375162142 2.6086171753704548 5.3301205672323695
leaf_count=19587 22 95 109 24 27 26 36 121 45 30 52 45 23 18 58 32 33 181 74 44 74 31 39 21 363 24 18 39 23 28
internal_value=-0.000498558 -5.82884e-05 0.0265164 -0.00673608 -0.00592184 -0.00919091 1.03083e-05 -0.00328995 -0.0211414 -0.000697958 -0.0176439 0.00442506 -0.016663 -0.0451808 -0.01599 0.00809337 0.0169594 0.0112195 0.00721636 0.0288983 -0.00389966 0.020134 0.0186569 -0.0117434 -0.0234915 -0.002517 -0.0193884 -0.0336193 0.00158719 0.00303359
internal_weight=4082.3 3813.99 34.9686 268.305 264.273 211.947 101.247 96.8814 37.861 20.6289 110.7 23.0139 14.1862 17.2321 8.83519 59.0204 44.472 40.7093 52.3262 17.8328 34.4933 19.1416 13.6922 8.86115 87.686 20.939 16.2338 13.112 6.28445 34.3718
internal_count=21342 19791 204 1551 1529 1258 647 621 226 105 611 120 68 121 76 395 274 242 271 92 179 105 69 48 491 128 104 86 47 209
is_linear=0
shrinkage=0.05


Tree=115
num_leaves=31
num_cat=0
split_feature=46 18 23 10 36 17 14 37 5 12 12 12 13 11 13 18 20 23 11 31 20 38 13 33 8 20 36 13 5 13
split_gain=6.52214 7.671 10.6223 8.33401 7.37177 6.51172 6.45284 6.70681 6.14054 6.00291 7.06402 6.63133 5.5997 5.0262 14.657 4.812 5.86196 6.86452 4.70921 4.55733 4.52985 7.09031 5.89937 5.58105 5.68953 4.60479 6.22784 4.59734 4.59555 7.18772
threshold=1.0000000180025095e-35 -0.77499999999999991 -108.49999999999999 3.5000000000000004 0.9545454545454547 2.8333333333333335 -3.4999999999999996 0.9166666666666714 4.5000000000000009 24525.000000000004 18675.000000000004 27525.000000000004 3975.0000000000005 30825.000000000004 6875.0000000000009 -0.36666666666666664 -165.49999999999997 -34.099999999999994 25625.000000000004 0.48529411764705888 199.50000000000003 0.4333333333333349 -3424.9999999999995 0.37045454545454576 0.81064425770308135 365.50000000000006 0.32051282051282054 1175.0000000000002 3.5000000000000004 -5924.9999999999991
decision_type=2 2 2 2 2 2 2 2 2 2 2 2 2 2 2 2 2 2 2 2 2 2 2 2 2 2 2 2 2 2
left_child=-1 2 8 6 -4 12 19 15 -2 10 -10 -11 -5 -7 -15 16 -8 -18 -13 -3 21 -17 -22 -23 28 27 -27 -24 -25 -30
right_child=1 3 4 5 -6 13 7 -9 9 11 -12 18 -14 14 -16 20 17 -19 -20 -21 22 23 25 24 -26 26 -28 -29 29 -31
leaf_value=-7.9102053953291341e-05 -0.024882178414781766 0.0088946495073464957 -0.0384628576533005 -0.080799803728330011 0.025010056095894431 0.023098113136481559 0.084777042338710612 -0.032550578335134542 0.047889797918010332 0.052603854433697583 -0.041968557187066199 0.036987310823198859 -0.013432056240115826 -0.093451891739623594 0.024020356246733095 -0.0089253450231008315 -0.018961824395018315 0.05746738588530053 -0.026651596575292202 -0.05315391943144137 0.078124179251105708 0.041482852395933086 0 0.045985655972388802 -0.049997928232683508 0.048719913668168115 -0.024270250074018323 0.044568353090286866 -0.048716960749120117 0.018557497441219345
leaf_weight=3781.0457226866856 10.023781094700096 6.5517266839742643 26.907004923559725 4.2714397907257071 5.3351656086742869 18.689681094139818 6.436380464583638 5.6676546037197104 3.0474909693002683 15.402542652562262 6.910901352763176 5.240567170083521 11.540358880534766 4.0893265753984434 7.0683667659759521 27.838736679404974 5.0011153640225539 6.6542859338223908 6.253851380199194 5.106729406863451 5.8039930928498498 22.004273544996977 7.2454023957252494 9.0828477377071959 3.5096579007804385 4.2187574915587893 8.9307709848508221 24.984544756822288 4.945522614754732 18.346476834267385
leaf_count=19807 52 33 138 18 24 110 28 27 15 73 44 28 56 18 35 141 25 32 29 25 31 108 32 53 18 23 47 129 34 99
internal_value=0.000480187 0.00761222 -0.00567465 0.0124582 -0.0277604 -0.00644402 0.0174962 0.0201184 0.00943568 0.0189467 -0.0137701 0.0312512 -0.0323386 0.00716899 -0.0190371 0.0220962 0.0464803 0.0243654 0.00200035 -0.01808 0.018806 0.0116618 0.0306281 0.0216468 0.00926293 0.024285 -0.000284507 0.0344337 0.0159754 0.00391236
internal_weight=4078.16 297.109 79.1213 217.988 32.2422 45.6592 172.329 160.67 46.8791 36.8554 9.95839 26.897 15.8118 29.8474 11.1577 155.003 18.0918 11.6554 11.4944 11.6585 136.911 85.7275 51.1835 57.8888 35.8845 45.3795 13.1495 32.2299 32.3748 23.292
internal_count=21332 1525 403 1122 162 237 885 827 241 189 59 130 74 163 53 800 85 57 57 58 715 453 262 312 204 231 70 161 186 133
is_linear=0
shrinkage=0.05


Tree=116
num_leaves=31
num_cat=0
split_feature=10 20 32 8 8 10 7 37 13 0 11 21 11 6 21 8 32 20 6 17 33 13 37 11 27 32 33 13 21 21
split_gain=5.65258 5.16632 4.94814 6.99307 6.96055 7.86894 5.04985 6.71204 6.24235 5.38485 5.59823 5.01153 6.17583 9.43684 8.94032 5.77519 6.35068 5.57393 6.20583 5.4837 5.35487 7.99035 5.06635 5.00923 5.48244 7.71033 7.08508 9.74244 4.87388 7.30854
threshold=5.5000000000000009 800.50000000000011 0.49743589743590405 0.88748219655008709 0.52966314731020625 6.5000000000000009 43.500000000000007 0.44444444444445486 10875.000000000002 0.45000000000000007 29225.000000000004 410.50000000000006 30975.000000000004 21.500000000000004 173.50000000000003 0.88748219655008709 0.22222222222223428 72.500000000000014 9.5000000000000018 3.1666666666666674 0.40666666666666701 11925.000000000002 0.49444444444445063 31225.000000000004 4.8333333333333348 0.3000000000000021 0.21999999999999997 6275.0000000000009 197.50000000000003 245.50000000000003
decision_type=2 2 2 2 2 2 2 2 2 2 2 2 2 2 2 2 2 2 2 2 2 2 2 2 2 2 2 2 2 2
left_child=28 2 11 4 5 -4 7 -6 9 -8 -11 12 15 14 -14 17 -17 -2 19 -19 21 -16 -18 24 -13 26 -26 -28 -1 -30
right_child=1 -3 3 -5 6 -7 8 -9 -10 10 -12 23 13 -15 20 16 22 18 -20 -21 -22 -23 -24 -25 25 -27 27 -29 29 -31
leaf_value=-0.00018143568870920986 -0.020936170091700797 0.035669872553835032 -0.041934500264724325 0.01169078745438479 -0.050530900112270842 0.036445801510054193 -0.026815236253485 -0.0049224170191299 0.0013459457906186715 -0.13176849397536963 -0.044621606333050873 -0.054099734417032121 -0.079883948841708144 0.053321416257672984 -0.052369701196030433 -0.06431929263598192 0.03680078150188297 0.05452105975458349 0.00028700825658982556 0.014996351317716167 0.025019916011602385 0.022624157574560003 -0.022244151698093868 0.022609894410571412 0.019194429082840705 0.0074497105863397563 -0.12638780600912641 -0.0052866960165626371 0.01136772380720745 0.0015372271433819753
leaf_weight=2753.5630002487451 8.3616189789026958 6.8055175291374317 5.0627143802121273 15.37494560331106 13.284223627299069 8.2652007518336159 4.5593650490045574 21.074616907164454 3.4462054735049596 4.8616908639669401 3.5118114203214645 10.949884695932267 6.0624375492334392 4.1401722505688658 10.595473207533361 4.6793763823807266 6.0533749759197226 17.905396595597267 20.74355360865593 18.196802571415901 6.7939771339297286 5.1385188996791831 8.7394031137227994 6.51153790205717 2.6748706633225101 17.664544203318655 3.8517097160220146 3.0347188897430897 245.42150721605867 829.93130163103342
leaf_count=14182 37 74 31 78 69 60 33 121 49 25 20 52 27 23 47 23 26 83 116 111 30 27 43 43 24 159 26 34 1236 4423
internal_value=0.000456317 -0.00684979 -0.00808277 -0.0183099 -0.0255945 0.0062095 -0.034043 -0.0227967 -0.0570498 -0.0728851 -0.0967675 -0.00303165 0.00235726 -0.0160004 -0.026364 0.0095224 -0.0141825 0.0166886 0.0223378 0.0348338 -0.0114511 -0.0275737 0.00166685 -0.0172756 -0.0242507 -0.0119088 -0.0478981 -0.074576 0.000931664 0.00378628
internal_weight=4077.26 248.344 241.538 79.4408 64.0658 13.3279 50.7379 34.3588 16.3791 12.9329 8.3735 162.097 117.41 32.7306 28.5904 84.6795 19.4722 65.2074 56.8458 36.1022 22.528 15.734 14.7928 44.6873 38.1757 27.2258 9.5613 6.88643 3828.92 1075.35
internal_count=21332 1491 1417 486 408 91 317 190 127 78 45 931 593 154 131 439 92 347 310 194 104 74 69 338 295 243 84 60 19841 5659
is_linear=0
shrinkage=0.05


Tree=117
num_leaves=31
num_cat=0
split_feature=46 18 23 10 22 36 37 32 23 14 29 8 33 29 18 10 22 38 12 34 6 19 11 19 35 38 35 27 21 32
split_gain=5.91406 6.9347 9.63223 7.47613 8.9137 6.70002 6.10965 5.81112 5.83081 5.74377 7.03934 5.6939 5.31499 4.77852 4.64014 4.62759 6.46105 4.44635 4.43258 8.47698 8.11643 8.47021 8.81267 7.91611 9.67036 11.0176 10.6659 6.5774 6.76544 6.49743
threshold=1.0000000180025095e-35 -0.77499999999999991 -108.49999999999999 3.5000000000000004 188.16666666666671 0.9545454545454547 0.85714285714285776 0.33333333333334036 225.67500000000004 -3.4999999999999996 0.24038461538461542 0.47092630155510484 0.59411255411255393 0.68333333333333346 -0.36666666666666664 -2.4999999999999996 -217.83333333333329 0.43333333333333446 27175.000000000004 0.39444444444444454 -7.4999999999999991 471.50000000000006 27725.000000000004 199.50000000000003 0.39444444444444454 0.34761904761904855 0.48333333333333339 -4.1666666666666652 -399.49999999999994 0.20000000000000009
decision_type=2 2 2 2 2 2 2 2 2 2 2 2 2 2 2 2 2 2 2 2 2 2 2 2 2 2 2 2 2 2
left_child=18 2 11 6 -5 -4 9 8 -6 10 -3 12 15 17 -11 16 -2 -9 27 20 -20 22 23 24 25 -22 -26 28 -1 -28
right_child=1 3 5 4 7 -7 -8 13 -10 14 -12 -13 -14 -15 -16 -17 -18 -19 19 -21 21 -23 -24 -25 26 -27 29 -29 -30 -31
leaf_value=-0.0036867258552297777 -0.029743497104499236 0.016682285435356332 -0.036748696561344656 -0.055512091323630323 -0.073527984556327017 0.023707068400953032 -0.020661638758443669 0.062519032476804737 0.00030476857356327177 0.045916173494165491 -0.062881524094262939 0.040401511213450897 0.032710504623137418 -0.033104634051717145 0.01832305689704956 -0.042751815918629393 0.028821613524301973 0.011794961177570158 0.014819473345993962 0.0060582759969533516 0.0066777608532040322 0.058445712717657486 -0.021099462219756698 0.059174532775380886 0.044854222875130571 -0.043578759785717222 0.030798606783422562 -0.00076740829761734887 -0.045186777849762175 -0.01245639837175117
leaf_weight=24.130381894297898 8.5659104790538532 6.7540592551231367 26.778362918645144 7.5102803707122794 4.0333276838064176 5.3476200550794593 10.124760098755358 5.9183784723281923 7.1957459785044193 17.549153967760503 4.5195581167936325 10.93229025416076 8.8519730037078244 3.9621680397540322 132.8323422819376 8.2318232282996195 10.188664369285108 16.875597739592195 44.238819301128387 640.35487727727741 19.072942450642586 4.4860789179801932 97.930824104696512 5.1732664741575709 15.416081383824347 24.831664342433214 11.097806710749863 2839.0903333146125 16.831369205377996 38.268807265907526
leaf_count=207 45 32 138 34 18 24 49 33 37 83 24 61 50 22 697 40 45 93 222 3141 97 32 427 25 70 128 49 15077 143 189
internal_value=0.000433907 0.0072369 -0.00541127 0.0118531 -0.00607826 -0.0264879 0.016632 0.00368441 -0.0261885 0.01901 -0.0150474 0.00898484 -0.000545255 0.0164585 0.0216047 -0.0117188 0.00179168 0.0253992 -9.78486e-05 0.00296153 -0.00463055 -0.00863711 -0.0101085 -0.000601209 -0.00354414 -0.0216672 0.00867568 -0.00105662 -0.0209296 -0.00258882
internal_weight=4077.1 296.172 78.8966 217.275 45.4955 32.126 171.78 37.9852 11.2291 161.655 11.2736 46.7707 35.8384 26.7561 150.381 26.9864 18.7546 22.794 3780.92 900.871 260.516 216.277 211.791 113.861 108.687 43.9046 64.7827 2880.05 40.9618 49.3666
internal_count=21332 1525 403 1122 237 162 885 203 55 836 56 241 180 148 780 130 90 126 19807 4380 1239 1017 985 558 533 225 308 15427 350 238
is_linear=0
shrinkage=0.05


Tree=118
num_leaves=31
num_cat=0
split_feature=46 13 11 10 32 21 22 37 20 33 35 32 30 31 11 38 16 8 20 15 33 12 31 38 0 20 32 23 24 22
split_gain=5.34837 6.47767 7.36993 7.35416 6.19764 6.67303 6.14303 6.09889 6.17422 8.58428 6.87385 10.146 5.31558 5.72208 5.23509 4.95729 4.86576 5.33197 7.52416 4.8734 5.23519 6.29404 5.00051 4.50033 6.75231 4.47843 4.41393 4.17469 4.153 8.8456
threshold=1.0000000180025095e-35 20575.000000000004 32175.000000000004 3.5000000000000004 0.3333333333333417 312.50000000000006 188.16666666666671 0.85714285714285776 216.50000000000003 0.38020979020979034 0.69375000000000009 0.2000000000000062 0.13392857142857145 0.39444444444444454 23475.000000000004 0.72041666666666793 4.5000000000000009 0.46644144144144151 135.50000000000003 -4.4999999999999991 0.54833333333333378 24575.000000000004 0.5634920634920636 0.56666666666666876 0.2166666666666667 84.500000000000014 0.60000000000000442 132.67500000000004 -1.4999999999999998 -11.166666666666666
decision_type=2 2 2 2 2 2 2 2 2 2 2 2 2 2 2 2 2 2 2 2 2 2 2 2 2 2 2 2 2 2
left_child=-1 2 3 7 5 -5 -6 8 10 12 16 -12 -10 27 -11 23 17 -2 19 -19 22 -22 25 28 -25 -21 -8 -14 -13 -30
right_child=1 -3 -4 4 6 -7 26 -9 9 14 11 15 13 -15 -16 -17 -18 18 -20 20 21 -23 -24 24 -26 -27 -28 -29 29 -31
leaf_value=-9.29131557397184e-05 -0.0091796166889933171 0.043236786017592586 0.052375217643453501 -0.087137408435669708 -0.048034219598553418 -0.0057397483977648933 0.019696029586944153 -0.02956931419144522 0.045001346846522364 0.074286916374658257 0.080950499867585804 -0.023869762682107658 -0.0065585610992591374 0.025572372753275292 0.027532237235651527 -0.027295754072215378 -0.053210949700079772 -0.033232109259919755 -0.036584646744092286 0.033259534521342955 0.014067113376268313 0.091612296303880847 -0.019569024027432901 -0.018101707291552662 0.057992728113373339 -0.021226172394436908 -0.03688874091353618 -0.072443523322182041 0.073387025303174078 -0.014989631118685382
leaf_weight=3780.6737473038957 67.247864254750311 11.708770861849187 8.0143200010061246 5.4126062244176847 6.051235273480418 4.9205140918493271 17.484335935674611 10.593413837254046 4.5729729570448425 8.4374989606440085 6.026490004733204 8.1038152147084457 5.2964590545743686 5.2240190319716922 23.158634196966887 6.6454968433827153 4.2919847760349503 4.0250458493828765 6.9460428562015286 22.385125133208934 5.4321817532181722 5.3759890049695969 8.4295155592262727 3.6973552368581286 11.720603302121161 4.3424664288759223 4.148663353174924 4.6431022584438324 4.824950929731127 6.4367374107241684
leaf_count=19807 330 127 35 24 26 24 93 51 21 46 28 40 24 24 105 36 23 24 36 115 30 25 41 21 60 20 21 24 23 28
internal_value=0.000412284 0.00688847 0.00535701 0.0039545 -0.0163974 -0.0492825 -0.00380993 0.00723394 0.00898368 0.0242458 0.00449092 0.0207381 -0.00138946 -0.0159106 0.0403704 0.0116851 -0.00148291 0.000306034 0.0115937 0.0184475 0.0231438 0.0535827 0.0135188 0.0193327 0.0394234 0.0241747 0.00849463 -0.0382487 0.00296016 0.022747
internal_weight=4076.27 295.598 283.889 275.875 38.0174 10.3331 27.6842 237.858 227.264 51.3327 175.932 47.4554 19.7366 15.1636 31.5961 41.429 128.476 124.184 56.9364 49.9903 45.9653 10.8082 35.1571 34.7835 15.418 26.7276 21.633 9.93956 19.3655 11.2617
internal_count=21332 1525 1398 1363 188 48 140 1175 1124 244 880 236 93 72 151 208 644 621 291 255 231 55 176 172 81 135 114 48 91 51
is_linear=0
shrinkage=0.05


Tree=119
num_leaves=31
num_cat=0
split_feature=10 46 18 5 12 38 44 19 12 18 21 32 29 12 18 29 19 32 12 20 25 22 11 37 12 10 0 4 19 6
split_gain=4.95936 5.64487 7.62843 6.29645 5.86692 5.68326 5.33875 8.80015 7.67039 7.98639 7.28366 8.23677 6.95488 7.52109 6.08079 7.21922 6.70076 6.46636 6.22312 6.04703 8.18101 7.75572 5.98271 5.73515 6.17485 6.50889 5.41909 6.55684 5.35226 5.34229
threshold=5.5000000000000009 1.0000000180025095e-35 -0.77499999999999991 4.5000000000000009 24525.000000000004 0.89333333333333409 1.0000000180025095e-35 -272.49999999999994 28275.000000000004 -1.8999999999999997 95.500000000000014 0.93333333333333435 0.55050505050505061 21325.000000000004 1.9000000000000001 0.97058823529411775 119.50000000000001 0.2444444444444481 24325.000000000004 -125.49999999999999 -2.4999999999999996 16.166666666666668 8275.0000000000018 0.16666666666667626 4375.0000000000009 -3.4999999999999996 0.61666666666666681 9.5000000000000018 -422.49999999999994 -11.499999999999998
decision_type=2 2 2 2 2 2 2 2 2 2 2 2 2 2 2 2 2 2 2 2 2 2 2 2 2 2 2 2 2 2
left_child=1 6 3 -3 -5 -4 10 19 9 12 14 28 13 -9 -1 16 18 -18 -16 20 29 22 -21 -11 -25 -26 27 -19 -12 -8
right_child=-2 2 5 4 -6 -7 7 8 -10 23 11 -13 -14 -15 15 -17 17 26 -20 21 -22 -23 -24 24 25 -27 -28 -29 -30 -31
leaf_value=-0.0018390376695150139 -0.0064518828686554999 -0.031288422538876419 0.014208124518976318 -0.021633093030807616 0.01237009685093479 -0.04303111735531169 0.071945358332624151 0.032580101270420249 0.049610182191245765 0.027352518437234366 -0.039961248951457973 0.065894489816688648 0.015289938489703433 -0.042655221857875458 -0.014755303926078196 -0.07451074472854495 0.040650222330601372 -0.0090073358225268105 -0.070292196189763609 -0.0084048691455138724 -0.043786450521227843 -0.0069441988862767373 0.069647154135484599 0.033935290360311884 0.024046508103656661 -0.0002886147164709207 -0.03861753852568673 0.040684828483831738 0.0025223342170266707 0.01102354549276326
leaf_weight=1693.7324733445421 248.32597570214421 18.041936457157135 194.5304266968742 17.891079029999673 42.69782580062747 4.2994845882058135 4.2087970711290863 3.6810569204390076 8.4437002018094045 23.995051190257072 7.350002775900065 5.0114496191963545 10.038494549691675 24.819956164807081 14.058437919244172 4.6807172745466223 7.1190082151442757 50.260852857492864 8.1163459122180921 2.7477616528049174 5.876738957129418 5.9422723054885855 15.79466340690851 14.858745150268076 29.241359699517488 427.31026428379118 12.567773563787339 7.5335002914071074 1137.9663767144084 24.391018081456423
leaf_count=8700 1491 94 1006 105 204 21 28 22 43 119 58 29 54 136 79 33 33 269 40 22 32 30 70 222 146 2104 61 51 5869 161
internal_value=0.000391685 0.000837189 0.00770497 -0.0054289 0.00222793 0.0129242 0.000298769 0.00459287 0.0025862 0.00182406 -0.000575479 0.00252922 -0.020051 -0.0326834 -0.00256455 -0.0142811 -0.0113302 -0.00430251 -0.0355315 0.0229321 0.00920495 0.0419417 0.0578295 0.0035396 0.00231136 0.00126398 -0.00897287 -0.00238451 0.00224187 0.0203826
internal_weight=4075.53 3827.21 277.461 78.6308 60.5889 198.83 3549.75 601.35 542.389 533.945 2948.4 1150.33 38.5395 28.501 1798.07 104.337 99.6559 77.4811 22.1748 58.9613 34.4766 24.4847 18.5424 495.405 471.41 456.552 70.3621 57.7944 1145.32 28.5998
internal_count=21332 19841 1430 403 309 1027 18411 3189 2846 2803 15222 5956 212 158 9266 566 533 414 119 343 221 122 92 2591 2472 2250 381 320 5927 189
is_linear=0
shrinkage=0.05


Tree=120
num_leaves=31
num_cat=0
split_feature=11 35 11 12 12 38 11 21 22 28 21 4 20 23 0 8 35 38 12 28 38 11 11 20 26 4 12 38 20 44
split_gain=3.76672 7.09652 10.8556 9.97381 7.08529 6.48408 6.33216 8.50121 10.0546 9.28887 7.33895 6.8036 7.61671 8.78025 6.51205 6.76102 6.43027 11.6387 18.3016 9.34407 9.17683 8.55225 7.66566 10.1624 13.9058 7.60803 7.48152 7.90543 7.27512 7.15863
threshold=29625.000000000004 0.21111111111111114 29725.000000000004 27375.000000000004 28475.000000000004 0.93333333333333479 28825.000000000004 472.50000000000006 293.16666666666669 3.1000000000000005 188.50000000000003 35.500000000000007 -78.499999999999986 650.20000000000016 0.58333333333333337 0.5143682906688688 0.39444444444444454 0.3750000000000005 25525.000000000004 1.7750000000000001 0.30000000000000188 28425.000000000004 28425.000000000004 188.50000000000003 -1.0000000180025095e-35 19.500000000000004 15725.000000000002 0.6580555555555565 5.5000000000000009 1.0000000180025095e-35
decision_type=2 2 2 2 2 2 2 2 2 2 2 2 2 2 2 2 2 2 2 2 2 2 2 2 2 2 2 2 2 2
left_child=6 -2 3 -3 5 -4 11 8 9 -8 -11 16 14 -14 15 -13 17 18 20 28 -1 29 -19 24 -24 26 27 -23 -20 -18
right_child=1 2 4 -5 -6 -7 7 -9 -10 10 -12 12 13 -15 -16 -17 21 22 19 -21 -22 25 23 -25 -26 -27 -28 -29 -30 -31
leaf_value=0.006145647506432643 0.0044409402547256217 -0.037189373921309998 -0.0029636465015811823 0.040018968661255178 -0.039636018139646505 0.057380690614595047 0.0081198206025050509 -0.028335133687028266 0.038435619923284529 -0.093594590398746735 -0.0090142906271511846 0.029559371821914718 -0.019625204638836366 0.036117920694809867 0.020395470789782984 -0.032929187888203135 0.0021902910181454457 -0.0096047270966565339 -0.015610270575217636 -0.050139683576424426 0.030393208447350391 -0.072334824640573878 0.02429035773818293 0.04818166008893672 -0.061328114588499329 -0.062013853446966451 -0.002458233579360208 0.018849713167066719 0.014434230057111131 0.011274491166139376
leaf_weight=99.919143369421363 288.9507694542408 39.089145762845874 683.83689124509692 4.5394206196069709 13.060431864112614 4.3737932238727799 328.6023831712082 15.875838325358925 26.626424049958587 3.7507996261119834 8.2297241576015931 5.8852808028459576 112.8412552177906 7.3859911579638711 32.800443060696125 15.116312977857886 1406.1185750346631 420.29932198207825 58.459547819569707 13.309725331142543 64.717521831393242 7.976923977956174 12.608351228758691 13.687842870131133 7.4417254440486458 6.7784949503839007 87.623604282736778 3.2085599564015865 30.48971489444375 256.94385764654726
leaf_count=519 1380 199 3392 21 59 30 1551 115 161 17 46 51 840 90 239 130 7462 2124 301 74 342 54 55 68 32 40 375 29 140 1378
internal_value=0.000405639 -0.00220026 -0.00478338 -0.0289686 -0.00326769 -0.00256459 0.0012916 0.00730214 0.00886378 0.00652661 -0.0364637 0.000425031 -0.00912676 -0.016132 0.00643538 -0.015124 0.00109508 -0.0028814 0.00539239 -0.0111856 0.0157202 0.00271886 -0.00775609 0.0150864 -0.00738605 -0.0110617 -0.00745657 -0.0458002 -0.00525093 0.0035974
internal_weight=4080.55 1033.85 744.9 43.6286 701.271 688.211 3046.7 383.085 367.209 340.583 11.9805 2663.61 174.029 120.227 53.802 21.0016 2489.58 720.933 266.896 102.259 164.637 1768.65 454.037 33.7379 20.0501 105.588 98.8091 11.1855 88.9493 1663.06
internal_count=21314 5081 3701 220 3481 3422 16233 1890 1775 1614 63 14343 1350 930 420 181 12993 3655 1376 515 861 9338 2279 155 87 498 458 83 441 8840
is_linear=0
shrinkage=0.05


Tree=121
num_leaves=31
num_cat=0
split_feature=30 38 32 18 23 0 11 19 8 37 32 39 18 0 13 37 19 13 34 37 20 11 23 37 32 37 37 20 28 31
split_gain=4.44341 4.8047 4.43069 6.25315 8.09155 6.87427 8.30069 6.99887 5.52916 9.71423 7.56202 7.27112 7.11543 13.1792 6.83825 6.79636 6.08386 5.97744 8.94888 5.94806 5.49405 5.38135 5.26359 5.03142 4.8106 4.67191 5.27002 4.57374 7.53956 6.56446
threshold=0.97058823529411775 0.2000000000000004 0.83333333333334425 1.9000000000000001 99.225000000000009 0.51666666666666672 27575.000000000004 -20.499999999999996 0.24795081967213117 0.60000000000000953 0.75000000000000633 1.0000000180025095e-35 -1.0999999999999999 0.68333333333333346 3675.0000000000005 0.9166666666666714 -282.49999999999994 475.00000000000006 0.19090909090909094 0.30555555555556396 96.500000000000014 6575.0000000000009 79.675000000000011 0.59444444444445421 0.97222222222222798 0.50000000000001343 0.53333333333334421 -69.499999999999986 -1.4499999999999997 0.39444444444444454
decision_type=2 2 2 2 2 2 2 2 2 2 2 2 2 2 2 2 2 2 2 2 2 2 2 2 2 2 2 2 2 2
left_child=-1 -2 8 4 5 7 -7 24 9 11 21 25 13 14 16 19 -10 18 -18 -14 -9 -11 -17 -16 -4 27 -27 28 -3 -30
right_child=1 2 3 -5 -6 6 -8 20 12 10 -12 -13 15 -15 23 22 17 -19 -20 -21 -22 -23 -24 -25 -26 26 -28 -29 29 -31
leaf_value=-0.00024486243418672345 -0.029459285064775562 0.0063567519378279662 -0.053322573068155535 0.035552879134674385 -0.067845140080702665 0.040812263798056497 -0.021301656765471296 0.035608150789648865 0.0038526549701469641 -0.049795684589459842 0.090436672863528356 -0.039565756331723802 -0.0096259211172371132 0.037986817917103441 0.058613813611289312 -0.070876795652191404 0.050756367590272557 -0.059761212294933225 -0.029408232995755759 0.013526513149624268 -0.031668755152430166 0.033983110752016092 0 -0.012107050977444203 -0.013948462583049241 -0.053700767429032806 0.011351827832830619 -0.019575960586577238 0.03309011877356479 0.11491244998149966
leaf_weight=3558.5468059834093 9.9550796616822463 12.711397945880892 11.607213901355861 8.4844299806281906 5.4068445451557627 14.412465279921891 8.350379314273594 9.6808844236657006 15.976207509636877 1.9280118094757224 5.9416604153811923 7.719796027056872 31.570542717352509 13.086761053651569 4.7604638915508968 4.4630937837064248 3.8233954310417166 13.474501971155403 28.951407621614635 212.56349832192063 4.241277363151311 27.229489982128143 5.8930042386054993 4.9647157602012157 24.913036740384996 4.6658095978200427 8.6833406686782819 4.7448448836803463 7.2502983948215824 3.9307644851505756
leaf_count=18646 47 68 66 50 33 70 40 50 83 30 32 36 153 64 21 21 17 57 156 1066 21 124 28 24 158 25 50 20 39 19
internal_value=0.000385452 0.00469627 0.00537652 -0.0048567 -0.00932117 -0.0048438 0.017814 -0.0151824 0.00748938 0.0189214 0.0390391 0.00456543 0.00461449 -0.00786976 -0.0163209 0.00880717 -0.0224548 -0.0316389 -0.0197785 0.0105093 0.0146765 0.0281212 -0.030558 0.0222461 -0.0267107 0.0128731 -0.0112439 0.0242891 0.033254 0.0630621
internal_weight=4079.93 521.385 511.43 87.0965 78.6121 73.2053 22.7628 50.4424 424.333 84.8054 35.0992 49.7063 339.528 85.0375 71.9507 254.49 62.2255 46.2493 32.7748 244.134 13.9222 29.1575 10.3561 9.72518 36.5203 41.9865 13.3492 28.6373 23.8925 11.1811
internal_count=21314 2668 2621 488 438 405 110 295 2133 443 186 257 1690 422 358 1268 313 230 173 1219 71 154 49 45 224 221 75 146 126 58
is_linear=0
shrinkage=0.05


Tree=122
num_leaves=31
num_cat=0
split_feature=30 10 0 29 38 2 13 7 38 6 8 8 32 21 32 32 19 10 38 11 17 19 22 20 19 38 26 20 11 20
split_gain=4.00756 5.06682 6.30889 6.25201 5.11249 3.92993 3.8772 7.21546 7.94768 7.88281 6.13815 5.09247 7.46649 9.66897 4.82973 7.04214 12.7618 13.9255 7.04052 5.88432 5.03727 5.04866 4.7895 4.66929 9.96138 7.89747 7.2699 5.76609 6.04138 5.76447
threshold=0.97058823529411775 -8.4999999999999982 0.8500000000000002 0.39444444444444454 0.2000000000000004 1.0000000180025095e-35 4375.0000000000009 21.500000000000004 0.71045454545454723 -2.4999999999999996 0.56113296616837149 0.24795081967213117 0.83333333333334425 -123.49999999999999 0.6444444444444476 0.55000000000000149 263.50000000000006 1.5000000000000002 0.4333333333333349 23075.000000000004 1.5833333333333337 297.50000000000006 -98.833333333333329 -219.49999999999997 -272.49999999999994 0.32031746031746183 -3.4999999999999996 -210.49999999999997 26375.000000000004 -24.499999999999996
decision_type=2 2 2 2 2 2 2 2 2 2 2 2 2 2 2 2 2 2 2 2 2 2 2 2 2 2 2 2 2 2
left_child=-1 5 4 -4 -3 -2 11 8 14 -10 -11 12 -6 -14 15 16 -8 -18 19 -16 -20 -22 -15 24 -13 -26 -27 -25 -29 -30
right_child=1 2 3 -5 6 -7 7 -9 9 10 -12 23 13 22 18 -17 17 -19 20 -21 21 -23 -24 27 25 26 -28 28 29 -31
leaf_value=-0.00023261902023435371 -0.069896157185791799 -0.031427975598576977 0 0.073690278383479524 0.019852705084283013 -0.0025605601570362854 0.041152854188293071 -0.03141717698941339 0.044359543736057314 -0.074965008080078541 -0.00084850606214155401 0.017145331609200058 0.034468388094284159 -0.051417139931732664 0.049585345946915188 0.059422560868682341 -0.10151478026673899 0.032770234342956409 0.033640264172917225 -0.029349855312659642 -0.046410724249794158 0.032963631794191865 0.011066531739585665 0.056565089410339567 0.040652346928800105 0.013178707455951975 -0.03471155844891733 0.0068789240115512728 -0.00022908272542085254 -0.037753808100328919
leaf_weight=3558.5562815638259 3.8646442173048836 9.6969791855663043 5.021960895508526 6.4809035509824753 75.364441864192486 5.155732374638319 16.92675483040512 8.3509825449436885 3.7605550140142432 5.5665234345942718 5.788119925186038 22.805512246675789 7.2020679973065862 11.496781138703227 2.7262645941227701 16.971860134974122 3.8815203309059134 3.5997409950941801 28.494508364237845 13.493667462840675 4.4158868547528973 3.4498735796660185 3.9623625725507727 4.8544935770332804 4.5770219322293988 9.3098495602607709 46.865531246177852 142.7066603936255 27.908512156456709 16.314586326479912
leaf_count=18646 23 46 24 31 399 31 80 57 16 28 31 129 34 73 15 91 18 24 144 73 30 24 24 25 23 47 235 712 115 66
internal_value=0.00036573 0.00446134 0.00512687 0.0416275 0.00426983 -0.0324078 0.00499159 0.0129222 0.0163884 -0.0169919 -0.0379573 0.00248118 0.0122654 -0.0127246 0.0218237 0.0346484 0.0170458 -0.0366617 0.0115893 -0.0155534 0.023844 -0.0109932 -0.0351123 -0.000987156 -0.0108583 -0.0214635 -0.0266766 0.00329093 0.00185119 -0.0142393
internal_weight=4079.57 521.014 511.994 11.5029 500.491 9.02038 490.794 117.426 109.075 15.1152 11.3546 373.368 98.0257 22.6612 93.9601 41.3799 24.408 7.48126 52.5802 16.2199 36.3603 7.86576 15.4591 275.342 83.5579 60.7524 56.1754 191.784 186.93 44.2231
internal_count=21314 2668 2614 55 2559 54 2513 631 574 75 59 1882 530 131 499 213 122 42 286 88 198 54 97 1352 434 305 282 918 893 181
is_linear=0
shrinkage=0.05


Tree=123
num_leaves=31
num_cat=0
split_feature=30 10 7 38 12 33 33 22 23 22 6 22 19 13 37 11 32 20 25 11 6 32 43 38 13 13 21 13 12 38
split_gain=3.62329 4.6416 5.88888 6.01383 5.82333 12.2686 10.3157 7.26684 7.02467 6.11017 5.74513 8.11486 7.75526 7.22641 6.13378 6.3192 7.89655 5.70225 8.47386 6.72527 5.99277 5.51786 5.53437 6.82219 6.63067 5.40946 5.09701 4.85759 4.79009 4.70451
threshold=0.97058823529411775 -8.4999999999999982 55.500000000000007 0.2000000000000004 22075.000000000004 0.5062179487179489 0.31024475524475548 172.41666666666671 -271.54999999999995 135.41666666666671 -2.4999999999999996 -135.83333333333329 297.50000000000006 3675.0000000000005 0.25000000000000666 4275.0000000000009 0.73333333333334394 -270.49999999999994 -3.4999999999999996 23275.000000000004 -7.4999999999999991 0.80555555555556968 1.0000000180025095e-35 0.67041666666666788 -1724.9999999999998 -17224.999999999996 123.50000000000001 2025.0000000000002 27775.000000000004 0.34008547008547174
decision_type=2 2 2 2 2 2 2 2 2 2 2 2 2 2 2 2 2 2 2 2 2 2 2 2 2 2 2 2 2 2
left_child=-1 -2 3 -3 5 6 -5 9 -6 27 12 21 13 17 -13 16 -16 19 -19 25 -20 22 23 24 -12 -10 -4 -7 -22 -29
right_child=1 2 26 4 8 7 -8 -9 10 -11 11 14 -14 -15 15 -17 -18 18 20 -21 28 -23 -24 -25 -26 -27 -28 29 -30 -31
leaf_value=-0.00022098780490544171 -0.031269407295298327 -0.035329064864039687 0.020044613584304653 -0.030775362612922637 0.054442298461864103 -0.016362088395058202 0.037861931774910713 0.028752102571535217 0.047109495206119269 -0.05649563673176488 -0.013368398097418617 -0.033642865883338834 -0.037554500622526271 0.045891597256230543 -0.00099419291347459574 0.0019724453019700681 0.18893956533394454 -0.04393905115944307 0.037073180816284836 0.044870783642937326 0.0042376544325360256 -0.051109294333830303 -0.053113743776837911 -0.059891050782170246 0.041975180932753924 -0.024823195663645582 0.09507576531112695 -0.03888419428853776 -0.040446138736001523 0.014084016419965468
leaf_weight=3558.565221555531 8.905525039881466 9.4110250575467926 10.266173841431735 5.9516139384359112 5.9080271888524285 30.677096523344517 52.665132600814104 20.596014738082886 3.6268685869872597 5.1579286120831958 13.225433962419631 12.11050349101424 8.6705001220107061 13.208219081163405 1.0623243190348137 125.55336181819439 0.92435913253575552 9.6065816506743413 12.555246327072373 17.835696160793304 52.773554911836989 13.309097584336994 6.6517725698649874 4.2063831053674212 8.938595652580263 8.5861929953098279 2.9469253849238148 4.4957516789436331 6.6601053774356833 44.074954300187528
leaf_count=18646 54 44 75 30 36 200 287 134 31 29 79 52 36 55 29 558 15 46 59 73 232 71 34 25 37 45 16 24 30 232
internal_value=0.000347668 0.00424391 0.00487779 0.00398915 0.00476309 0.012457 0.0307672 0.00216823 0.000876596 -0.00428573 -0.000114978 -0.00581015 0.00777872 0.0109945 0.000174843 0.003449 0.0898011 0.00678382 -2.06628e-05 0.0253656 0.0058235 -0.0239192 -0.0126884 -0.00214038 0.00881498 -0.00284642 0.0377429 -0.000757663 -0.00074513 0.00900868
internal_weight=4079.13 520.561 511.655 498.442 489.031 163.618 58.6167 105.002 325.413 84.4057 319.505 185.982 133.523 124.852 139.651 127.54 1.98668 111.644 81.5955 30.0488 71.9889 46.3313 33.0222 26.3704 22.164 12.2131 13.2131 79.2478 59.4337 48.5707
internal_count=21314 2668 2614 2523 2479 936 317 619 1543 485 1507 900 607 571 654 602 44 516 367 149 321 246 175 141 116 76 91 456 262 256
is_linear=0
shrinkage=0.05


Tree=124
num_leaves=31
num_cat=0
split_feature=11 8 29 5 22 11 30 31 11 20 35 8 20 5 17 18 20 38 20 5 4 26 20 29 8 28 37 20 11 33
split_gain=3.53227 3.97982 5.27588 5.20798 5.67497 3.54341 6.63909 9.43241 7.32601 7.82955 6.51284 8.0042 10.1578 9.05943 8.7967 7.63296 7.50878 8.05321 7.16465 10.6973 6.82249 6.54295 8.32633 7.44526 6.40459 17.5506 6.50338 6.24945 6.64522 6.18973
threshold=2025.0000000000002 0.48582903040734371 0.64583333333333337 4.5000000000000009 2.5000000000000004 29625.000000000004 0.43650793650793657 0.64583333333333337 31125.000000000004 -87.499999999999986 0.21111111111111114 0.42136968928344964 105.50000000000001 13.500000000000002 1.0000000180025095e-35 -0.44999999999999996 24.500000000000004 0.30717948717948806 245.50000000000003 8.5000000000000018 3.5000000000000004 1.5000000000000002 67.500000000000014 0.48529411764705888 0.71330724070450102 2.3666666666666671 0.75555555555556619 197.50000000000003 31225.000000000004 0.44444444444444459
decision_type=2 2 2 2 2 2 2 2 2 2 2 2 2 2 2 2 2 2 2 2 2 2 2 2 2 2 2 2 2 2
left_child=1 2 -1 -4 -5 -2 7 8 9 -7 20 12 15 14 -13 -12 -16 -18 19 -19 -11 22 -22 -24 25 26 29 28 -10 -9
right_child=5 -3 3 4 -6 6 -8 24 27 10 11 13 -14 -15 16 -17 17 18 -20 -21 21 -23 23 -25 -26 -27 -28 -29 -30 -31
leaf_value=-0.038973350338223162 0.0012809568354585665 -0.052282091740467933 0.13941647727070067 -0.046741529593262221 0.10390448740252752 -0.021832990308584078 0.0032269914735861896 0.007748099598210139 0.06429779363841627 0.04345600075079508 -0.051328034506713374 -0.062744654023976817 -0.053261048820752679 0.016048788903558247 0.038164537244470907 0.021557751395774146 0.03333128197337909 -0.015818564909135076 0.00056369344329739812 -0.072837765874806767 0.028976056349446562 0.012186504870316093 -0.012655104700732368 -0.076868822994020355 -0.00054417432674520232 -0.088394948033794524 -0.060474563834811063 -0.0027151899773485179 0.012053114374780573 -0.027239722142927431
leaf_weight=3.8496400695294124 3030.6375743877143 6.6733514284715056 0.93752937950193915 1.687522826716304 0.85649786796420802 67.186472970992327 372.02081139478832 23.955726342275739 6.6568218618631354 11.566637836396692 5.0506448000669506 7.3241307977586976 19.86889111623168 44.594598514959216 8.5834210719913226 11.763609580695627 9.8731034733355028 60.321952356025577 52.576380893588066 9.5431674253195506 7.3143103420734432 60.115910613909364 15.456918889656665 6.4635960869491091 31.553530436009169 10.150372831150888 7.4660766497254363 88.697965549305081 69.38418972119689 26.201298858970404
leaf_count=123 15765 242 22 57 24 317 1847 106 31 52 22 36 111 303 41 58 44 271 253 42 34 297 75 30 143 49 35 438 320 126
internal_value=0.000329837 -0.0246427 0.000208695 0.0448079 0.00409712 0.00041772 -0.00210821 -0.0051155 -0.00259469 -0.00627405 -0.00308954 -0.00775428 -0.0291488 -0.00364508 -0.00961078 -0.000214005 -0.00677078 -0.00975018 -0.0132892 -0.0237715 0.00746638 0.00270818 -0.0165869 -0.0320796 -0.0193199 -0.027974 -0.0171094 0.00625366 0.0167709 -0.0104474
internal_weight=4078.33 14.0045 7.33119 3.48155 2.54402 4064.33 1033.69 661.67 562.343 397.604 330.417 229.5 36.6831 192.817 148.222 16.8143 140.898 132.315 122.442 69.8651 100.917 89.3507 29.2348 21.9205 99.327 67.7735 57.6231 164.739 76.041 50.157
internal_count=21314 468 226 103 81 20846 5081 3234 2775 1986 1669 1181 191 990 687 80 651 610 566 313 488 436 139 105 459 316 267 789 351 232
is_linear=0
shrinkage=0.05


Tree=125
num_leaves=31
num_cat=0
split_feature=12 44 12 38 21 34 35 12 33 6 13 14 11 4 11 11 13 18 33 37 13 8 38 32 37 14 13 32 29 38
split_gain=4.15732 3.98181 9.31247 9.69427 8.45765 10.7727 10.1951 9.64383 6.92678 6.88066 9.42415 7.79789 7.77296 10.2408 7.83141 7.58184 6.77195 7.31869 7.76701 6.38777 6.34058 6.31795 9.69367 6.11453 5.96728 6.30551 5.93454 6.87204 5.78817 5.72663
threshold=1475.0000000000002 1.0000000180025095e-35 27975.000000000004 0.49333333333333496 -63.499999999999993 0.19090909090909094 0.9545454545454547 12775.000000000002 0.47067873303167435 -2.4999999999999996 2375.0000000000005 4.5000000000000009 23875.000000000004 9.5000000000000018 7425.0000000000009 24375.000000000004 2075.0000000000005 0.90000000000000013 0.5169047619047622 0.53333333333334232 14075.000000000002 0.54852983157293755 0.43000000000000121 0.30000000000000476 0.46666666666667606 4.5000000000000009 8075.0000000000009 0.26666666666667105 0.76388888888888895 0.76666666666666849
decision_type=2 2 2 2 2 2 2 2 2 2 2 2 2 2 2 2 2 2 2 2 2 2 2 2 2 2 2 2 2 2
left_child=-1 -2 3 9 5 8 7 29 -5 10 19 12 13 -11 -15 -14 17 -8 -19 -3 -12 22 -17 -13 -18 26 27 -26 -9 -6
right_child=1 2 -4 4 6 -7 16 28 -10 11 20 23 15 14 -16 21 24 18 -20 -21 -22 -23 -24 -25 25 -27 -28 -29 -30 -31
leaf_value=0.041239219977158403 -0.00094341452995242272 -0.0059162356354012799 0.03378149298241459 -0.082097045536884516 0.01725627724797734 0.012028676266457762 -0.0053342149615640926 -0.016885392212067075 0 0.035753147172673548 0.057302110816120404 -0.011243132454910244 -0.0885816057139137 0.039262127268109202 -0.035886795961192965 -0.042081712590360407 0.055946683522520135 0.074338726101093197 0.007185998323135068 0.0601151787030519 -0.010041029072911009 0.0043522178201502622 0.011159971676874086 0.042773822165044648 -0.072316782513024216 -0.05366384566227126 0.021605996341455276 -0.0048369597166286983 -0.047990273729887123 -0.043344575041138991
leaf_weight=5.9424478234723201 3421.81019611191 22.339962173253301 24.088262584060431 5.068731898441909 28.881565193645656 117.51069844886661 11.414219923317434 121.30687263887376 5.0898237703368068 30.021545617841184 22.47208816558123 6.7017418825998929 2.6084371656179419 4.8119545169174698 11.450499482452868 21.608028689399362 3.7367711849510661 10.062811803072693 7.8208108264952889 4.2621882408857337 3.9590103598311535 75.473269630223513 13.843750499188898 21.403688145801425 4.4304135739803341 6.6564414119347921 16.816132897511125 23.964820612221956 17.296468885615468 4.3742137979716054
leaf_count=305 17583 120 118 22 207 619 68 644 25 161 103 42 12 30 64 105 17 47 41 19 33 357 62 123 18 47 101 102 90 29
internal_value=-0.000198298 -0.00026102 0.00332612 0.00213985 -0.00277844 0.00771513 -0.00801658 -0.015025 -0.0413259 0.0100053 0.0259187 0.00547646 0.00116546 0.0184392 -0.0132411 -0.00584252 0.00611197 0.0255458 0.045453 0.00466156 0.0470268 -0.00377381 -0.0211775 0.029722 -0.00406533 -0.0085844 -0.00173324 -0.0157579 -0.0208349 0.00902935
internal_weight=4077.23 4071.29 649.475 625.387 384.431 127.669 256.762 171.859 10.1586 240.956 53.0332 187.923 159.817 46.284 16.2625 113.533 84.9024 29.2978 17.8836 26.6022 26.4311 110.925 35.4518 28.1054 55.6046 51.8678 45.2114 28.3952 138.603 33.2558
internal_count=21314 21009 3426 3308 2077 666 1411 970 47 1231 275 956 791 255 94 536 441 156 88 139 136 524 167 165 285 268 221 120 734 236
is_linear=0
shrinkage=0.05


end of trees

feature_importances:
equipment_diff=322
equipment_value_t=279
equipment_value_ct=277
ct_win_streak=247
score_total=172
damage_diff_actual_lag2=152
round_num_normalized=147
damage_diff_actual_lag1=137
headshot_pct_t_actual_roll5=125
ct_score=124
headshot_pct_ct_actual_roll3=123
damage_diff_actual_lag3=116
headshot_pct_ct_actual_roll5=107
ct_score_pct=98
headshot_pct_t_actual_roll3=98
damage_diff_actual_roll3=91
t_score=90
survivors_diff_actual_lag1=83
damage_diff_actual_roll5=82
headshot_pct_ct_actual_lag2=59
score_diff=57
survivors_diff_actual_roll5=56
headshot_pct_t_actual_lag3=55
kills_diff_actual_lag1=54
survivors_diff_actual_lag2=54
ct_won_prev=53
kills_diff_actual_roll3=53
headshot_pct_ct_actual_lag1=53
headshot_pct_ct_actual_lag3=50
headshot_pct_t_actual_lag1=49
kills_diff_actual_roll5=46
kills_diff_actual_lag2=43
headshot_pct_t_actual_lag2=43
survivors_diff_actual_roll3=41
survivors_diff_actual_lag3=24
map_de_dust2=19
kills_diff_actual_lag3=18
map_de_anubis=16
map_de_train=13
map_de_inferno=10
map_de_nuke=10
map_de_ancient=8
map_de_mirage=8
is_first_half=5
map_de_overpass=5
is_second_half=4
is_overtime=4

parameters:
[boosting: gbdt]
[objective: binary]
[metric: binary_logloss]
[tree_learner: serial]
[device_type: cpu]
[data_sample_strategy: bagging]
[data: ]
[valid: ]
[num_iterations: 126]
[learning_rate: 0.05]
[num_leaves: 31]
[num_threads: 0]
[seed: 42]
[deterministic: 0]
[force_col_wise: 0]
[force_row_wise: 0]
[histogram_pool_size: -1]
[max_depth: -1]
[min_data_in_leaf: 20]
[min_sum_hessian_in_leaf: 0.001]
[bagging_fraction: 0.8]
[pos_bagging_fraction: 1]
[neg_bagging_fraction: 1]
[bagging_freq: 5]
[bagging_seed: 400]
[bagging_by_query: 0]
[feature_fraction: 0.8]
[feature_fraction_bynode: 1]
[feature_fraction_seed: 30056]
[extra_trees: 0]
[extra_seed: 12879]
[early_stopping_round: 0]
[early_stopping_min_delta: 0]
[first_metric_only: 0]
[max_delta_step: 0]
[lambda_l1: 0.1]
[lambda_l2: 0.1]
[linear_lambda: 0]
[min_gain_to_split: 0]
[drop_rate: 0.1]
[max_drop: 50]
[skip_drop: 0.5]
[xgboost_dart_mode: 0]
[uniform_drop: 0]
[drop_seed: 17869]
[top_rate: 0.2]
[other_rate: 0.1]
[min_data_per_group: 100]
[max_cat_threshold: 32]
[cat_l2: 10]
[cat_smooth: 10]
[max_cat_to_onehot: 4]
[top_k: 20]
[monotone_constraints: ]
[monotone_constraints_method: basic]
[monotone_penalty: 0]
[feature_contri: ]
[forcedsplits_filename: ]
[refit_decay_rate: 0.9]
[cegb_tradeoff: 1]
[cegb_penalty_split: 0]
[cegb_penalty_feature_lazy: ]
[cegb_penalty_feature_coupled: ]
[path_smooth: 0]
[interaction_constraints: ]
[verbosity: -1]
[saved_feature_importance_type: 0]
[use_quantized_grad: 0]
[num_grad_quant_bins: 4]
[quant_train_renew_leaf: 0]
[stochastic_rounding: 1]
[linear_tree: 0]
[max_bin: 255]
[max_bin_by_feature: ]
[min_data_in_bin: 3]
[bin_construct_sample_cnt: 200000]
[data_random_seed: 175]
[is_enable_sparse: 1]
[enable_bundle: 1]
[use_missing: 1]
[zero_as_missing: 0]
[feature_pre_filter: 1]
[pre_partition: 0]
[two_round: 0]
[header: 0]
[label_column: ]
[weight_column: ]
[group_column: ]
[ignore_column: ]
[categorical_feature: ]
[forcedbins_filename: ]
[precise_float_parser: 0]
[parser_config_file: ]
[objective_seed: 16083]
[num_class: 1]
[is_unbalance: 0]
[scale_pos_weight: 1]
[sigmoid: 1]
[boost_from_average: 1]
[reg_sqrt: 0]
[alpha: 0.9]
[fair_c: 1]
[poisson_max_delta_step: 0.7]
[tweedie_variance_power: 1.5]
[lambdarank_truncation_level: 30]
[lambdarank_norm: 1]
[label_gain: ]
[lambdarank_position_bias_regularization: 0]
[eval_at: ]
[multi_error_top_k: 1]
[auc_mu_weights: ]
[num_machines: 1]
[local_listen_port: 12400]
[time_out: 120]
[machine_list_filename: ]
[machines: ]
[gpu_platform_id: -1]
[gpu_device_id: -1]
[gpu_use_dp: 0]
[num_gpu: 1]

end of parameters

pandas_categorical:[]
