cluster_k8,kills_per_round,deaths_per_round,adr,first_kill_rate,survival_rate_ratio,multi_kill_rate,headshot_rate,smokes_per_round,flashes_per_round,utility_damage_per_round,flash_assists_per_round,clutch_success_rate,win_rate
0,0.8543571756108937,0.6767910411901382,91.12476584507041,0.1478941201334712,0.33045114695774647,0.2345059554582752,0.5535680563943661,1.269177804965178,1.103733688318006,5.398615816857082,0.022361019589947757,0.02403755868544601,0.5746478873239437
1,0.6110408959149414,0.6027265739547307,68.03157838888889,0.08311678493006938,0.40911476428571425,0.13611953822668807,0.508190255,1.2784554808543944,1.0146895267322307,4.1126515408623465,0.018370680524876438,0.03267195767195767,0.5370370370370371
2,0.5948552792575196,0.5935726369438346,65.48197104195805,0.09299926355928022,0.4118960655944056,0.12810641640812606,0.346631396972028,1.451335194222154,1.5953019663425618,4.731406428208814,0.15758625138281532,0.02808857808857809,0.6153846153846154
3,0.5728201758325315,0.6668855960119919,67.59913570121951,0.06139645861124588,0.34307248749999997,0.12141090766119489,0.4970630115243902,1.8674440308978548,1.6268111702555594,10.47567041516317,0.04683736807940812,0.06402439024390244,0.5426829268292683
4,0.31734496558581227,0.5549146078751341,33.34478304054054,0.02075158797984885,0.560159233918919,0.02951690140763367,0.27560157324324325,1.0094891035051219,0.7674185011856637,2.4761667242073417,0.011074760531282271,0.0,0.40540540540540543
5,0.7314346085722314,0.6011454205434237,75.641149,0.0923143025298255,0.40513425774774775,0.18082412942534815,0.51922564,1.390552444260922,1.2203160675575244,4.58168002274424,0.038785170578507465,0.8635135135135135,0.7117117117117117
6,1.1220248018412398,0.4272996671007753,114.042513,0.1660302811225865,0.6137995174107143,0.3379266722994879,0.5039672139285715,1.3521634851686481,1.1437341400721126,6.075851067921595,0.0286879215575697,0.1461309523809524,0.9017857142857143
7,0.4757869264489467,0.8097434614618665,57.630885578125,0.07549850208063495,0.19436272408072916,0.09067649721769622,0.5681577510677084,1.2833970821019338,1.0601470348118622,3.3790038680458547,0.02159519518836948,0.023003472222222224,0.1328125
