cluster_k7,kills_per_round,deaths_per_round,adr,first_kill_rate,survival_rate_ratio,multi_kill_rate,headshot_rate,smokes_per_round,flashes_per_round,utility_damage_per_round,flash_assists_per_round,clutch_success_rate,win_rate
0,0.7954347318103713,0.5277574128929601,83.45340815688776,0.11767310085988719,0.47978046100765304,0.20583564832793858,0.45896346775765307,1.503488507694303,1.396433942416114,6.58640670485219,0.05429298292588291,0.02516627186588921,0.7436224489795918
1,0.7327931215925619,0.721882063101984,81.2849135545946,0.12662816903569443,0.28218760792396397,0.18422634815578262,0.5438234646818019,1.2694582829738654,1.029263063184878,4.635344251394917,0.01568174309176008,0.024487344487344485,0.3567567567567568
2,0.5308009633503387,0.5655076484023152,59.112434244029075,0.06493784631721222,0.45485096518691587,0.10764010033085233,0.4655810664511942,1.2310482170257275,0.9887256147424939,3.483015267869498,0.02262657908273461,0.02298084689050421,0.5384215991692627
3,0.730165830990999,0.602928648869195,76.4001099308642,0.08912940481470527,0.40177308046666665,0.1835559131997108,0.513868945728395,1.4138237417693433,1.1934052444109946,5.164313584047306,0.036741292768590186,0.8448765432098766,0.6777777777777778
4,0.424477297167275,0.8006146029017782,53.8231564445248,0.06088993323750731,0.20482271844228095,0.0747725677699581,0.552441578312471,1.2631018560125564,0.9857930075010061,3.208900332432341,0.014498024467175415,0.02343532684283727,0.1043115438108484
5,1.0704397869426576,0.5333431349840866,110.36295683705141,0.18572739148342968,0.485859723414161,0.31832310660117613,0.516027353627546,1.2357746089852584,1.0616561605784054,5.320994814616355,0.021151668271901652,0.081393469123828,0.8060135790494666
6,0.5193876573015622,0.6834023214085738,61.52553416807229,0.06894625081725635,0.32120200567650603,0.10382767156378045,0.4771328387439759,1.71744061028002,1.5977795814563063,6.419203095359745,0.0791653456291008,0.02759036144578313,0.38373493975903616
