cluster_k3,kills_per_round,deaths_per_round,adr,first_kill_rate,survival_rate_ratio,multi_kill_rate,headshot_rate,smokes_per_round,flashes_per_round,utility_damage_per_round,flash_assists_per_round,clutch_success_rate,win_rate
0,0.5185191476299126,0.7490931150922987,61.87760818298599,0.07862633798570644,0.2583536232429413,0.10707797011475527,0.5412966997586838,1.2604597858766864,0.9921588959603685,3.6409344106557797,0.015370108047805848,0.045463954421906885,0.21165955718058094
1,0.5738430625662175,0.5991122963478641,64.0813072109471,0.07324177735430841,0.4105692848216482,0.12248625138738684,0.45251389367835176,1.5808001116297783,1.4567506733759337,5.820728199330152,0.06728135062900983,0.09816352330189967,0.5470479704797048
2,0.8947485630635313,0.5819397696626852,93.59074734434968,0.14530524579923726,0.4279633889805437,0.24689042794090013,0.5119963153336887,1.3059576390188208,1.1109389374561554,5.4083262316543825,0.024524403280056138,0.1261311427556097,0.6966950959488273
