cluster_k8,kills_per_round,deaths_per_round,adr,first_kill_rate,survival_rate_ratio,multi_kill_rate,headshot_rate,smokes_per_round,flashes_per_round,utility_damage_per_round,flash_assists_per_round,clutch_success_rate,win_rate
0,0.7197861921807029,0.6074828249121142,75.73462144757033,0.08700353423856948,0.39683785440537084,0.17942824543828162,0.5162902346035806,1.4069527057742997,1.183575442547521,5.1228925397326925,0.03641192267774156,0.8514705882352942,0.6687979539641944
1,0.5939255052398745,0.5207479162814322,63.48128936193182,0.07275157413235678,0.5001096908465908,0.12790857656802276,0.44589117912897724,1.2487014716504474,1.0291469356009966,3.676513454527121,0.02720131440389211,0.024684343434343434,0.6556818181818181
2,0.45391379370410034,0.6981612040788966,54.91649366508152,0.058601724475089996,0.30728414278057065,0.08305051449147857,0.43848331722486417,1.5995019863588258,1.4812052282628745,4.836770877466913,0.07505058771512005,0.026834239130434784,0.3063858695652174
3,0.884908092267848,0.6399433729082099,93.19979058934707,0.15750549529752886,0.3662593787600229,0.24398258604143613,0.5093915492537229,1.2504006729052213,1.0508865588390535,4.83997393842618,0.018280924446907328,0.030008045600829106,0.6156930126002291
4,0.392003779911534,0.7963120710252479,50.466314542540246,0.05451257065901126,0.21189755011270126,0.06318337254700894,0.5591101570721526,1.2186776136351223,0.9268545401964768,2.9079686756221834,0.010836200064963067,0.02102961637845359,0.09660107334525939
5,0.6448903522852975,0.7403490544849279,74.04850149456944,0.10630806351705127,0.26345253324980605,0.15040727564237566,0.5583399450065942,1.2973123308992291,1.036919231989414,4.435100618052283,0.014631194302769266,0.023888950459935717,0.2692009309542281
6,1.1115958670266546,0.4411669873813916,113.35686874390242,0.1760752075489004,0.5844198379420731,0.3348381213586019,0.5021538972637195,1.3015620124236285,1.1666270598798816,5.942717785652567,0.035365431533406926,0.12103658536585367,0.8948170731707317
7,0.7208496266318122,0.5967305227427494,79.42814621098725,0.10518633100322938,0.40805828777866243,0.17895287164816714,0.49967787847531847,1.7263711929795946,1.6282941896828578,8.669988555047707,0.0705803421006853,0.030931528662420382,0.6281847133757962
