cluster_k4,kills_per_round,deaths_per_round,adr,first_kill_rate,survival_rate_ratio,multi_kill_rate,headshot_rate,smokes_per_round,flashes_per_round,utility_damage_per_round,flash_assists_per_round,clutch_success_rate,win_rate
0,0.8913739854725942,0.5865978746880257,93.7893594141504,0.14899782276453452,0.42371112500148017,0.24530233273363625,0.5107083245831853,1.3032721711558728,1.1132932449051265,5.450940425919238,0.024713976347584692,0.026147833319236514,0.6737714624037893
1,0.515776802672092,0.7548871714267734,61.763021148071736,0.07857912063189935,0.25254510829864957,0.10628546806070106,0.5443922426692495,1.2548878248140118,0.9825491692809621,3.59591854070865,0.014592892185947753,0.022681510062515155,0.19858313039628073
2,0.7564272643761183,0.5945878373461516,78.84474761026202,0.09458228899652618,0.41010395460698695,0.19341094515244536,0.5142766066703057,1.4138964301558576,1.1989056563483644,5.3537891487184135,0.036277767143799475,0.8181404657933041,0.6910480349344978
3,0.5591115202493521,0.6044740616357748,62.94690267426188,0.07238481841619929,0.40599075098202825,0.11743127633405955,0.4499740558398588,1.5661257129709196,1.4418862541143138,5.643535481927174,0.06542080053333486,0.02442055341606048,0.522785622593068
