cluster_k5,kills_per_round,deaths_per_round,adr,first_kill_rate,survival_rate_ratio,multi_kill_rate,headshot_rate,smokes_per_round,flashes_per_round,utility_damage_per_round,flash_assists_per_round,clutch_success_rate,win_rate
0,0.7565011303781415,0.5934731114697727,78.63040202721089,0.09427368601170712,0.41135128729365084,0.19334379484972175,0.5144073655895691,1.4109540874076911,1.1974424657995983,5.330528855701947,0.03711058936713086,0.8274943310657596,0.6938775510204082
1,0.5956031920456846,0.5516045246968576,64.44072540129189,0.0751872693411601,0.46590063819136057,0.13032866376634927,0.4493449358098506,1.2554271768007934,1.041027887023311,3.7082227033180564,0.027423171847916362,0.022699950657156954,0.5914412595882116
2,0.9270047350598658,0.5966424434922722,97.49097257354576,0.16018350823598437,0.4136533511578362,0.26063761667659785,0.5169743250759541,1.306509946747907,1.1254246681530995,5.61659476902362,0.02484475809299912,0.030935178814022832,0.675064838829196
3,0.5095148747119076,0.7794589242911394,61.637950933256306,0.07979313287226665,0.2257362963135504,0.10387021747338755,0.5538563092253151,1.2689930554421474,1.0017535848290542,3.609468166496147,0.015527505591310263,0.024015856342537015,0.1565126050420168
4,0.5779439521307935,0.6556290045707316,66.64299691120816,0.07999476379024235,0.3492784617127608,0.12588596762032034,0.4785326438258127,1.7143173348200558,1.6026322982050873,6.964837497616341,0.07745661106154608,0.026815461749959565,0.45608927704997576
