cluster_k7,kills_per_round,deaths_per_round,adr,first_kill_rate,survival_rate_ratio,multi_kill_rate,headshot_rate,smokes_per_round,flashes_per_round,utility_damage_per_round,flash_assists_per_round,clutch_success_rate,win_rate
0,0.4702852551325501,0.8068767108251108,57.13341341116751,0.07225657668698912,0.19716798643908628,0.0879267274717743,0.5660103690101522,1.3091431554687125,1.0689003195431246,3.48059582088112,0.021935112130423904,0.02326565143824027,0.14213197969543148
1,0.5729959512263978,0.6367467683354809,66.21953991629955,0.07086142783679968,0.3722801716299559,0.12021494734736983,0.4299507738325991,1.7223489368302345,1.7051448447334712,8.40246299191538,0.10269825108958648,0.03502202643171806,0.5947136563876652
2,1.1066760998179892,0.43162709101230246,112.57979310743802,0.1640028950492208,0.6074148331404958,0.3317787897752076,0.4971197261983471,1.3628884478880763,1.14258857503438,6.027284522226383,0.032662212183619185,0.12699724517906336,0.9008264462809917
3,0.33454470559145,0.5435262886965484,35.44152192134831,0.029973089926465024,0.5546476921348314,0.033595864694572916,0.27928734539325845,1.0584630187692625,0.8617977958317216,2.5896437503289635,0.026758676962418446,0.0,0.42696629213483145
4,0.6131044597178937,0.6041991428636226,68.35354849748744,0.08326444279899137,0.4072163828894473,0.13738289647138138,0.5051230242211056,1.2890093541214147,1.0214729893844017,4.211783976478628,0.020313920030860175,0.03396147403685092,0.5326633165829145
5,0.735664500893712,0.6024557906127515,75.81338494117647,0.09191925974634418,0.4035664961344538,0.18314564623165694,0.5191058108403361,1.4139378863046177,1.2412207048240806,4.716777588484547,0.044337694791983816,0.8502801120448179,0.6974789915966386
6,0.8464192692634089,0.6802045787122717,90.44706608579088,0.14882992452099458,0.3264716430563003,0.2314122880701453,0.5466947455951743,1.270143959824016,1.1268705375262729,5.521306864811943,0.0270214931173899,0.024843610366398566,0.5683646112600537
