cluster_k3,kills_per_round,deaths_per_round,adr,first_kill_rate,survival_rate_ratio,multi_kill_rate,headshot_rate,smokes_per_round,flashes_per_round,utility_damage_per_round,flash_assists_per_round,clutch_success_rate,win_rate
0,0.5472156597014263,0.6119430498252809,61.52843381445783,0.06558397184448442,0.4083818975180723,0.11212718780477288,0.41673771081927713,1.601133873574432,1.501483250761384,6.851152467451625,0.07740184860011727,0.08072289156626505,0.5590361445783133
1,0.5281646541170327,0.7365646491582769,61.815147916886545,0.08243202796960622,0.2742263107216359,0.10815681411234897,0.5436433462796834,1.2394432320000137,0.9902885877175476,3.614211951265051,0.017099159146515133,0.04281002638522428,0.2704485488126649
2,0.9103567330999179,0.5778450624937597,94.69330194890512,0.14043242173678888,0.4371916976642336,0.25427198778019894,0.5243008401952555,1.3083354449189573,1.1386637822137846,5.388187329839962,0.030375547598182548,0.16514598540145986,0.7445255474452555
