cluster_k5,kills_per_round,deaths_per_round,adr,first_kill_rate,survival_rate_ratio,multi_kill_rate,headshot_rate,smokes_per_round,flashes_per_round,utility_damage_per_round,flash_assists_per_round,clutch_success_rate,win_rate
0,0.5817116080450857,0.6416555787253416,66.95509452830188,0.07334195758971705,0.3664276752075472,0.12305049616117969,0.4353891529056604,1.7065458064148042,1.657101773555899,8.174776578621621,0.09805840788632621,0.04006289308176101,0.5622641509433962
1,0.9236241194368977,0.5931577816027035,96.82364579493087,0.1513551301853156,0.4232277605529954,0.2621804213759429,0.5306348230576037,1.2848180860126721,1.1114992445366394,5.566432929406831,0.025881456929500953,0.0379416282642089,0.7235023041474654
2,0.5152468278079663,0.5776279028148383,56.65221128342246,0.06580789303230519,0.4560964478074866,0.10482536501776471,0.4379038522459893,1.2402785705595734,0.9770234159654462,3.591086722391327,0.02087333352849479,0.023128342245989305,0.5106951871657754
3,0.7850958985172023,0.5779960178400488,80.16253239370079,0.09660128214277038,0.4288048553543307,0.19829844623194973,0.5248137547244094,1.4195982255468482,1.2690457552670606,5.150179557498853,0.043806811568733485,0.8505249343832021,0.7322834645669292
4,0.5353221874397933,0.7908328761800791,63.62568265451056,0.08570735612335294,0.21324493511900194,0.10954591898602085,0.5686058360460652,1.2801103707136952,1.05497858080196,3.7547805511125274,0.02138312414538409,0.024376199616122838,0.18809980806142035
