cluster_k4,kills_per_round,deaths_per_round,adr,first_kill_rate,survival_rate_ratio,multi_kill_rate,headshot_rate,smokes_per_round,flashes_per_round,utility_damage_per_round,flash_assists_per_round,clutch_success_rate,win_rate
0,0.9005715175931379,0.5903193699211713,94.8328559025845,0.14456070586936423,0.42489534115308153,0.25150447972117906,0.5212246750238569,1.2975672469754134,1.121998769339938,5.761049049370862,0.027971731642617584,0.03462557985420809,0.7176938369781312
1,0.7687377085526628,0.5812892370195516,79.45094236619718,0.09255829368905275,0.4250780309859155,0.19327686247625842,0.5221795859859155,1.4465238421372333,1.3007616021379855,5.460116310115637,0.04708268850305451,0.817018779342723,0.7323943661971831
2,0.5258759604874704,0.7514272613612032,61.81586598776758,0.0817396548962296,0.25619628586697246,0.10700899793120491,0.5576495171865444,1.2365423048124256,0.980916704379821,3.5038957212013058,0.016019356022430632,0.021941896024464832,0.2308868501529052
3,0.5219139578505347,0.6114320386935863,58.93738135308057,0.06479323594766111,0.4153726856872038,0.10407759460023819,0.4059629618720379,1.550130267880431,1.4387417015711936,6.092027488786763,0.07226670204637714,0.020537124802527645,0.542654028436019
