cluster_k6,kills_per_round,deaths_per_round,adr,first_kill_rate,survival_rate_ratio,multi_kill_rate,headshot_rate,smokes_per_round,flashes_per_round,utility_damage_per_round,flash_assists_per_round,clutch_success_rate,win_rate
0,0.7350676546630773,0.6001172475172775,76.79606466987953,0.09014423026977372,0.40457841047951804,0.18502812789148634,0.513229727686747,1.4069077434105752,1.1889779887050282,5.123601359117078,0.03661698922197061,0.8393775100401606,0.6771084337349398
1,0.7301750002791924,0.7162124030488998,81.21886201081811,0.12617055552618817,0.28799469123799865,0.18329336813811622,0.5461395073739013,1.2797225749988974,1.038362538356083,4.771627861448416,0.015575308997013166,0.022172317202743166,0.3654496281271129
2,0.5816399833347216,0.5343999493474015,62.6782809520751,0.07254442729601912,0.48480357804347823,0.12471529650919018,0.43626098742045455,1.2564543975839189,1.0503195556599743,3.6880677500455037,0.03038766808989761,0.02465963987703118,0.6230237154150198
3,0.5833530687863493,0.6487871270452227,67.00551482689167,0.08009816430116898,0.35622756902558517,0.12741797103614363,0.474618049425694,1.7305909346858246,1.6323262882362002,7.078070556336206,0.08160862051367083,0.026737434222464163,0.47414262384322264
4,1.0013686047134922,0.5259547226463595,103.26849331933292,0.16746204139486645,0.48861385887584935,0.2902320760277864,0.4989688593730698,1.3259213771750062,1.1743395513364094,5.889134861723216,0.030885486467658478,0.05710976793435101,0.8072884496602841
5,0.42717770703438096,0.7814647836078897,53.794874237999245,0.05916566229466954,0.22503878742384353,0.07509273745826066,0.5465330932060924,1.2876945427747348,1.0176684103516829,3.300763372547616,0.018275446226232842,0.023517613137771093,0.13275667544189546
